"EDITAR";"C_ORDEN";"FECHA";"PROGRAMA";"GENERO";"SDIAS";"RATING";"MILES";"INVERSION_TOTAL";"OBSERVACIONES";"F_CREACION";"C_USUARIO";"CORRELATIVO";"REVISION";"PERIODO";
"
";"AUROCO00053";"07/07/10";"HOMBRES TRABAJANDO PARA ELLAS";"MAGAZINE";"D";"0";"0";"40";"";"06/07/10";"AUROCO";"1";"0";"09:00:00"
"
";"AUROCO00053";"07/07/10";"HOMBRES TRABAJANDO PARA ELLAS";"MAGAZINE";"D";"0";"0";"40";"";"06/07/10";"AUROCO";"2";"0";"09:00:00"
"
";"AUROCO00053";"09/07/10";"HOMBRES TRABAJANDO PARA ELLAS";"MAGAZINE";"D";"0";"0";"40";"";"06/07/10";"AUROCO";"3";"0";"09:00:00"
"
";"AUROCO00053";"13/07/10";"HOMBRES TRABAJANDO PARA ELLAS";"MAGAZINE";"D";"0";"0";"40";"";"06/07/10";"AUROCO";"4";"0";"09:00:00"
"
";"AUROCO00053";"13/07/10";"HOMBRES TRABAJANDO PARA ELLAS";"MAGAZINE";"D";"0";"0";"40";"";"06/07/10";"AUROCO";"5";"0";"09:00:00"
"
";"AUROCO00053";"15/07/10";"HOMBRES TRABAJANDO PARA ELLAS";"MAGAZINE";"D";"0";"0";"40";"";"06/07/10";"AUROCO";"6";"0";"09:00:00"
"
";"AUROCO00053";"16/07/10";"HOMBRES TRABAJANDO PARA ELLAS";"MAGAZINE";"D";"0";"0";"40";"";"06/07/10";"AUROCO";"7";"0";"09:00:00"
"
";"AUROCO00053";"16/07/10";"HOMBRES TRABAJANDO PARA ELLAS";"MAGAZINE";"D";"0";"0";"40";"";"06/07/10";"AUROCO";"8";"0";"09:00:00"
"
";"AUROCO00053";"19/07/10";"HOMBRES TRABAJANDO PARA ELLAS";"MAGAZINE";"D";"0";"0";"40";"";"06/07/10";"AUROCO";"9";"0";"09:00:00"
"
";"AUROCO00053";"21/07/10";"HOMBRES TRABAJANDO PARA ELLAS";"MAGAZINE";"D";"0";"0";"40";"";"06/07/10";"AUROCO";"10";"0";"09:00:00"
"
";"AUROCO00053";"21/07/10";"HOMBRES TRABAJANDO PARA ELLAS";"MAGAZINE";"D";"0";"0";"40";"";"06/07/10";"AUROCO";"11";"0";"09:00:00"
"
";"AUROCO00054";"07/07/10";"HOMBRES TRABAJANDO PARA ELLAS";"MAGAZINE";"D";"0";"0";"40";"";"06/07/10";"AUROCO";"1";"0";"09:00:00"
"
";"AUROCO00054";"09/07/10";"HOMBRES TRABAJANDO PARA ELLAS";"MAGAZINE";"D";"0";"0";"40";"";"06/07/10";"AUROCO";"2";"0";"09:00:00"
"
";"AUROCO00054";"09/07/10";"HOMBRES TRABAJANDO PARA ELLAS";"MAGAZINE";"D";"0";"0";"40";"";"06/07/10";"AUROCO";"3";"0";"09:00:00"
"
";"AUROCO00054";"13/07/10";"HOMBRES TRABAJANDO PARA ELLAS";"MAGAZINE";"D";"0";"0";"40";"";"06/07/10";"AUROCO";"4";"0";"09:00:00"
"
";"AUROCO00054";"15/07/10";"HOMBRES TRABAJANDO PARA ELLAS";"MAGAZINE";"D";"0";"0";"40";"";"06/07/10";"AUROCO";"5";"0";"09:00:00"
"
";"AUROCO00054";"15/07/10";"HOMBRES TRABAJANDO PARA ELLAS";"MAGAZINE";"D";"0";"0";"40";"";"06/07/10";"AUROCO";"6";"0";"09:00:00"
"
";"AUROCO00054";"16/07/10";"HOMBRES TRABAJANDO PARA ELLAS";"MAGAZINE";"D";"0";"0";"40";"";"06/07/10";"AUROCO";"7";"0";"09:00:00"
"
";"AUROCO00054";"19/07/10";"HOMBRES TRABAJANDO PARA ELLAS";"MAGAZINE";"D";"0";"0";"40";"";"06/07/10";"AUROCO";"8";"0";"09:00:00"
"
";"AUROCO00054";"19/07/10";"HOMBRES TRABAJANDO PARA ELLAS";"MAGAZINE";"D";"0";"0";"40";"";"06/07/10";"AUROCO";"9";"0";"09:00:00"
"
";"AUROCO00054";"21/07/10";"HOMBRES TRABAJANDO PARA ELLAS";"MAGAZINE";"D";"0";"0";"40";"";"06/07/10";"AUROCO";"10";"0";"09:00:00"
"
";"AUROCO00028";"01/07/10";"PRIMERA NOTICIA";"NOTICIERO";"L-V";"0";"0";"0";"";"13/07/10";"AUROCO";"1";"0";"07:00:00"
"
";"AUROCO00028";"02/07/10";"PRIMERA NOTICIA";"NOTICIERO";"L-V";"0";"0";"0";"";"13/07/10";"AUROCO";"2";"0";"07:00:00"
"
";"AUROCO00028";"05/07/10";"PRIMERA NOTICIA";"NOTICIERO";"L-V";"0";"0";"0";"";"13/07/10";"AUROCO";"3";"0";"07:00:00"
"
";"AUROCO00028";"06/07/10";"PRIMERA NOTICIA";"NOTICIERO";"L-V";"0";"0";"0";"";"13/07/10";"AUROCO";"4";"0";"07:00:00"
"
";"AUROCO00028";"07/07/10";"PRIMERA NOTICIA";"NOTICIERO";"L-V";"0";"0";"0";"";"13/07/10";"AUROCO";"5";"0";"07:00:00"
"
";"AUROCO00028";"08/07/10";"PRIMERA NOTICIA";"NOTICIERO";"L-V";"0";"0";"0";"";"13/07/10";"AUROCO";"6";"0";"07:00:00"
"
";"AUROCO00028";"09/07/10";"PRIMERA NOTICIA";"NOTICIERO";"L-V";"0";"0";"0";"";"13/07/10";"AUROCO";"7";"0";"07:00:00"
"
";"AUROCO00028";"12/07/10";"PRIMERA NOTICIA";"NOTICIERO";"L-V";"0";"0";"0";"";"13/07/10";"AUROCO";"8";"0";"07:00:00"
"
";"AUROCO00028";"12/07/10";"PRIMERA NOTICIA";"NOTICIERO";"L-V";"0";"0";"0";"";"13/07/10";"AUROCO";"9";"0";"07:00:00"
"
";"AUROCO00028";"13/07/10";"PRIMERA NOTICIA";"NOTICIERO";"L-V";"0";"0";"0";"";"13/07/10";"AUROCO";"10";"0";"07:00:00"
"
";"AUROCO00028";"14/07/10";"PRIMERA NOTICIA";"NOTICIERO";"L-V";"0";"0";"0";"";"13/07/10";"AUROCO";"11";"0";"07:00:00"
"
";"AUROCO00028";"15/07/10";"PRIMERA NOTICIA";"NOTICIERO";"L-V";"0";"0";"0";"";"13/07/10";"AUROCO";"12";"0";"07:00:00"
"
";"AUROCO00028";"16/07/10";"PRIMERA NOTICIA";"NOTICIERO";"L-V";"0";"0";"0";"";"13/07/10";"AUROCO";"13";"0";"07:00:00"
"
";"AUROCO00026";"04/07/10";"FUTBOL EN AMERI-D-NO";"Deportivos";"D";"4,2";"252,9";"360";"";"25/06/10";"AUROCO";"1";"0";""
"
";"AUROCO00026";"04/07/10";"FUTBOL EN AMERI-D-NO";"Deportivos";"D";"4,2";"252,9";"360";"";"25/06/10";"AUROCO";"2";"0";""
"
";"AUROCO00026";"11/07/10";"FUTBOL EN AMERI-D-NO";"Deportivos";"D";"4,2";"252,9";"360";"";"25/06/10";"AUROCO";"3";"0";""
"
";"AUROCO00026";"18/07/10";"FUTBOL EN AMERI-D-NO";"Deportivos";"D";"4,2";"252,9";"360";"";"25/06/10";"AUROCO";"4";"0";""
"
";"AUROCO00026";"18/07/10";"FUTBOL EN AMERI-D-NO";"Deportivos";"D";"4,2";"252,9";"360";"";"25/06/10";"AUROCO";"5";"0";""
"
";"AUROCO00027";"02/07/10";"BUENOS DIAS PERU-MA";"Noticieros";"LMWJV";",9";"51,3";"0";"";"25/06/10";"AUROCO";"1";"0";""
"
";"AUROCO00027";"05/07/10";"BUENOS DIAS PERU-MA";"Noticieros";"LMWJV";",9";"51,3";"0";"";"25/06/10";"AUROCO";"2";"0";""
"
";"AUROCO00027";"07/07/10";"BUENOS DIAS PERU-MA";"Noticieros";"LMWJV";",9";"51,3";"0";"";"25/06/10";"AUROCO";"3";"0";""
"
";"AUROCO00027";"09/07/10";"BUENOS DIAS PERU-MA";"Noticieros";"LMWJV";",9";"51,3";"0";"";"25/06/10";"AUROCO";"4";"0";""
"
";"AUROCO00027";"12/07/10";"BUENOS DIAS PERU-MA";"Noticieros";"LMWJV";",9";"51,3";"0";"";"25/06/10";"AUROCO";"5";"0";""
"
";"AUROCO00027";"12/07/10";"BUENOS DIAS PERU-MA";"Noticieros";"LMWJV";",9";"51,3";"0";"";"25/06/10";"AUROCO";"6";"0";""
"
";"AUROCO00027";"14/07/10";"BUENOS DIAS PERU-MA";"Noticieros";"LMWJV";",9";"51,3";"0";"";"25/06/10";"AUROCO";"7";"0";""
"
";"AUROCO00027";"16/07/10";"BUENOS DIAS PERU-MA";"Noticieros";"LMWJV";",9";"51,3";"0";"";"25/06/10";"AUROCO";"8";"0";""
"
";"AUROCO00027";"03/07/10";"BUENOS DIAS PERU-SA";"Noticieros";"S";"1,2";"65";"0";"";"25/06/10";"AUROCO";"1";"0";""
"
";"AUROCO00027";"10/07/10";"BUENOS DIAS PERU-SA";"Noticieros";"S";"1,2";"65";"0";"";"25/06/10";"AUROCO";"2";"0";""
"
";"AUROCO00027";"17/07/10";"BUENOS DIAS PERU-SA";"Noticieros";"S";"1,2";"65";"0";"";"25/06/10";"AUROCO";"3";"0";""
"
";"AUROCO00027";"04/07/10";"TELEDEPORTES-NO";"Deportivos";"D";",8";"49,5";"66,666";"";"25/06/10";"AUROCO";"1";"0";""
"
";"AUROCO00027";"04/07/10";"TELEDEPORTES-NO";"Deportivos";"D";",8";"49,5";"66,666";"";"25/06/10";"AUROCO";"2";"0";""
"
";"AUROCO00027";"04/07/10";"TELEDEPORTES-NO";"Deportivos";"D";",8";"49,5";"66,666";"";"25/06/10";"AUROCO";"3";"0";""
"
";"AUROCO00027";"11/07/10";"TELEDEPORTES-NO";"Deportivos";"D";",8";"49,5";"66,666";"";"25/06/10";"AUROCO";"4";"0";""
"
";"AUROCO00027";"11/07/10";"TELEDEPORTES-NO";"Deportivos";"D";",8";"49,5";"66,666";"";"25/06/10";"AUROCO";"5";"0";""
"
";"AUROCO00027";"11/07/10";"TELEDEPORTES-NO";"Deportivos";"D";",8";"49,5";"66,666";"";"25/06/10";"AUROCO";"6";"0";""
"
";"AUROCO00027";"18/07/10";"TELEDEPORTES-NO";"Deportivos";"D";",8";"49,5";"66,666";"";"25/06/10";"AUROCO";"7";"0";""
"
";"AUROCO00027";"18/07/10";"TELEDEPORTES-NO";"Deportivos";"D";",8";"49,5";"66,666";"";"25/06/10";"AUROCO";"8";"0";""
"
";"AUROCO00027";"18/07/10";"TELEDEPORTES-NO";"Deportivos";"D";",8";"49,5";"66,666";"";"25/06/10";"AUROCO";"9";"0";""
"
";"AUROCO00027";"04/07/10";"FUTBOL DE PRIMERA-NO";"Deportivos";"D";",7";"44,8";"66,666";"";"25/06/10";"AUROCO";"1";"0";""
"
";"AUROCO00027";"11/07/10";"FUTBOL DE PRIMERA-NO";"Deportivos";"D";",7";"44,8";"66,666";"";"25/06/10";"AUROCO";"2";"0";""
"
";"AUROCO00027";"18/07/10";"FUTBOL DE PRIMERA-NO";"Deportivos";"D";",7";"44,8";"66,666";"";"25/06/10";"AUROCO";"3";"0";""
"
";"AUROCO00078";"19/07/10";"AMOR AMOR AMOR-TA";"Lima";"LMWJV";"6,6";"0";"30";"";"16/07/10";"AUROCO";"1";"0";"12:59"
"
";"AUROCO00078";"21/07/10";"AMOR AMOR AMOR-TA";"Lima";"LMWJV";"6,6";"0";"30";"";"16/07/10";"AUROCO";"3";"0";"12:59"
"
";"AUROCO00078";"22/07/10";"AMOR AMOR AMOR-TA";"Lima";"LMWJV";"6,6";"0";"30";"";"16/07/10";"AUROCO";"4";"0";"12:59"
"
";"AUROCO00078";"26/07/10";"AMOR AMOR AMOR-TA";"Lima";"LMWJV";"6,6";"0";"30";"";"16/07/10";"AUROCO";"6";"0";"12:59"
"
";"AUROCO00078";"27/07/10";"AMOR AMOR AMOR-TA";"Lima";"LMWJV";"6,6";"0";"30";"";"16/07/10";"AUROCO";"7";"0";"12:59"
"
";"AUROCO00028";"01/07/10";"EL DEPORTIVO-NO";"Deportivos";"LMWJV";"2,7";"162";"216,666";"";"25/06/10";"AUROCO";"1";"0";""
"
";"AUROCO00028";"02/07/10";"EL DEPORTIVO-NO";"Deportivos";"LMWJV";"2,7";"162";"216,666";"";"25/06/10";"AUROCO";"2";"0";""
"
";"AUROCO00028";"05/07/10";"EL DEPORTIVO-NO";"Deportivos";"LMWJV";"2,7";"162";"216,666";"";"25/06/10";"AUROCO";"3";"0";""
"
";"AUROCO00028";"06/07/10";"EL DEPORTIVO-NO";"Deportivos";"LMWJV";"2,7";"162";"216,666";"";"25/06/10";"AUROCO";"4";"0";""
"
";"AUROCO00028";"07/07/10";"EL DEPORTIVO-NO";"Deportivos";"LMWJV";"2,7";"162";"216,666";"";"25/06/10";"AUROCO";"5";"0";""
"
";"AUROCO00028";"08/07/10";"EL DEPORTIVO-NO";"Deportivos";"LMWJV";"2,7";"162";"216,666";"";"25/06/10";"AUROCO";"6";"0";""
"
";"AUROCO00028";"09/07/10";"EL DEPORTIVO-NO";"Deportivos";"LMWJV";"2,7";"162";"216,666";"";"25/06/10";"AUROCO";"7";"0";""
"
";"AUROCO00028";"12/07/10";"EL DEPORTIVO-NO";"Deportivos";"LMWJV";"2,7";"162";"216,666";"";"25/06/10";"AUROCO";"8";"0";""
"
";"AUROCO00028";"12/07/10";"EL DEPORTIVO-NO";"Deportivos";"LMWJV";"2,7";"162";"216,666";"";"25/06/10";"AUROCO";"9";"0";""
"
";"AUROCO00028";"13/07/10";"EL DEPORTIVO-NO";"Deportivos";"LMWJV";"2,7";"162";"216,666";"";"25/06/10";"AUROCO";"10";"0";""
"
";"AUROCO00028";"14/07/10";"EL DEPORTIVO-NO";"Deportivos";"LMWJV";"2,7";"162";"216,666";"";"25/06/10";"AUROCO";"11";"0";""
"
";"AUROCO00028";"15/07/10";"EL DEPORTIVO-NO";"Deportivos";"LMWJV";"2,7";"162";"216,666";"";"25/06/10";"AUROCO";"12";"0";""
"
";"AUROCO00028";"16/07/10";"EL DEPORTIVO-NO";"Deportivos";"LMWJV";"2,7";"162";"216,666";"";"25/06/10";"AUROCO";"13";"0";""
"
";"AUROCO00028";"03/07/10";"CINEMA 9-S-TA1";"Peliculas/Cine";"S";"1,9";"115,1";"0";"";"25/06/10";"AUROCO";"1";"0";""
"
";"AUROCO00028";"03/07/10";"CINEMA 9-S-TA1";"Peliculas/Cine";"S";"1,9";"115,1";"0";"";"25/06/10";"AUROCO";"2";"0";""
"
";"AUROCO00028";"10/07/10";"CINEMA 9-S-TA1";"Peliculas/Cine";"S";"1,9";"115,1";"0";"";"25/06/10";"AUROCO";"3";"0";""
"
";"AUROCO00028";"17/07/10";"CINEMA 9-S-TA1";"Peliculas/Cine";"S";"1,9";"115,1";"0";"";"25/06/10";"AUROCO";"4";"0";""
"
";"AUROCO00028";"04/07/10";"CINEMA ATV-D-TA";"Peliculas/Cine";"D";"2,5";"149,2";"0";"";"25/06/10";"AUROCO";"1";"0";""
"
";"AUROCO00028";"11/07/10";"CINEMA ATV-D-TA";"Peliculas/Cine";"D";"2,5";"149,2";"0";"";"25/06/10";"AUROCO";"2";"0";""
"
";"AUROCO00028";"18/07/10";"CINEMA ATV-D-TA";"Peliculas/Cine";"D";"2,5";"149,2";"0";"";"25/06/10";"AUROCO";"3";"0";""
"
";"AUROCO00029";"02/07/10";"A PRIMERA HORA-MA";"Noticieros";"LMWJV";"1,7";"103,8";"30";"";"30/06/10";"AUROCO";"3";"0";"00:00:00"
"
";"AUROCO00029";"05/07/10";"A PRIMERA HORA-MA";"Noticieros";"LMWJV";"1,7";"103,8";"30";"";"30/06/10";"AUROCO";"4";"0";"00:00:00"
"
";"AUROCO00029";"02/07/10";"A PRIMERA HORA-MA";"Noticieros";"LMWJV";"1,7";"103,8";"30";"";"30/06/10";"AUROCO";"1";"0";"00:00:00"
"
";"AUROCO00029";"05/07/10";"A PRIMERA HORA-MA";"Noticieros";"LMWJV";"1,7";"103,8";"30";"";"30/06/10";"AUROCO";"5";"0";"00:00:00"
"
";"AUROCO00029";"05/07/10";"A PRIMERA HORA-MA";"Noticieros";"LMWJV";"1,7";"103,8";"30";"";"30/06/10";"AUROCO";"6";"0";"00:00:00"
"
";"AUROCO00029";"02/07/10";"A PRIMERA HORA-MA";"Noticieros";"LMWJV";"1,7";"103,8";"30";"";"30/06/10";"AUROCO";"2";"0";"00:00:00"
"
";"AUROCO00029";"07/07/10";"A PRIMERA HORA-MA";"Noticieros";"LMWJV";"1,7";"103,8";"30";"";"30/06/10";"AUROCO";"7";"0";"00:00:00"
"
";"AUROCO00029";"07/07/10";"A PRIMERA HORA-MA";"Noticieros";"LMWJV";"1,7";"103,8";"30";"";"30/06/10";"AUROCO";"8";"0";"00:00:00"
"
";"AUROCO00029";"07/07/10";"A PRIMERA HORA-MA";"Noticieros";"LMWJV";"1,7";"103,8";"30";"";"30/06/10";"AUROCO";"9";"0";"00:00:00"
"
";"AUROCO00029";"09/07/10";"A PRIMERA HORA-MA";"Noticieros";"LMWJV";"1,7";"103,8";"30";"";"30/06/10";"AUROCO";"10";"0";"00:00:00"
"
";"AUROCO00029";"09/07/10";"A PRIMERA HORA-MA";"Noticieros";"LMWJV";"1,7";"103,8";"30";"";"30/06/10";"AUROCO";"11";"0";"00:00:00"
"
";"AUROCO00029";"09/07/10";"A PRIMERA HORA-MA";"Noticieros";"LMWJV";"1,7";"103,8";"30";"";"30/06/10";"AUROCO";"12";"0";"00:00:00"
"
";"AUROCO00029";"12/07/10";"A PRIMERA HORA-MA";"Noticieros";"LMWJV";"1,7";"103,8";"30";"";"30/06/10";"AUROCO";"13";"0";"00:00:00"
"
";"AUROCO00029";"12/07/10";"A PRIMERA HORA-MA";"Noticieros";"LMWJV";"1,7";"103,8";"30";"";"30/06/10";"AUROCO";"14";"0";"00:00:00"
"
";"AUROCO00029";"12/07/10";"A PRIMERA HORA-MA";"Noticieros";"LMWJV";"1,7";"103,8";"30";"";"30/06/10";"AUROCO";"15";"0";"00:00:00"
"
";"AUROCO00029";"14/07/10";"A PRIMERA HORA-MA";"Noticieros";"LMWJV";"1,7";"103,8";"30";"";"30/06/10";"AUROCO";"16";"0";"00:00:00"
"
";"AUROCO00029";"14/07/10";"A PRIMERA HORA-MA";"Noticieros";"LMWJV";"1,7";"103,8";"30";"";"30/06/10";"AUROCO";"17";"0";"00:00:00"
"
";"AUROCO00029";"14/07/10";"A PRIMERA HORA-MA";"Noticieros";"LMWJV";"1,7";"103,8";"30";"";"30/06/10";"AUROCO";"18";"0";"00:00:00"
"
";"AUROCO00029";"16/07/10";"A PRIMERA HORA-MA";"Noticieros";"LMWJV";"1,7";"103,8";"30";"";"30/06/10";"AUROCO";"19";"0";"00:00:00"
"
";"AUROCO00029";"16/07/10";"A PRIMERA HORA-MA";"Noticieros";"LMWJV";"1,7";"103,8";"30";"";"30/06/10";"AUROCO";"20";"0";"00:00:00"
"
";"AUROCO00029";"16/07/10";"A PRIMERA HORA-MA";"Noticieros";"LMWJV";"1,7";"103,8";"30";"";"30/06/10";"AUROCO";"21";"0";"00:00:00"
"
";"AUROCO00029";"19/07/10";"A PRIMERA HORA-MA";"Noticieros";"LMWJV";"1,7";"103,8";"30";"";"30/06/10";"AUROCO";"22";"0";"00:00:00"
"
";"AUROCO00029";"19/07/10";"A PRIMERA HORA-MA";"Noticieros";"LMWJV";"1,7";"103,8";"30";"";"30/06/10";"AUROCO";"23";"0";"00:00:00"
"
";"AUROCO00029";"19/07/10";"A PRIMERA HORA-MA";"Noticieros";"LMWJV";"1,7";"103,8";"30";"";"30/06/10";"AUROCO";"24";"0";"00:00:00"
"
";"AUROCO00029";"21/07/10";"A PRIMERA HORA-MA";"Noticieros";"LMWJV";"1,7";"103,8";"30";"";"30/06/10";"AUROCO";"25";"0";"00:00:00"
"
";"AUROCO00029";"21/07/10";"A PRIMERA HORA-MA";"Noticieros";"LMWJV";"1,7";"103,8";"30";"";"30/06/10";"AUROCO";"26";"0";"00:00:00"
"
";"AUROCO00029";"21/07/10";"A PRIMERA HORA-MA";"Noticieros";"LMWJV";"1,7";"103,8";"30";"";"30/06/10";"AUROCO";"27";"0";"00:00:00"
"
";"AUROCO00029";"23/07/10";"A PRIMERA HORA-MA";"Noticieros";"LMWJV";"1,7";"103,8";"30";"";"30/06/10";"AUROCO";"28";"0";"00:00:00"
"
";"AUROCO00029";"23/07/10";"A PRIMERA HORA-MA";"Noticieros";"LMWJV";"1,7";"103,8";"30";"";"30/06/10";"AUROCO";"29";"0";"00:00:00"
"
";"AUROCO00029";"23/07/10";"A PRIMERA HORA-MA";"Noticieros";"LMWJV";"1,7";"103,8";"30";"";"30/06/10";"AUROCO";"30";"0";"00:00:00"
"
";"AUROCO00029";"26/07/10";"A PRIMERA HORA-MA";"Noticieros";"LMWJV";"1,7";"103,8";"30";"";"30/06/10";"AUROCO";"31";"0";"00:00:00"
"
";"AUROCO00029";"26/07/10";"A PRIMERA HORA-MA";"Noticieros";"LMWJV";"1,7";"103,8";"30";"";"30/06/10";"AUROCO";"32";"0";"00:00:00"
"
";"AUROCO00029";"26/07/10";"A PRIMERA HORA-MA";"Noticieros";"LMWJV";"1,7";"103,8";"30";"";"30/06/10";"AUROCO";"33";"0";"00:00:00"
"
";"AUROCO00030";"02/07/10";"TRECE HORAS";"Series";"LMWJV";"0";"0";"22";"";"30/06/10";"AUROCO";"1";"0";"00:00:00"
"
";"AUROCO00030";"06/07/10";"TRECE HORAS";"Series";"LMWJV";"0";"0";"22";"";"30/06/10";"AUROCO";"2";"0";"00:00:00"
"
";"AUROCO00030";"08/07/10";"TRECE HORAS";"Series";"LMWJV";"0";"0";"22";"";"30/06/10";"AUROCO";"3";"0";"00:00:00"
"
";"AUROCO00030";"13/07/10";"TRECE HORAS";"Series";"LMWJV";"0";"0";"22";"";"30/06/10";"AUROCO";"4";"0";"00:00:00"
"
";"AUROCO00030";"15/07/10";"TRECE HORAS";"Series";"LMWJV";"0";"0";"22";"";"30/06/10";"AUROCO";"5";"0";"00:00:00"
"
";"AUROCO00030";"20/07/10";"TRECE HORAS";"Series";"LMWJV";"0";"0";"22";"";"30/06/10";"AUROCO";"6";"0";"00:00:00"
"
";"AUROCO00030";"22/07/10";"TRECE HORAS";"Series";"LMWJV";"0";"0";"22";"";"30/06/10";"AUROCO";"7";"0";"00:00:00"
"
";"AUROCO00030";"03/07/10";"LO MEJOR DE TRECE HORAS";"Series";"SD";"0";"0";"0";"";"30/06/10";"AUROCO";"1";"0";"00:00:00"
"
";"AUROCO00030";"10/07/10";"LO MEJOR DE TRECE HORAS";"Series";"SD";"0";"0";"0";"";"30/06/10";"AUROCO";"2";"0";"00:00:00"
"
";"AUROCO00078";"28/07/10";"AMOR AMOR AMOR-TA";"Lima";"LMWJV";"6,6";"0";"30";"";"16/07/10";"AUROCO";"8";"0";"12:59"
"
";"AUROCO00078";"29/07/10";"AMOR AMOR AMOR-TA";"Lima";"LMWJV";"6,6";"0";"30";"";"16/07/10";"AUROCO";"9";"0";"12:59"
"
";"AUROCO00078";"19/07/10";"COMPLICES-TA";"Lima";"LMWJV";"3,5";"0";"30";"";"16/07/10";"AUROCO";"1";"0";"14:39"
"
";"AUROCO00078";"20/07/10";"COMPLICES-TA";"Lima";"LMWJV";"3,5";"0";"30";"";"16/07/10";"AUROCO";"2";"0";"14:39"
"
";"AUROCO00000";"30/06/10";"AL FONDO HAY SITIO-NO";"Comedias";"LMWJV";"11,3";"677,3";"2000";"";"21/06/10";"AUROCO";"1";"0";""
"
";"AUROCO00002";"02/07/10";"AL FONDO HAY SITIO-NO";"Comedias";"LMWJV";"11,3";"677,3";"2000";"";"21/06/10";"AUROCO";"1";"0";""
"
";"AUROCO00002";"06/07/10";"AL FONDO HAY SITIO-NO";"Comedias";"LMWJV";"11,3";"677,3";"2000";"";"21/06/10";"AUROCO";"2";"0";""
"
";"AUROCO00002";"08/07/10";"AL FONDO HAY SITIO-NO";"Comedias";"LMWJV";"11,3";"677,3";"2000";"";"21/06/10";"AUROCO";"3";"0";""
"
";"AUROCO00002";"13/07/10";"AL FONDO HAY SITIO-NO";"Comedias";"LMWJV";"11,3";"677,3";"2000";"";"21/06/10";"AUROCO";"4";"0";""
"
";"AUROCO00003";"23/06/10";"HABACILAR-TA";"Concurso";"LMWJV";"4,7";"281";"550";"";"21/06/10";"AUROCO";"1";"0";""
"
";"AUROCO00003";"23/06/10";"HABACILAR-TA";"Concurso";"LMWJV";"4,7";"281";"550";"";"21/06/10";"AUROCO";"2";"0";""
"
";"AUROCO00003";"24/06/10";"HABACILAR-TA";"Concurso";"LMWJV";"4,7";"281";"550";"";"21/06/10";"AUROCO";"3";"0";""
"
";"AUROCO00003";"24/06/10";"HABACILAR-TA";"Concurso";"LMWJV";"4,7";"281";"550";"";"21/06/10";"AUROCO";"4";"0";""
"
";"AUROCO00003";"24/06/10";"HABACILAR-TA";"Concurso";"LMWJV";"4,7";"281";"550";"";"21/06/10";"AUROCO";"5";"0";""
"
";"AUROCO00004";"28/06/10";"A PRIMERA HORA-MA";"Noticieros";"LMWJV";"1,7";"103,8";"40";"";"22/06/10";"AUROCO";"1";"0";""
"
";"AUROCO00004";"28/06/10";"A PRIMERA HORA-MA";"Noticieros";"LMWJV";"1,7";"103,8";"40";"";"22/06/10";"AUROCO";"2";"0";""
"
";"AUROCO00004";"28/06/10";"A PRIMERA HORA-MA";"Noticieros";"LMWJV";"1,7";"103,8";"40";"";"22/06/10";"AUROCO";"3";"0";""
"
";"AUROCO00004";"28/06/10";"A PRIMERA HORA-MA";"Noticieros";"LMWJV";"1,7";"103,8";"40";"";"22/06/10";"AUROCO";"4";"0";""
"
";"AUROCO00004";"29/06/10";"A PRIMERA HORA-MA";"Noticieros";"LMWJV";"1,7";"103,8";"40";"";"22/06/10";"AUROCO";"5";"0";""
"
";"AUROCO00004";"29/06/10";"A PRIMERA HORA-MA";"Noticieros";"LMWJV";"1,7";"103,8";"40";"";"22/06/10";"AUROCO";"6";"0";""
"
";"AUROCO00004";"29/06/10";"A PRIMERA HORA-MA";"Noticieros";"LMWJV";"1,7";"103,8";"40";"";"22/06/10";"AUROCO";"7";"0";""
"
";"AUROCO00004";"29/06/10";"A PRIMERA HORA-MA";"Noticieros";"LMWJV";"1,7";"103,8";"40";"";"22/06/10";"AUROCO";"8";"0";""
"
";"AUROCO00004";"30/06/10";"A PRIMERA HORA-MA";"Noticieros";"LMWJV";"1,7";"103,8";"40";"";"22/06/10";"AUROCO";"9";"0";""
"
";"AUROCO00004";"30/06/10";"A PRIMERA HORA-MA";"Noticieros";"LMWJV";"1,7";"103,8";"40";"";"22/06/10";"AUROCO";"10";"0";""
"
";"AUROCO00004";"30/06/10";"A PRIMERA HORA-MA";"Noticieros";"LMWJV";"1,7";"103,8";"40";"";"22/06/10";"AUROCO";"11";"0";""
"
";"AUROCO00004";"30/06/10";"A PRIMERA HORA-MA";"Noticieros";"LMWJV";"1,7";"103,8";"40";"";"22/06/10";"AUROCO";"12";"0";""
"
";"AUROCO00004";"26/06/10";"TARDES DE CINE-S-TA";"Peliculas/Cine";"S";"2,1";"126,1";"40";"";"22/06/10";"AUROCO";"1";"0";""
"
";"AUROCO00004";"27/06/10";"AYER Y HOY-D-TA";"Noticieros";"D";"2,3";"140,3";"40";"";"22/06/10";"AUROCO";"2";"0";""
"
";"AUROCO00004";"26/06/10";"FUNCION ESTELAR-S-TA";"Peliculas/Cine";"S";"2,3";"134,8";"40";"";"22/06/10";"AUROCO";"1";"0";""
"
";"AUROCO00004";"27/06/10";"AYER Y HOY-D-TA";"Noticieros";"D";"2,3";"140,3";"40";"";"22/06/10";"AUROCO";"1";"0";""
"
";"AUROCO00005";"01/07/10";"A PRIMERA HORA-MA";"Noticieros";"LMWJV";"1,7";"103,8";"40";"";"22/06/10";"AUROCO";"1";"0";""
"
";"AUROCO00005";"01/07/10";"A PRIMERA HORA-MA";"Noticieros";"LMWJV";"1,7";"103,8";"40";"";"22/06/10";"AUROCO";"2";"0";""
"
";"AUROCO00005";"01/07/10";"A PRIMERA HORA-MA";"Noticieros";"LMWJV";"1,7";"103,8";"40";"";"22/06/10";"AUROCO";"3";"0";""
"
";"AUROCO00005";"01/07/10";"A PRIMERA HORA-MA";"Noticieros";"LMWJV";"1,7";"103,8";"40";"";"22/06/10";"AUROCO";"4";"0";""
"
";"AUROCO00005";"01/07/10";"A PRIMERA HORA-MA";"Noticieros";"LMWJV";"1,7";"103,8";"40";"";"22/06/10";"AUROCO";"5";"0";""
"
";"AUROCO00005";"02/07/10";"A PRIMERA HORA-MA";"Noticieros";"LMWJV";"1,7";"103,8";"40";"";"22/06/10";"AUROCO";"6";"0";""
"
";"AUROCO00005";"02/07/10";"A PRIMERA HORA-MA";"Noticieros";"LMWJV";"1,7";"103,8";"40";"";"22/06/10";"AUROCO";"7";"0";""
"
";"AUROCO00005";"02/07/10";"A PRIMERA HORA-MA";"Noticieros";"LMWJV";"1,7";"103,8";"40";"";"22/06/10";"AUROCO";"8";"0";""
"
";"AUROCO00005";"02/07/10";"A PRIMERA HORA-MA";"Noticieros";"LMWJV";"1,7";"103,8";"40";"";"22/06/10";"AUROCO";"9";"0";""
"
";"AUROCO00005";"02/07/10";"A PRIMERA HORA-MA";"Noticieros";"LMWJV";"1,7";"103,8";"40";"";"22/06/10";"AUROCO";"10";"0";""
"
";"AUROCO00005";"05/07/10";"A PRIMERA HORA-MA";"Noticieros";"LMWJV";"1,7";"103,8";"40";"";"22/06/10";"AUROCO";"11";"0";""
"
";"AUROCO00005";"05/07/10";"A PRIMERA HORA-MA";"Noticieros";"LMWJV";"1,7";"103,8";"40";"";"22/06/10";"AUROCO";"12";"0";""
"
";"AUROCO00005";"05/07/10";"A PRIMERA HORA-MA";"Noticieros";"LMWJV";"1,7";"103,8";"40";"";"22/06/10";"AUROCO";"13";"0";""
"
";"AUROCO00005";"05/07/10";"A PRIMERA HORA-MA";"Noticieros";"LMWJV";"1,7";"103,8";"40";"";"22/06/10";"AUROCO";"14";"0";""
"
";"AUROCO00005";"05/07/10";"A PRIMERA HORA-MA";"Noticieros";"LMWJV";"1,7";"103,8";"40";"";"22/06/10";"AUROCO";"15";"0";""
"
";"AUROCO00005";"06/07/10";"A PRIMERA HORA-MA";"Noticieros";"LMWJV";"1,7";"103,8";"40";"";"22/06/10";"AUROCO";"16";"0";""
"
";"AUROCO00005";"06/07/10";"A PRIMERA HORA-MA";"Noticieros";"LMWJV";"1,7";"103,8";"40";"";"22/06/10";"AUROCO";"17";"0";""
"
";"AUROCO00005";"06/07/10";"A PRIMERA HORA-MA";"Noticieros";"LMWJV";"1,7";"103,8";"40";"";"22/06/10";"AUROCO";"18";"0";""
"
";"AUROCO00005";"06/07/10";"A PRIMERA HORA-MA";"Noticieros";"LMWJV";"1,7";"103,8";"40";"";"22/06/10";"AUROCO";"19";"0";""
"
";"AUROCO00005";"06/07/10";"A PRIMERA HORA-MA";"Noticieros";"LMWJV";"1,7";"103,8";"40";"";"22/06/10";"AUROCO";"20";"0";""
"
";"AUROCO00005";"07/07/10";"A PRIMERA HORA-MA";"Noticieros";"LMWJV";"1,7";"103,8";"40";"";"22/06/10";"AUROCO";"21";"0";""
"
";"AUROCO00005";"07/07/10";"A PRIMERA HORA-MA";"Noticieros";"LMWJV";"1,7";"103,8";"40";"";"22/06/10";"AUROCO";"22";"0";""
"
";"AUROCO00005";"07/07/10";"A PRIMERA HORA-MA";"Noticieros";"LMWJV";"1,7";"103,8";"40";"";"22/06/10";"AUROCO";"23";"0";""
"
";"AUROCO00005";"07/07/10";"A PRIMERA HORA-MA";"Noticieros";"LMWJV";"1,7";"103,8";"40";"";"22/06/10";"AUROCO";"24";"0";""
"
";"AUROCO00005";"07/07/10";"A PRIMERA HORA-MA";"Noticieros";"LMWJV";"1,7";"103,8";"40";"";"22/06/10";"AUROCO";"25";"0";""
"
";"AUROCO00005";"08/07/10";"A PRIMERA HORA-MA";"Noticieros";"LMWJV";"1,7";"103,8";"40";"";"22/06/10";"AUROCO";"26";"0";""
"
";"AUROCO00005";"08/07/10";"A PRIMERA HORA-MA";"Noticieros";"LMWJV";"1,7";"103,8";"40";"";"22/06/10";"AUROCO";"27";"0";""
"
";"AUROCO00005";"08/07/10";"A PRIMERA HORA-MA";"Noticieros";"LMWJV";"1,7";"103,8";"40";"";"22/06/10";"AUROCO";"28";"0";""
"
";"AUROCO00005";"08/07/10";"A PRIMERA HORA-MA";"Noticieros";"LMWJV";"1,7";"103,8";"40";"";"22/06/10";"AUROCO";"29";"0";""
"
";"AUROCO00005";"08/07/10";"A PRIMERA HORA-MA";"Noticieros";"LMWJV";"1,7";"103,8";"40";"";"22/06/10";"AUROCO";"30";"0";""
"
";"AUROCO00005";"09/07/10";"A PRIMERA HORA-MA";"Noticieros";"LMWJV";"1,7";"103,8";"40";"";"22/06/10";"AUROCO";"31";"0";""
"
";"AUROCO00005";"09/07/10";"A PRIMERA HORA-MA";"Noticieros";"LMWJV";"1,7";"103,8";"40";"";"22/06/10";"AUROCO";"32";"0";""
"
";"AUROCO00005";"09/07/10";"A PRIMERA HORA-MA";"Noticieros";"LMWJV";"1,7";"103,8";"40";"";"22/06/10";"AUROCO";"33";"0";""
"
";"AUROCO00005";"09/07/10";"A PRIMERA HORA-MA";"Noticieros";"LMWJV";"1,7";"103,8";"40";"";"22/06/10";"AUROCO";"34";"0";""
"
";"AUROCO00005";"09/07/10";"A PRIMERA HORA-MA";"Noticieros";"LMWJV";"1,7";"103,8";"40";"";"22/06/10";"AUROCO";"35";"0";""
"
";"AUROCO00005";"12/07/10";"A PRIMERA HORA-MA";"Noticieros";"LMWJV";"1,7";"103,8";"40";"";"22/06/10";"AUROCO";"36";"0";""
"
";"AUROCO00005";"12/07/10";"A PRIMERA HORA-MA";"Noticieros";"LMWJV";"1,7";"103,8";"40";"";"22/06/10";"AUROCO";"37";"0";""
"
";"AUROCO00005";"12/07/10";"A PRIMERA HORA-MA";"Noticieros";"LMWJV";"1,7";"103,8";"40";"";"22/06/10";"AUROCO";"38";"0";""
"
";"AUROCO00005";"13/07/10";"A PRIMERA HORA-MA";"Noticieros";"LMWJV";"1,7";"103,8";"40";"";"22/06/10";"AUROCO";"41";"0";""
"
";"AUROCO00005";"13/07/10";"A PRIMERA HORA-MA";"Noticieros";"LMWJV";"1,7";"103,8";"40";"";"22/06/10";"AUROCO";"42";"0";""
"
";"AUROCO00005";"13/07/10";"A PRIMERA HORA-MA";"Noticieros";"LMWJV";"1,7";"103,8";"40";"";"22/06/10";"AUROCO";"43";"0";""
"
";"AUROCO00005";"14/07/10";"A PRIMERA HORA-MA";"Noticieros";"LMWJV";"1,7";"103,8";"40";"";"22/06/10";"AUROCO";"46";"0";""
"
";"AUROCO00005";"14/07/10";"A PRIMERA HORA-MA";"Noticieros";"LMWJV";"1,7";"103,8";"40";"";"22/06/10";"AUROCO";"47";"0";""
"
";"AUROCO00005";"14/07/10";"A PRIMERA HORA-MA";"Noticieros";"LMWJV";"1,7";"103,8";"40";"";"22/06/10";"AUROCO";"48";"0";""
"
";"AUROCO00005";"15/07/10";"A PRIMERA HORA-MA";"Noticieros";"LMWJV";"1,7";"103,8";"40";"";"22/06/10";"AUROCO";"51";"0";""
"
";"AUROCO00005";"15/07/10";"A PRIMERA HORA-MA";"Noticieros";"LMWJV";"1,7";"103,8";"40";"";"22/06/10";"AUROCO";"52";"0";""
"
";"AUROCO00005";"15/07/10";"A PRIMERA HORA-MA";"Noticieros";"LMWJV";"1,7";"103,8";"40";"";"22/06/10";"AUROCO";"53";"0";""
"
";"AUROCO00005";"12/07/10";"VIRGENES DE LA CUMBIA";"NOVELA";"D";"0";"0";"40";"";"09/07/10";"AUROCO";"1";"0";"11:30:00"
"
";"AUROCO00005";"13/07/10";"VIRGENES DE LA CUMBIA";"NOVELA";"D";"0";"0";"40";"";"09/07/10";"AUROCO";"2";"0";"11:30:00"
"
";"AUROCO00005";"16/07/10";"A PRIMERA HORA-MA";"Noticieros";"LMWJV";"1,7";"103,8";"40";"";"22/06/10";"AUROCO";"56";"0";""
"
";"AUROCO00005";"16/07/10";"A PRIMERA HORA-MA";"Noticieros";"LMWJV";"1,7";"103,8";"40";"";"22/06/10";"AUROCO";"57";"0";""
"
";"AUROCO00005";"16/07/10";"A PRIMERA HORA-MA";"Noticieros";"LMWJV";"1,7";"103,8";"40";"";"22/06/10";"AUROCO";"58";"0";""
"
";"AUROCO00005";"14/07/10";"VIRGENES DE LA CUMBIA";"NOVELA";"D";"0";"0";"40";"";"09/07/10";"AUROCO";"3";"0";"11:30:00"
"
";"AUROCO00005";"15/07/10";"VIRGENES DE LA CUMBIA";"NOVELA";"D";"0";"0";"40";"";"09/07/10";"AUROCO";"4";"0";"11:30:00"
"
";"AUROCO00005";"03/07/10";"TARDES DE CINE-S-TA";"Peliculas/Cine";"S";"2,1";"126,1";"40";"";"22/06/10";"AUROCO";"1";"0";""
"
";"AUROCO00005";"10/07/10";"TARDES DE CINE-S-TA";"Peliculas/Cine";"S";"2,1";"126,1";"40";"";"22/06/10";"AUROCO";"2";"0";""
"
";"AUROCO00005";"17/07/10";"TARDES DE CINE-S-TA";"Peliculas/Cine";"S";"2,1";"126,1";"40";"";"22/06/10";"AUROCO";"3";"0";""
"
";"AUROCO00005";"24/07/10";"TARDES DE CINE-S-TA";"Peliculas/Cine";"S";"2,1";"126,1";"40";"";"22/06/10";"AUROCO";"4";"0";""
"
";"AUROCO00005";"03/07/10";"FUNCION ESTELAR-S-TA";"Peliculas/Cine";"S";"2,3";"134,8";"40";"";"22/06/10";"AUROCO";"1";"0";""
"
";"AUROCO00005";"10/07/10";"FUNCION ESTELAR-S-TA";"Peliculas/Cine";"S";"2,3";"134,8";"40";"";"22/06/10";"AUROCO";"2";"0";""
"
";"AUROCO00005";"17/07/10";"FUNCION ESTELAR-S-TA";"Peliculas/Cine";"S";"2,3";"134,8";"40";"";"22/06/10";"AUROCO";"3";"0";""
"
";"AUROCO00005";"24/07/10";"FUNCION ESTELAR-S-TA";"Peliculas/Cine";"S";"2,3";"134,8";"40";"";"22/06/10";"AUROCO";"4";"0";""
"
";"AUROCO00005";"04/07/10";"AYER Y HOY-D-TA";"Noticieros";"D";"2,3";"140,3";"40";"";"22/06/10";"AUROCO";"1";"0";""
"
";"AUROCO00005";"04/07/10";"AYER Y HOY-D-TA";"Noticieros";"D";"2,3";"140,3";"40";"";"22/06/10";"AUROCO";"2";"0";""
"
";"AUROCO00005";"11/07/10";"AYER Y HOY-D-TA";"Noticieros";"D";"2,3";"140,3";"40";"";"22/06/10";"AUROCO";"3";"0";""
"
";"AUROCO00005";"11/07/10";"AYER Y HOY-D-TA";"Noticieros";"D";"2,3";"140,3";"40";"";"22/06/10";"AUROCO";"4";"0";""
"
";"AUROCO00005";"18/07/10";"AYER Y HOY-D-TA";"Noticieros";"D";"2,3";"140,3";"40";"";"22/06/10";"AUROCO";"5";"0";""
"
";"AUROCO00005";"18/07/10";"AYER Y HOY-D-TA";"Noticieros";"D";"2,3";"140,3";"40";"";"22/06/10";"AUROCO";"6";"0";""
"
";"AUROCO00005";"25/07/10";"AYER Y HOY-D-TA";"Noticieros";"D";"2,3";"140,3";"40";"";"22/06/10";"AUROCO";"7";"0";""
"
";"AUROCO00005";"25/07/10";"AYER Y HOY-D-TA";"Noticieros";"D";"2,3";"140,3";"40";"";"22/06/10";"AUROCO";"8";"0";""
"
";"AUROCO00006";"28/06/10";"A PRIMERA HORA-MA";"Noticieros";"LMWJV";"1,7";"103,8";"20";"";"24/06/10";"AUROCO";"1";"0";""
"
";"AUROCO00006";"28/06/10";"A PRIMERA HORA-MA";"Noticieros";"LMWJV";"1,7";"103,8";"20";"";"24/06/10";"AUROCO";"2";"0";""
"
";"AUROCO00006";"29/06/10";"A PRIMERA HORA-MA";"Noticieros";"LMWJV";"1,7";"103,8";"20";"";"24/06/10";"AUROCO";"3";"0";""
"
";"AUROCO00006";"29/06/10";"A PRIMERA HORA-MA";"Noticieros";"LMWJV";"1,7";"103,8";"20";"";"24/06/10";"AUROCO";"4";"0";""
"
";"AUROCO00006";"30/06/10";"A PRIMERA HORA-MA";"Noticieros";"LMWJV";"1,7";"103,8";"20";"";"24/06/10";"AUROCO";"5";"0";""
"
";"AUROCO00006";"30/06/10";"A PRIMERA HORA-MA";"Noticieros";"LMWJV";"1,7";"103,8";"20";"";"24/06/10";"AUROCO";"6";"0";""
"
";"AUROCO00020";"29/06/10";"CENTRAL DEPORTIVA PRIMERA EDICION";"Series";"LMWJV";"0";"0";"19,333";"";"25/06/10";"AUROCO";"1";"0";""
"
";"AUROCO00020";"30/06/10";"CENTRAL DEPORTIVA PRIMERA EDICION";"Series";"LMWJV";"0";"0";"19,333";"";"25/06/10";"AUROCO";"2";"0";""
"
";"AUROCO00020";"30/06/10";"CENTRAL DEPORTIVA SEGUNDA EDICION";"Series";"LMWJV";"0";"0";"19,333";"";"25/06/10";"AUROCO";"2";"0";""
"
";"AUROCO00020";"29/06/10";"CENTRAL DEPORTIVA TERCERA EDICION";"Series";"LMWJV";"0";"0";"45,666";"";"25/06/10";"AUROCO";"1";"0";""
"
";"AUROCO00020";"29/06/10";"CENTRAL DEPORTIVA SEGUNDA EDICION";"Series";"LMWJV";"0";"0";"19,333";"";"25/06/10";"AUROCO";"1";"0";""
"
";"AUROCO00020";"30/06/10";"CENTRAL DEPORTIVA TERCERA EDICION";"Series";"LMWJV";"0";"0";"45,666";"";"25/06/10";"AUROCO";"2";"0";""
"
";"AUROCO00023";"01/07/10";"A PRIMERA HORA-MA";"Noticieros";"LMWJV";"1,7";"103,8";"20";"";"25/06/10";"AUROCO";"1";"0";""
"
";"AUROCO00023";"02/07/10";"A PRIMERA HORA-MA";"Noticieros";"LMWJV";"1,7";"103,8";"20";"";"25/06/10";"AUROCO";"2";"0";""
"
";"AUROCO00023";"05/07/10";"A PRIMERA HORA-MA";"Noticieros";"LMWJV";"1,7";"103,8";"20";"";"25/06/10";"AUROCO";"3";"0";""
"
";"AUROCO00023";"06/07/10";"A PRIMERA HORA-MA";"Noticieros";"LMWJV";"1,7";"103,8";"20";"";"25/06/10";"AUROCO";"4";"0";""
"
";"AUROCO00023";"07/07/10";"A PRIMERA HORA-MA";"Noticieros";"LMWJV";"1,7";"103,8";"20";"";"25/06/10";"AUROCO";"5";"0";""
"
";"AUROCO00023";"08/07/10";"A PRIMERA HORA-MA";"Noticieros";"LMWJV";"1,7";"103,8";"20";"";"25/06/10";"AUROCO";"6";"0";""
"
";"AUROCO00023";"09/07/10";"A PRIMERA HORA-MA";"Noticieros";"LMWJV";"1,7";"103,8";"20";"";"25/06/10";"AUROCO";"7";"0";""
"
";"AUROCO00023";"12/07/10";"A PRIMERA HORA-MA";"Noticieros";"LMWJV";"1,7";"103,8";"20";"";"25/06/10";"AUROCO";"8";"0";""
"
";"AUROCO00023";"12/07/10";"A PRIMERA HORA-MA";"Noticieros";"LMWJV";"1,7";"103,8";"20";"";"25/06/10";"AUROCO";"9";"0";""
"
";"AUROCO00023";"13/07/10";"A PRIMERA HORA-MA";"Noticieros";"LMWJV";"1,7";"103,8";"20";"";"25/06/10";"AUROCO";"10";"0";""
"
";"AUROCO00023";"14/07/10";"A PRIMERA HORA-MA";"Noticieros";"LMWJV";"1,7";"103,8";"20";"";"25/06/10";"AUROCO";"11";"0";""
"
";"AUROCO00023";"15/07/10";"A PRIMERA HORA-MA";"Noticieros";"LMWJV";"1,7";"103,8";"20";"";"25/06/10";"AUROCO";"12";"0";""
"
";"AUROCO00023";"16/07/10";"A PRIMERA HORA-MA";"Noticieros";"LMWJV";"1,7";"103,8";"20";"";"25/06/10";"AUROCO";"13";"0";""
"
";"AUROCO00023";"03/07/10";"SABADOS DE 90 SEGUNDOS-S-MA";"Noticieros";"S";"2,4";"145,5";"20";"";"25/06/10";"AUROCO";"1";"0";""
"
";"AUROCO00023";"03/07/10";"SABADOS DE 90 SEGUNDOS-S-MA";"Noticieros";"S";"2,4";"145,5";"20";"";"25/06/10";"AUROCO";"2";"0";""
"
";"AUROCO00023";"10/07/10";"SABADOS DE 90 SEGUNDOS-S-MA";"Noticieros";"S";"2,4";"145,5";"20";"";"25/06/10";"AUROCO";"3";"0";""
"
";"AUROCO00023";"10/07/10";"SABADOS DE 90 SEGUNDOS-S-MA";"Noticieros";"S";"2,4";"145,5";"20";"";"25/06/10";"AUROCO";"4";"0";""
"
";"AUROCO00023";"17/07/10";"SABADOS DE 90 SEGUNDOS-S-MA";"Noticieros";"S";"2,4";"145,5";"20";"";"25/06/10";"AUROCO";"5";"0";""
"
";"AUROCO00023";"17/07/10";"SABADOS DE 90 SEGUNDOS-S-MA";"Noticieros";"S";"2,4";"145,5";"20";"";"25/06/10";"AUROCO";"6";"0";""
"
";"AUROCO00136";"06/08/10";"AL FONDO HAY SITIO-NO";"Lima";"LMWJV";"36,6";"0";"1333,333";"";"05/08/10";"AUROCO";"1";"0";"19:58"
"
";"AUROCO00136";"09/08/10";"AL FONDO HAY SITIO-NO";"Lima";"LMWJV";"36,6";"0";"1333,333";"";"05/08/10";"AUROCO";"2";"0";"19:58"
"
";"AUROCO00136";"13/08/10";"AL FONDO HAY SITIO-NO";"Lima";"LMWJV";"36,6";"0";"1333,333";"";"05/08/10";"AUROCO";"3";"0";"19:58"
"
";"AUROCO00136";"16/08/10";"AL FONDO HAY SITIO-NO";"Lima";"LMWJV";"36,6";"0";"1333,333";"";"05/08/10";"AUROCO";"4";"0";"19:58"
"
";"AUROCO00136";"20/08/10";"AL FONDO HAY SITIO-NO";"Lima";"LMWJV";"36,6";"0";"1333,333";"";"05/08/10";"AUROCO";"5";"0";"19:58"
"
";"AUROCO00136";"14/08/10";"RECARGADOS DE RISA-S-NO";"Lima";"S";"17,6";"0";"720";"";"05/08/10";"AUROCO";"1";"0";"19:55"
"
";"AUROCO00136";"08/08/10";"CUARTO PODER-D-NO";"Lima";"D";"14,1";"0";"1066,666";"";"05/08/10";"AUROCO";"1";"0";"19:58"
"
";"AUROCO00081";"03/08/10";"AMERICA NOTICIAS-NO";"Lima";"LMWJV";"18,5";"0";"1066,67";"";"05/08/10";"AUROCO";"2";"0";"21:58"
"
";"AUROCO00137";"24/08/10";"A PRIMERA HORA-MA";"Lima";"LMWJV";"4,8";"0";"20";"";"05/08/10";"AUROCO";"1";"0";"05:34"
"
";"AUROCO00137";"24/08/10";"A PRIMERA HORA-MA";"Lima";"LMWJV";"4,8";"0";"20";"";"05/08/10";"AUROCO";"2";"0";"05:34"
"
";"AUROCO00137";"26/08/10";"A PRIMERA HORA-MA";"Lima";"LMWJV";"4,8";"0";"20";"";"05/08/10";"AUROCO";"3";"0";"05:34"
"
";"AUROCO00005";"16/07/10";"VIRGENES DE LA CUMBIA";"NOVELA";"D";"0";"0";"40";"";"09/07/10";"AUROCO";"5";"0";"11:30:00"
"
";"AUROCO00068";"17/07/10";"EL GRAN SHOW";"REALITY";"D";"0";"0";"1133,333";"";"09/07/10";"AUROCO";"1";"0";"22:00:00"
"
";"AUROCO00068";"24/07/10";"EL GRAN SHOW";"REALITY";"D";"0";"0";"1133,333";"";"09/07/10";"AUROCO";"2";"0";"22:00:00"
"
";"AUROCO00137";"26/08/10";"A PRIMERA HORA-MA";"Lima";"LMWJV";"4,8";"0";"20";"";"05/08/10";"AUROCO";"4";"0";"05:34"
"
";"AUROCO00137";"06/08/10";"COMPLICES-TA";"Lima";"LMWJV";"3,5";"0";"20";"";"05/08/10";"AUROCO";"1";"0";"14:39"
"
";"AUROCO00137";"13/08/10";"COMPLICES-TA";"Lima";"LMWJV";"3,5";"0";"20";"";"05/08/10";"AUROCO";"2";"0";"14:39"
"
";"AUROCO00137";"20/08/10";"COMPLICES-TA";"Lima";"LMWJV";"3,5";"0";"20";"";"05/08/10";"AUROCO";"3";"0";"14:39"
"
";"AUROCO00137";"24/08/10";"COMPLICES-TA";"Lima";"LMWJV";"3,5";"0";"20";"";"05/08/10";"AUROCO";"4";"0";"14:39"
"
";"AUROCO00137";"26/08/10";"COMPLICES-TA";"Lima";"LMWJV";"3,5";"0";"20";"";"05/08/10";"AUROCO";"5";"0";"14:39"
"
";"AUROCO00059";"12/07/10";"BUENOS DIAS PERU";"NOTICIERO";"D";"0";"0";"40,4";"";"07/07/10";"AUROCO";"1";"0";"06:00:00"
"
";"AUROCO00059";"12/07/10";"BUENOS DIAS PERU";"NOTICIERO";"D";"0";"0";"40,4";"";"07/07/10";"AUROCO";"2";"0";"06:00:00"
"
";"AUROCO00059";"14/07/10";"BUENOS DIAS PERU";"NOTICIERO";"D";"0";"0";"40,4";"";"07/07/10";"AUROCO";"3";"0";"06:00:00"
"
";"AUROCO00059";"16/07/10";"BUENOS DIAS PERU";"NOTICIERO";"D";"0";"0";"40,4";"";"07/07/10";"AUROCO";"4";"0";"06:00:00"
"
";"AUROCO00059";"16/07/10";"BUENOS DIAS PERU";"NOTICIERO";"D";"0";"0";"40,4";"";"07/07/10";"AUROCO";"5";"0";"06:00:00"
"
";"AUROCO00059";"19/07/10";"BUENOS DIAS PERU";"NOTICIERO";"D";"0";"0";"40,4";"";"07/07/10";"AUROCO";"6";"0";"06:00:00"
"
";"AUROCO00059";"21/07/10";"BUENOS DIAS PERU";"NOTICIERO";"D";"0";"0";"40,4";"";"07/07/10";"AUROCO";"7";"0";"06:00:00"
"
";"AUROCO00059";"21/07/10";"BUENOS DIAS PERU";"NOTICIERO";"D";"0";"0";"40,4";"";"07/07/10";"AUROCO";"8";"0";"06:00:00"
"
";"AUROCO00059";"23/07/10";"BUENOS DIAS PERU";"NOTICIERO";"D";"0";"0";"40,4";"";"07/07/10";"AUROCO";"9";"0";"06:00:00"
"
";"AUROCO00059";"26/07/10";"BUENOS DIAS PERU";"NOTICIERO";"D";"0";"0";"40,4";"";"07/07/10";"AUROCO";"10";"0";"06:00:00"
"
";"AUROCO00059";"26/07/10";"BUENOS DIAS PERU";"NOTICIERO";"D";"0";"0";"40,4";"";"07/07/10";"AUROCO";"11";"0";"06:00:00"
"
";"AUROCO00059";"27/07/10";"BUENOS DIAS PERU";"NOTICIERO";"D";"0";"0";"40,4";"";"07/07/10";"AUROCO";"12";"0";"06:00:00"
"
";"AUROCO00059";"14/07/10";"BUENOS DIAS PERU";"NOTICIERO";"D";"0";"0";"0";"";"07/07/10";"AUROCO";"13";"0";"06:00:00"
"
";"AUROCO00059";"19/07/10";"BUENOS DIAS PERU";"NOTICIERO";"D";"0";"0";"0";"";"07/07/10";"AUROCO";"14";"0";"06:00:00"
"
";"AUROCO00059";"23/07/10";"BUENOS DIAS PERU";"NOTICIERO";"D";"0";"0";"0";"";"07/07/10";"AUROCO";"15";"0";"06:00:00"
"
";"AUROCO00059";"27/07/10";"BUENOS DIAS PERU";"NOTICIERO";"D";"0";"0";"0";"";"07/07/10";"AUROCO";"16";"0";"06:00:00"
"
";"AUROCO00059";"17/07/10";"BUENOS DIAS PERU - SABATINO";"NOTICIERO";"D";"0";"0";"40,4";"";"07/07/10";"AUROCO";"1";"0";"07:00:00"
"
";"AUROCO00059";"17/07/10";"BUENOS DIAS PERU - SABATINO";"NOTICIERO";"D";"0";"0";"40,4";"";"07/07/10";"AUROCO";"2";"0";"07:00:00"
"
";"AUROCO00059";"24/07/10";"BUENOS DIAS PERU - SABATINO";"NOTICIERO";"D";"0";"0";"40,4";"";"07/07/10";"AUROCO";"3";"0";"07:00:00"
"
";"AUROCO00059";"24/07/10";"BUENOS DIAS PERU - SABATINO";"NOTICIERO";"D";"0";"0";"0";"";"07/07/10";"AUROCO";"4";"0";"07:00:00"
"
";"AUROCO00060";"12/07/10";"ROTATIVO 10 :00 A 13:00 HRS.";"NOTICIERO";"D";"0";"0";"10,666";"";"07/07/10";"AUROCO";"1";"0";"10:00:00"
"
";"AUROCO00060";"12/07/10";"ROTATIVO 10 :00 A 13:00 HRS.";"NOTICIERO";"D";"0";"0";"10,666";"";"07/07/10";"AUROCO";"2";"0";"10:00:00"
"
";"AUROCO00060";"16/07/10";"ROTATIVO 10 :00 A 13:00 HRS.";"NOTICIERO";"D";"0";"0";"10,666";"";"07/07/10";"AUROCO";"3";"0";"10:00:00"
"
";"AUROCO00060";"16/07/10";"ROTATIVO 10 :00 A 13:00 HRS.";"NOTICIERO";"D";"0";"0";"10,666";"";"07/07/10";"AUROCO";"4";"0";"10:00:00"
"
";"AUROCO00060";"21/07/10";"ROTATIVO 10 :00 A 13:00 HRS.";"NOTICIERO";"D";"0";"0";"10,666";"";"07/07/10";"AUROCO";"5";"0";"10:00:00"
"
";"AUROCO00060";"21/07/10";"ROTATIVO 10 :00 A 13:00 HRS.";"NOTICIERO";"D";"0";"0";"10,666";"";"07/07/10";"AUROCO";"6";"0";"10:00:00"
"
";"AUROCO00007";"22/06/10";"HABACILAR-TA";"Concurso";"LMWJV";"4,7";"281";"825";"";"25/06/10";"AUROCO";"3";"0";""
"
";"AUROCO00007";"24/06/10";"HABACILAR-TA";"Concurso";"LMWJV";"4,7";"281";"825";"";"25/06/10";"AUROCO";"4";"0";""
"
";"AUROCO00007";"28/06/10";"HABACILAR-TA";"Concurso";"LMWJV";"4,7";"281";"825";"";"25/06/10";"AUROCO";"5";"0";""
"
";"AUROCO00008";"01/07/10";"HABACILAR-TA";"Concurso";"LMWJV";"4,7";"281";"825";"";"25/06/10";"AUROCO";"1";"0";""
"
";"AUROCO00008";"13/07/10";"HABACILAR-TA";"Concurso";"LMWJV";"4,7";"281";"825";"";"25/06/10";"AUROCO";"2";"0";""
"
";"AUROCO00008";"15/07/10";"HABACILAR-TA";"Concurso";"LMWJV";"4,7";"281";"825";"";"25/06/10";"AUROCO";"3";"0";""
"
";"AUROCO00008";"20/07/10";"HABACILAR-TA";"Concurso";"LMWJV";"4,7";"281";"825";"";"25/06/10";"AUROCO";"4";"0";""
"
";"AUROCO00008";"22/07/10";"HABACILAR-TA";"Concurso";"LMWJV";"4,7";"281";"825";"";"25/06/10";"AUROCO";"5";"0";""
"
";"AUROCO00008";"26/07/10";"HABACILAR-TA";"Concurso";"LMWJV";"4,7";"281";"825";"";"25/06/10";"AUROCO";"6";"0";""
"
";"AUROCO00008";"28/07/10";"HABACILAR-TA";"Concurso";"LMWJV";"4,7";"281";"825";"";"25/06/10";"AUROCO";"7";"0";""
"
";"AUROCO00009";"10/06/10";"HABACILAR-TA";"Concurso";"LMWJV";"4,7";"281";"825";"";"25/06/10";"AUROCO";"1";"0";""
"
";"AUROCO00009";"14/06/10";"HABACILAR-TA";"Concurso";"LMWJV";"4,7";"281";"825";"";"25/06/10";"AUROCO";"2";"0";""
"
";"AUROCO00009";"18/06/10";"HABACILAR-TA";"Concurso";"LMWJV";"4,7";"281";"825";"";"25/06/10";"AUROCO";"3";"0";""
"
";"AUROCO00009";"22/06/10";"HABACILAR-TA";"Concurso";"LMWJV";"4,7";"281";"825";"";"25/06/10";"AUROCO";"4";"0";""
"
";"AUROCO00009";"24/06/10";"HABACILAR-TA";"Concurso";"LMWJV";"4,7";"281";"825";"";"25/06/10";"AUROCO";"5";"0";""
"
";"AUROCO00007";"15/06/10";"HABACILAR-TA";"Concurso";"LMWJV";"4,7";"281";"825";"";"25/06/10";"AUROCO";"1";"0";""
"
";"AUROCO00007";"17/06/10";"HABACILAR-TA";"Concurso";"LMWJV";"4,7";"281";"825";"";"25/06/10";"AUROCO";"2";"0";""
"
";"AUROCO00009";"28/06/10";"HABACILAR-TA";"Concurso";"LMWJV";"4,7";"281";"825";"";"25/06/10";"AUROCO";"6";"0";""
"
";"AUROCO00009";"30/06/10";"HABACILAR-TA";"Concurso";"LMWJV";"4,7";"281";"825";"";"25/06/10";"AUROCO";"7";"0";""
"
";"AUROCO00009";"22/06/10";"AL FONDO HAY SITIO-NO";"Comedias";"LMWJV";"11,3";"677,3";"1600";"";"25/06/10";"AUROCO";"1";"0";""
"
";"AUROCO00009";"30/06/10";"AL FONDO HAY SITIO-NO";"Comedias";"LMWJV";"11,3";"677,3";"1600";"";"25/06/10";"AUROCO";"2";"0";""
"
";"AUROCO00009";"13/06/10";"CUARTO PODER-D-NO";"Periodisticos";"D";"7,4";"439,5";"1600";"";"25/06/10";"AUROCO";"2";"0";""
"
";"AUROCO00010";"09/06/10";"HABACILAR-TA";"Concurso";"LMWJV";"4,7";"281";"825";"";"25/06/10";"AUROCO";"1";"0";""
"
";"AUROCO00009";"13/06/10";"CUARTO PODER-D-NO";"Periodisticos";"D";"7,4";"439,5";"1600";"";"25/06/10";"AUROCO";"1";"0";""
"
";"AUROCO00010";"16/06/10";"HABACILAR-TA";"Concurso";"LMWJV";"4,7";"281";"825";"";"25/06/10";"AUROCO";"2";"0";""
"
";"AUROCO00010";"18/06/10";"HABACILAR-TA";"Concurso";"LMWJV";"4,7";"281";"825";"";"25/06/10";"AUROCO";"3";"0";""
"
";"AUROCO00010";"21/06/10";"HABACILAR-TA";"Concurso";"LMWJV";"4,7";"281";"825";"";"25/06/10";"AUROCO";"4";"0";""
"
";"AUROCO00010";"23/06/10";"HABACILAR-TA";"Concurso";"LMWJV";"4,7";"281";"825";"";"25/06/10";"AUROCO";"5";"0";""
"
";"AUROCO00010";"25/06/10";"HABACILAR-TA";"Concurso";"LMWJV";"4,7";"281";"825";"";"25/06/10";"AUROCO";"6";"0";""
"
";"AUROCO00010";"29/06/10";"HABACILAR-TA";"Concurso";"LMWJV";"4,7";"281";"825";"";"25/06/10";"AUROCO";"7";"0";""
"
";"AUROCO00010";"28/06/10";"AL FONDO HAY SITIO-NO";"Comedias";"LMWJV";"11,3";"677,3";"1600";"";"25/06/10";"AUROCO";"1";"0";""
"
";"AUROCO00010";"13/06/10";"CUARTO PODER-D-NO";"Periodisticos";"D";"7,4";"439,5";"1600";"";"25/06/10";"AUROCO";"1";"0";""
"
";"AUROCO00010";"13/06/10";"CUARTO PODER-D-NO";"Periodisticos";"D";"7,4";"439,5";"1600";"";"25/06/10";"AUROCO";"2";"0";""
"
";"AUROCO00011";"01/07/10";"HABACILAR-TA";"Concurso";"LMWJV";"4,7";"281";"825";"";"25/06/10";"AUROCO";"1";"0";""
"
";"AUROCO00011";"05/07/10";"HABACILAR-TA";"Concurso";"LMWJV";"4,7";"281";"825";"";"25/06/10";"AUROCO";"2";"0";""
"
";"AUROCO00011";"07/07/10";"HABACILAR-TA";"Concurso";"LMWJV";"4,7";"281";"825";"";"25/06/10";"AUROCO";"3";"0";""
"
";"AUROCO00011";"09/07/10";"HABACILAR-TA";"Concurso";"LMWJV";"4,7";"281";"825";"";"25/06/10";"AUROCO";"4";"0";""
"
";"AUROCO00011";"13/07/10";"HABACILAR-TA";"Concurso";"LMWJV";"4,7";"281";"825";"";"25/06/10";"AUROCO";"5";"0";""
"
";"AUROCO00011";"11/07/10";"CUARTO PODER-D-NO";"Periodisticos";"D";"7,4";"439,5";"1600";"";"25/06/10";"AUROCO";"1";"0";""
"
";"AUROCO00012";"02/07/10";"HABACILAR-TA";"Concurso";"LMWJV";"4,7";"281";"825";"";"25/06/10";"AUROCO";"1";"0";""
"
";"AUROCO00012";"06/07/10";"HABACILAR-TA";"Concurso";"LMWJV";"4,7";"281";"825";"";"25/06/10";"AUROCO";"2";"0";""
"
";"AUROCO00012";"08/07/10";"HABACILAR-TA";"Concurso";"LMWJV";"4,7";"281";"825";"";"25/06/10";"AUROCO";"3";"0";""
"
";"AUROCO00012";"12/07/10";"HABACILAR-TA";"Concurso";"LMWJV";"4,7";"281";"825";"";"25/06/10";"AUROCO";"4";"0";""
"
";"AUROCO00012";"14/07/10";"HABACILAR-TA";"Concurso";"LMWJV";"4,7";"281";"825";"";"25/06/10";"AUROCO";"5";"0";""
"
";"AUROCO00012";"11/07/10";"CUARTO PODER-D-NO";"Periodisticos";"D";"7,4";"439,5";"1600";"";"25/06/10";"AUROCO";"1";"0";""
"
";"AUROCO00013";"03/07/10";"EL GRAN SHOW-S-NO";"Concurso";"S";"8,2";"492,6";"1700";"";"25/06/10";"AUROCO";"1";"0";""
"
";"AUROCO00013";"10/07/10";"EL GRAN SHOW-S-NO";"Concurso";"S";"8,2";"492,6";"1700";"";"25/06/10";"AUROCO";"2";"0";""
"
";"AUROCO00014";"03/07/10";"EL GRAN SHOW-S-NO";"Concurso";"S";"8,2";"492,6";"1700";"";"25/06/10";"AUROCO";"1";"0";""
"
";"AUROCO00014";"10/07/10";"EL GRAN SHOW-S-NO";"Concurso";"S";"8,2";"492,6";"1700";"";"25/06/10";"AUROCO";"2";"0";""
"
";"AUROCO00015";"29/06/10";"LINEA Y PUNTO";"Series";"LMWJV";"0";"0";"91,333";"";"25/06/10";"AUROCO";"1";"0";""
"
";"AUROCO00015";"30/06/10";"LINEA Y PUNTO";"Series";"LMWJV";"0";"0";"38,666";"";"25/06/10";"AUROCO";"2";"0";""
"
";"AUROCO00016";"06/07/10";"LINEA Y PUNTO";"Series";"LMWJV";"0";"0";"91,333";"";"25/06/10";"AUROCO";"1";"0";""
"
";"AUROCO00016";"13/07/10";"LINEA Y PUNTO";"Series";"LMWJV";"0";"0";"91,333";"";"25/06/10";"AUROCO";"2";"0";""
"
";"AUROCO00016";"01/07/10";"LINEA Y PUNTO";"Series";"LMWJV";"0";"0";"38,666";"";"25/06/10";"AUROCO";"3";"0";""
"
";"AUROCO00016";"08/07/10";"LINEA Y PUNTO";"Series";"LMWJV";"0";"0";"38,666";"";"25/06/10";"AUROCO";"4";"0";""
"
";"AUROCO00016";"15/07/10";"LINEA Y PUNTO";"Series";"LMWJV";"0";"0";"38,666";"";"25/06/10";"AUROCO";"5";"0";""
"
";"AUROCO00017";"30/06/10";"TRECE HORAS";"Series";"LMWJV";"0";"0";"29,333";"";"25/06/10";"AUROCO";"1";"0";""
"
";"AUROCO00018";"02/07/10";"TRECE HORAS";"Series";"LMWJV";"0";"0";"29,333";"";"25/06/10";"AUROCO";"1";"0";""
"
";"AUROCO00018";"07/07/10";"TRECE HORAS";"Series";"LMWJV";"0";"0";"29,333";"";"25/06/10";"AUROCO";"2";"0";""
"
";"AUROCO00018";"09/07/10";"TRECE HORAS";"Series";"LMWJV";"0";"0";"29,333";"";"25/06/10";"AUROCO";"3";"0";""
"
";"AUROCO00018";"14/07/10";"TRECE HORAS";"Series";"LMWJV";"0";"0";"29,333";"";"25/06/10";"AUROCO";"4";"0";""
"
";"AUROCO00018";"16/07/10";"TRECE HORAS";"Series";"LMWJV";"0";"0";"29,333";"";"25/06/10";"AUROCO";"5";"0";""
"
";"AUROCO00018";"03/07/10";"LO MEJOR DE TRECE HORAS";"Series";"SD";"0";"0";"0";"";"25/06/10";"AUROCO";"1";"0";""
"
";"AUROCO00018";"04/07/10";"LO MEJOR DE TRECE HORAS";"Series";"SD";"0";"0";"0";"";"25/06/10";"AUROCO";"2";"0";""
"
";"AUROCO00018";"10/07/10";"LO MEJOR DE TRECE HORAS";"Series";"SD";"0";"0";"0";"";"25/06/10";"AUROCO";"3";"0";""
"
";"AUROCO00018";"11/07/10";"LO MEJOR DE TRECE HORAS";"Series";"SD";"0";"0";"0";"";"25/06/10";"AUROCO";"4";"0";""
"
";"AUROCO00018";"17/07/10";"LO MEJOR DE TRECE HORAS";"Series";"SD";"0";"0";"0";"";"25/06/10";"AUROCO";"5";"0";""
"
";"AUROCO00018";"18/07/10";"LO MEJOR DE TRECE HORAS";"Series";"SD";"0";"0";"0";"";"25/06/10";"AUROCO";"6";"0";""
"
";"AUROCO00019";"29/06/10";"A PRIMERA HORA-MA";"Noticieros";"LMWJV";"1,7";"103,8";"20";"";"25/06/10";"AUROCO";"1";"0";""
"
";"AUROCO00019";"30/06/10";"A PRIMERA HORA-MA";"Noticieros";"LMWJV";"1,7";"103,8";"20";"";"25/06/10";"AUROCO";"2";"0";""
"
";"AUROCO00022";"29/06/10";"PRIMER REPORTE-MA";"Noticieros";"LMWJV";"1,6";"92,8";"83,333";"";"25/06/10";"AUROCO";"1";"0";""
"
";"AUROCO00022";"30/06/10";"PRIMER REPORTE-MA";"Noticieros";"LMWJV";"1,6";"92,8";"83,333";"";"25/06/10";"AUROCO";"2";"0";""
"
";"AUROCO00022";"29/06/10";"EL DEPORTIVO-NO";"Deportivos";"LMWJV";"2,7";"162";"216,666";"";"25/06/10";"AUROCO";"1";"0";""
"
";"AUROCO00023";"03/07/10";"LOS TITULARES-SA";"Deportivos";"S";"5,6";"333,9";"20";"";"25/06/10";"AUROCO";"1";"0";""
"
";"AUROCO00023";"03/07/10";"LOS TITULARES-SA";"Deportivos";"S";"5,6";"333,9";"20";"";"25/06/10";"AUROCO";"2";"0";""
"
";"AUROCO00022";"30/06/10";"EL DEPORTIVO-NO";"Deportivos";"LMWJV";"2,7";"162";"216,666";"";"25/06/10";"AUROCO";"2";"0";""
"
";"AUROCO00023";"10/07/10";"LOS TITULARES-SA";"Deportivos";"S";"5,6";"333,9";"20";"";"25/06/10";"AUROCO";"3";"0";""
"
";"AUROCO00023";"10/07/10";"LOS TITULARES-SA";"Deportivos";"S";"5,6";"333,9";"20";"";"25/06/10";"AUROCO";"4";"0";""
"
";"AUROCO00023";"17/07/10";"LOS TITULARES-SA";"Deportivos";"S";"5,6";"333,9";"20";"";"25/06/10";"AUROCO";"5";"0";""
"
";"AUROCO00023";"17/07/10";"LOS TITULARES-SA";"Deportivos";"S";"5,6";"333,9";"20";"";"25/06/10";"AUROCO";"6";"0";""
"
";"AUROCO00023";"04/07/10";"LOS TITULARES-DO";"Deportivos";"D";"5,4";"325,6";"20";"";"25/06/10";"AUROCO";"1";"0";""
"
";"AUROCO00023";"11/07/10";"LOS TITULARES-DO";"Deportivos";"D";"5,4";"325,6";"20";"";"25/06/10";"AUROCO";"2";"0";""
"
";"AUROCO00023";"18/07/10";"LOS TITULARES-DO";"Deportivos";"D";"5,4";"325,6";"20";"";"25/06/10";"AUROCO";"3";"0";""
"
";"AUROCO00060";"26/07/10";"ROTATIVO 10 :00 A 13:00 HRS.";"NOTICIERO";"D";"0";"0";"10,666";"";"07/07/10";"AUROCO";"7";"0";"10:00:00"
"
";"AUROCO00060";"26/07/10";"ROTATIVO 10 :00 A 13:00 HRS.";"NOTICIERO";"D";"0";"0";"10,666";"";"07/07/10";"AUROCO";"8";"0";"10:00:00"
"
";"AUROCO00060";"12/07/10";"TRECE HORAS";"NOTICIERO";"D";"0";"0";"14,666";"";"07/07/10";"AUROCO";"1";"0";"13:00:00"
"
";"AUROCO00060";"14/07/10";"TRECE HORAS";"NOTICIERO";"D";"0";"0";"14,666";"";"07/07/10";"AUROCO";"2";"0";"13:00:00"
"
";"AUROCO00060";"16/07/10";"TRECE HORAS";"NOTICIERO";"D";"0";"0";"14,666";"";"07/07/10";"AUROCO";"3";"0";"13:00:00"
"
";"AUROCO00060";"19/07/10";"TRECE HORAS";"NOTICIERO";"D";"0";"0";"14,666";"";"07/07/10";"AUROCO";"4";"0";"13:00:00"
"
";"AUROCO00060";"21/07/10";"N DEPORTES REPETICION";"DEPORTIVO";"D";"0";"0";"14,666";"";"07/07/10";"AUROCO";"2";"0";"14:00:00"
"
";"AUROCO00060";"19/07/10";"TRECE HORAS";"NOTICIERO";"D";"0";"0";"14,666";"";"07/07/10";"AUROCO";"5";"0";"13:00:00"
"
";"AUROCO00060";"23/07/10";"TRECE HORAS";"NOTICIERO";"D";"0";"0";"14,666";"";"07/07/10";"AUROCO";"6";"0";"13:00:00"
"
";"AUROCO00060";"12/07/10";"ROTATIVO 15:00 A 18:30 HRS.";"NOTICIERO";"D";"0";"0";"10,666";"";"07/07/10";"AUROCO";"1";"0";"15:00:00"
"
";"AUROCO00060";"14/07/10";"ROTATIVO 15:00 A 18:30 HRS.";"NOTICIERO";"D";"0";"0";"10,666";"";"07/07/10";"AUROCO";"2";"0";"15:00:00"
"
";"AUROCO00060";"14/07/10";"ROTATIVO 15:00 A 18:30 HRS.";"NOTICIERO";"D";"0";"0";"10,666";"";"07/07/10";"AUROCO";"3";"0";"15:00:00"
"
";"AUROCO00060";"16/07/10";"ROTATIVO 15:00 A 18:30 HRS.";"NOTICIERO";"D";"0";"0";"10,666";"";"07/07/10";"AUROCO";"4";"0";"15:00:00"
"
";"AUROCO00060";"19/07/10";"ROTATIVO 15:00 A 18:30 HRS.";"NOTICIERO";"D";"0";"0";"10,666";"";"07/07/10";"AUROCO";"5";"0";"15:00:00"
"
";"AUROCO00060";"19/07/10";"ROTATIVO 15:00 A 18:30 HRS.";"NOTICIERO";"D";"0";"0";"10,666";"";"07/07/10";"AUROCO";"6";"0";"15:00:00"
"
";"AUROCO00060";"21/07/10";"ROTATIVO 15:00 A 18:30 HRS.";"NOTICIERO";"D";"0";"0";"10,666";"";"07/07/10";"AUROCO";"7";"0";"15:00:00"
"
";"AUROCO00060";"23/07/10";"ROTATIVO 15:00 A 18:30 HRS.";"NOTICIERO";"D";"0";"0";"10,666";"";"07/07/10";"AUROCO";"8";"0";"15:00:00"
"
";"AUROCO00060";"23/07/10";"ROTATIVO 15:00 A 18:30 HRS.";"NOTICIERO";"D";"0";"0";"10,666";"";"07/07/10";"AUROCO";"9";"0";"15:00:00"
"
";"AUROCO00060";"26/07/10";"ROTATIVO 15:00 A 18:30 HRS.";"NOTICIERO";"D";"0";"0";"10,666";"";"07/07/10";"AUROCO";"10";"0";"15:00:00"
"
";"AUROCO00060";"14/07/10";"N DEPORTES REPETICION";"DEPORTIVO";"D";"0";"0";"14,666";"";"07/07/10";"AUROCO";"1";"0";"14:00:00"
"
";"AUROCO00060";"23/07/10";"N DEPORTES REPETICION";"DEPORTIVO";"D";"0";"0";"14,666";"";"07/07/10";"AUROCO";"3";"0";"14:00:00"
"
";"AUROCO00060";"18/07/10";"ROTATIVO 14:00 A 19:00 HRS. DOMINGO";"NOTICIERO";"D";"0";"0";"10,666";"";"07/07/10";"AUROCO";"1";"0";"14:00:00"
"
";"AUROCO00060";"17/07/10";"LO MEJOR DE TRECE HORAS SABADO";"NOTICIERO";"D";"0";"0";"0";"";"07/07/10";"AUROCO";"1";"0";"13:00:00"
"
";"AUROCO00060";"17/07/10";"LO MEJOR DE TRECE HORAS SABADO";"NOTICIERO";"D";"0";"0";"0";"";"07/07/10";"AUROCO";"2";"0";"13:00:00"
"
";"AUROCO00060";"24/07/10";"LO MEJOR DE TRECE HORAS SABADO";"NOTICIERO";"D";"0";"0";"0";"";"07/07/10";"AUROCO";"3";"0";"13:00:00"
"
";"AUROCO00060";"24/07/10";"LO MEJOR DE TRECE HORAS SABADO";"NOTICIERO";"D";"0";"0";"0";"";"07/07/10";"AUROCO";"4";"0";"13:00:00"
"
";"AUROCO00060";"18/07/10";"LO MEJOR DE TRECE HORAS DOMINGO";"NOTICIERO";"D";"0";"0";"0";"";"07/07/10";"AUROCO";"1";"0";"13:00:00"
"
";"AUROCO00060";"18/07/10";"LO MEJOR DE TRECE HORAS DOMINGO";"NOTICIERO";"D";"0";"0";"0";"";"07/07/10";"AUROCO";"2";"0";"13:00:00"
"
";"AUROCO00060";"25/07/10";"LO MEJOR DE TRECE HORAS DOMINGO";"NOTICIERO";"D";"0";"0";"0";"";"07/07/10";"AUROCO";"3";"0";"13:00:00"
"
";"AUROCO00060";"17/07/10";"ROTATIVO 14:00 A 19:00 HRS. SABADO";"NOTICIERO";"D";"0";"0";"10,666";"";"07/07/10";"AUROCO";"1";"0";"14:00:00"
"
";"AUROCO00060";"17/07/10";"ROTATIVO 14:00 A 19:00 HRS. SABADO";"NOTICIERO";"D";"0";"0";"10,666";"";"07/07/10";"AUROCO";"2";"0";"14:00:00"
"
";"AUROCO00060";"24/07/10";"ROTATIVO 14:00 A 19:00 HRS. SABADO";"NOTICIERO";"D";"0";"0";"10,666";"";"07/07/10";"AUROCO";"3";"0";"14:00:00"
"
";"AUROCO00060";"24/07/10";"ROTATIVO 14:00 A 19:00 HRS. SABADO";"NOTICIERO";"D";"0";"0";"10,666";"";"07/07/10";"AUROCO";"4";"0";"14:00:00"
"
";"AUROCO00060";"18/07/10";"ROTATIVO 14:00 A 19:00 HRS. DOMINGO";"NOTICIERO";"D";"0";"0";"10,666";"";"07/07/10";"AUROCO";"2";"0";"14:00:00"
"
";"AUROCO00060";"25/07/10";"ROTATIVO 14:00 A 19:00 HRS. DOMINGO";"NOTICIERO";"D";"0";"0";"10,666";"";"07/07/10";"AUROCO";"3";"0";"14:00:00"
"
";"AUROCO00060";"25/07/10";"ROTATIVO 14:00 A 19:00 HRS. DOMINGO";"NOTICIERO";"D";"0";"0";"10,666";"";"07/07/10";"AUROCO";"4";"0";"14:00:00"
"
";"AUROCO00060";"25/07/10";"ROTATIVO 14:00 A 19:00 HRS. DOMINGO";"NOTICIERO";"D";"0";"0";"10,666";"";"07/07/10";"AUROCO";"5";"0";"14:00:00"
"
";"AUROCO00060";"26/07/10";"TRECE HORAS";"NOTICIERO";"D";"0";"0";"14,666";"";"07/07/10";"AUROCO";"7";"0";"13:00:00"
"
";"AUROCO00061";"12/07/10";"A PRIMERA HORA";"NOTICIERO";"D";"0";"0";"20";"";"07/07/10";"AUROCO";"1";"0";"06:00:00"
"
";"AUROCO00061";"12/07/10";"A PRIMERA HORA";"NOTICIERO";"D";"0";"0";"20";"";"07/07/10";"AUROCO";"2";"0";"06:00:00"
"
";"AUROCO00061";"14/07/10";"A PRIMERA HORA";"NOTICIERO";"D";"0";"0";"20";"";"07/07/10";"AUROCO";"3";"0";"06:00:00"
"
";"AUROCO00061";"14/07/10";"A PRIMERA HORA";"NOTICIERO";"D";"0";"0";"20";"";"07/07/10";"AUROCO";"4";"0";"06:00:00"
"
";"AUROCO00061";"16/07/10";"A PRIMERA HORA";"NOTICIERO";"D";"0";"0";"20";"";"07/07/10";"AUROCO";"5";"0";"06:00:00"
"
";"AUROCO00061";"16/07/10";"A PRIMERA HORA";"NOTICIERO";"D";"0";"0";"20";"";"07/07/10";"AUROCO";"6";"0";"06:00:00"
"
";"AUROCO00061";"19/07/10";"A PRIMERA HORA";"NOTICIERO";"D";"0";"0";"20";"";"07/07/10";"AUROCO";"7";"0";"06:00:00"
"
";"AUROCO00061";"19/07/10";"A PRIMERA HORA";"NOTICIERO";"D";"0";"0";"20";"";"07/07/10";"AUROCO";"8";"0";"06:00:00"
"
";"AUROCO00061";"21/07/10";"A PRIMERA HORA";"NOTICIERO";"D";"0";"0";"20";"";"07/07/10";"AUROCO";"9";"0";"06:00:00"
"
";"AUROCO00061";"21/07/10";"A PRIMERA HORA";"NOTICIERO";"D";"0";"0";"20";"";"07/07/10";"AUROCO";"10";"0";"06:00:00"
"
";"AUROCO00061";"23/07/10";"A PRIMERA HORA";"NOTICIERO";"D";"0";"0";"20";"";"07/07/10";"AUROCO";"11";"0";"06:00:00"
"
";"AUROCO00061";"23/07/10";"A PRIMERA HORA";"NOTICIERO";"D";"0";"0";"20";"";"07/07/10";"AUROCO";"12";"0";"06:00:00"
"
";"AUROCO00061";"26/07/10";"A PRIMERA HORA";"NOTICIERO";"D";"0";"0";"20";"";"07/07/10";"AUROCO";"13";"0";"06:00:00"
"
";"AUROCO00061";"26/07/10";"A PRIMERA HORA";"NOTICIERO";"D";"0";"0";"20";"";"07/07/10";"AUROCO";"14";"0";"06:00:00"
"
";"AUROCO00061";"27/07/10";"A PRIMERA HORA";"NOTICIERO";"D";"0";"0";"20";"";"07/07/10";"AUROCO";"15";"0";"06:00:00"
"
";"AUROCO00061";"27/07/10";"A PRIMERA HORA";"NOTICIERO";"D";"0";"0";"20";"";"07/07/10";"AUROCO";"16";"0";"06:00:00"
"
";"AUROCO00061";"17/07/10";"90 SEGUNDOS SABADOS";"NOTICIERO";"D";"0";"0";"20";"";"07/07/10";"AUROCO";"1";"0";"07:00:00"
"
";"AUROCO00061";"24/07/10";"90 SEGUNDOS SABADOS";"NOTICIERO";"D";"0";"0";"20";"";"07/07/10";"AUROCO";"2";"0";"07:00:00"
"
";"AUROCO00061";"17/07/10";"LOS TITULARES - SABADO";"DEPORTIVO";"D";"0";"0";"20";"";"07/07/10";"AUROCO";"1";"0";"08:30:00"
"
";"AUROCO00061";"25/07/10";"LOS TITULARES - SABADO";"DEPORTIVO";"D";"0";"0";"20";"";"07/07/10";"AUROCO";"2";"0";"08:30:00"
"
";"AUROCO00061";"18/07/10";"LOS TITULARES - DOMINGO";"DEPORTIVO";"D";"0";"0";"20";"";"07/07/10";"AUROCO";"1";"0";"12:00:00"
"
";"AUROCO00061";"25/07/10";"LOS TITULARES - DOMINGO";"DEPORTIVO";"D";"0";"0";"20";"";"07/07/10";"AUROCO";"2";"0";"12:00:00"
"
";"AUROCO00062";"14/07/10";"AMERICA NOTICIAS EDICION CENTRAL";"NOTICIERO";"D";"0";"0";"1066,666";"";"08/07/10";"AUROCO";"1";"0";"22:00:00"
"
";"AUROCO00062";"10/07/10";"RECARGADOS DE RISA";"HUMOR";"D";"0";"0";"720";"";"08/07/10";"AUROCO";"1";"0";"20:00:00"
"
";"AUROCO00062";"17/07/10";"RECARGADOS DE RISA";"HUMOR";"D";"0";"0";"720";"";"08/07/10";"AUROCO";"2";"0";"20:00:00"
"
";"AUROCO00062";"31/07/10";"RECARGADOS DE RISA";"HUMOR";"D";"0";"0";"720";"";"08/07/10";"AUROCO";"3";"0";"20:00:00"
"
";"AUROCO00062";"11/07/10";"CUARTO PODER";"PERIODISTICO";"D";"0";"0";"1066,666";"";"08/07/10";"AUROCO";"1";"0";"20:00:00"
"
";"AUROCO00062";"18/07/10";"CUARTO PODER";"PERIODISTICO";"D";"0";"0";"1066,666";"";"08/07/10";"AUROCO";"2";"0";"20:00:00"
"
";"AUROCO00063";"13/07/10";"PRIMERA NOTICIA";"NOTICIERO";"L-V";"0";"0";"166,67";"";"09/07/10";"AUROCO";"3";"0";"07:00:00"
"
";"AUROCO00063";"14/07/10";"PRIMERA NOTICIA";"NOTICIERO";"L-V";"0";"0";"166,67";"";"09/07/10";"AUROCO";"4";"0";"07:00:00"
"
";"AUROCO00063";"15/07/10";"PRIMERA NOTICIA";"NOTICIERO";"L-V";"0";"0";"166,67";"";"09/07/10";"AUROCO";"5";"0";"07:00:00"
"
";"AUROCO00063";"12/07/10";"PRIMERA NOTICIA";"NOTICIERO";"L-V";"0";"0";"166,67";"";"09/07/10";"AUROCO";"1";"0";"07:00:00"
"
";"AUROCO00063";"12/07/10";"PRIMERA NOTICIA";"NOTICIERO";"L-V";"0";"0";"166,67";"";"09/07/10";"AUROCO";"2";"0";"07:00:00"
"
";"AUROCO00063";"16/07/10";"PRIMERA NOTICIA";"NOTICIERO";"L-V";"0";"0";"166,67";"";"09/07/10";"AUROCO";"6";"0";"07:00:00"
"
";"AUROCO00063";"19/07/10";"PRIMERA NOTICIA";"NOTICIERO";"L-V";"0";"0";"166,67";"";"09/07/10";"AUROCO";"7";"0";"07:00:00"
"
";"AUROCO00063";"19/07/10";"PRIMERA NOTICIA";"NOTICIERO";"L-V";"0";"0";"166,67";"";"09/07/10";"AUROCO";"8";"0";"07:00:00"
"
";"AUROCO00063";"20/07/10";"PRIMERA NOTICIA";"NOTICIERO";"L-V";"0";"0";"166,67";"";"09/07/10";"AUROCO";"9";"0";"07:00:00"
"
";"AUROCO00042";"11/07/10";"LO MEJOR DE TRECE HORAS DOMINGO";"NOTICIERO";"D";"0";"0";"0";"";"01/07/10";"AUROCO";"1";"0";"13:00:00"
"
";"AUROCO00042";"11/07/10";"LO MEJOR DE TRECE HORAS DOMINGO";"NOTICIERO";"D";"0";"0";"0";"";"01/07/10";"AUROCO";"2";"0";"13:00:00"
"
";"AUROCO00042";"11/07/10";"LO MEJOR DE TRECE HORAS DOMINGO";"NOTICIERO";"D";"0";"0";"0";"";"01/07/10";"AUROCO";"3";"0";"13:00:00"
"
";"AUROCO00042";"18/07/10";"LO MEJOR DE TRECE HORAS DOMINGO";"NOTICIERO";"D";"0";"0";"0";"";"01/07/10";"AUROCO";"4";"0";"13:00:00"
"
";"AUROCO00042";"18/07/10";"LO MEJOR DE TRECE HORAS DOMINGO";"NOTICIERO";"D";"0";"0";"0";"";"01/07/10";"AUROCO";"5";"0";"13:00:00"
"
";"AUROCO00042";"18/07/10";"LO MEJOR DE TRECE HORAS DOMINGO";"NOTICIERO";"D";"0";"0";"0";"";"01/07/10";"AUROCO";"6";"0";"13:00:00"
"
";"AUROCO00042";"25/07/10";"LO MEJOR DE TRECE HORAS DOMINGO";"NOTICIERO";"D";"0";"0";"0";"";"01/07/10";"AUROCO";"7";"0";"13:00:00"
"
";"AUROCO00042";"25/07/10";"LO MEJOR DE TRECE HORAS DOMINGO";"NOTICIERO";"D";"0";"0";"0";"";"01/07/10";"AUROCO";"8";"0";"13:00:00"
"
";"AUROCO00042";"25/07/10";"LO MEJOR DE TRECE HORAS DOMINGO";"NOTICIERO";"D";"0";"0";"0";"";"01/07/10";"AUROCO";"9";"0";"13:00:00"
"
";"AUROCO00043";"05/07/10";"PRIMER REPORTE";"NOTICIERO";"D";"0";"0";"166,67";"";"01/07/10";"AUROCO";"1";"0";"07:00:00"
"
";"AUROCO00043";"06/07/10";"PRIMER REPORTE";"NOTICIERO";"D";"0";"0";"166,67";"";"01/07/10";"AUROCO";"2";"0";"07:00:00"
"
";"AUROCO00043";"08/07/10";"PRIMER REPORTE";"NOTICIERO";"D";"0";"0";"166,67";"";"01/07/10";"AUROCO";"3";"0";"07:00:00"
"
";"AUROCO00043";"09/07/10";"PRIMER REPORTE";"NOTICIERO";"D";"0";"0";"166,67";"";"01/07/10";"AUROCO";"4";"0";"07:00:00"
"
";"AUROCO00043";"13/07/10";"PRIMER REPORTE";"NOTICIERO";"D";"0";"0";"166,67";"";"01/07/10";"AUROCO";"5";"0";"07:00:00"
"
";"AUROCO00043";"14/07/10";"PRIMER REPORTE";"NOTICIERO";"D";"0";"0";"166,67";"";"01/07/10";"AUROCO";"6";"0";"07:00:00"
"
";"AUROCO00043";"16/07/10";"PRIMER REPORTE";"NOTICIERO";"D";"0";"0";"166,67";"";"01/07/10";"AUROCO";"7";"0";"07:00:00"
"
";"AUROCO00043";"19/07/10";"PRIMER REPORTE";"NOTICIERO";"D";"0";"0";"166,67";"";"01/07/10";"AUROCO";"8";"0";"07:00:00"
"
";"AUROCO00043";"21/07/10";"PRIMER REPORTE";"NOTICIERO";"D";"0";"0";"166,67";"";"01/07/10";"AUROCO";"9";"0";"07:00:00"
"
";"AUROCO00043";"22/07/10";"PRIMER REPORTE";"NOTICIERO";"D";"0";"0";"166,67";"";"01/07/10";"AUROCO";"10";"0";"07:00:00"
"
";"AUROCO00043";"07/07/10";"PRIMER REPORTE";"NOTICIERO";"D";"0";"0";"0";"";"01/07/10";"AUROCO";"11";"0";"07:00:00"
"
";"AUROCO00043";"12/07/10";"PRIMER REPORTE";"NOTICIERO";"D";"0";"0";"0";"";"01/07/10";"AUROCO";"12";"0";"07:00:00"
"
";"AUROCO00043";"15/07/10";"PRIMER REPORTE";"NOTICIERO";"D";"0";"0";"0";"";"01/07/10";"AUROCO";"13";"0";"07:00:00"
"
";"AUROCO00043";"20/07/10";"PRIMER REPORTE";"NOTICIERO";"D";"0";"0";"0";"";"01/07/10";"AUROCO";"14";"0";"07:00:00"
"
";"AUROCO00043";"23/07/10";"PRIMER REPORTE";"NOTICIERO";"D";"0";"0";"0";"";"01/07/10";"AUROCO";"15";"0";"07:00:00"
"
";"AUROCO00044";"05/07/10";"PRIMER REPORTE";"NOTICIERO";"D";"0";"0";"166,67";"";"01/07/10";"AUROCO";"1";"0";"07:00:00"
"
";"AUROCO00044";"06/07/10";"PRIMER REPORTE";"NOTICIERO";"D";"0";"0";"166,67";"";"01/07/10";"AUROCO";"2";"0";"07:00:00"
"
";"AUROCO00044";"08/07/10";"PRIMER REPORTE";"NOTICIERO";"D";"0";"0";"166,67";"";"01/07/10";"AUROCO";"3";"0";"07:00:00"
"
";"AUROCO00044";"09/07/10";"PRIMER REPORTE";"NOTICIERO";"D";"0";"0";"166,67";"";"01/07/10";"AUROCO";"4";"0";"07:00:00"
"
";"AUROCO00044";"13/07/10";"PRIMER REPORTE";"NOTICIERO";"D";"0";"0";"166,67";"";"01/07/10";"AUROCO";"5";"0";"07:00:00"
"
";"AUROCO00044";"14/07/10";"PRIMER REPORTE";"NOTICIERO";"D";"0";"0";"166,67";"";"01/07/10";"AUROCO";"6";"0";"07:00:00"
"
";"AUROCO00044";"16/07/10";"PRIMER REPORTE";"NOTICIERO";"D";"0";"0";"166,67";"";"01/07/10";"AUROCO";"7";"0";"07:00:00"
"
";"AUROCO00044";"19/07/10";"PRIMER REPORTE";"NOTICIERO";"D";"0";"0";"166,67";"";"01/07/10";"AUROCO";"8";"0";"07:00:00"
"
";"AUROCO00044";"21/07/10";"PRIMER REPORTE";"NOTICIERO";"D";"0";"0";"166,67";"";"01/07/10";"AUROCO";"9";"0";"07:00:00"
"
";"AUROCO00044";"22/07/10";"PRIMER REPORTE";"NOTICIERO";"D";"0";"0";"166,67";"";"01/07/10";"AUROCO";"10";"0";"07:00:00"
"
";"AUROCO00044";"07/07/10";"PRIMER REPORTE";"NOTICIERO";"D";"0";"0";"0";"";"01/07/10";"AUROCO";"11";"0";"07:00:00"
"
";"AUROCO00044";"12/07/10";"PRIMER REPORTE";"NOTICIERO";"D";"0";"0";"0";"";"01/07/10";"AUROCO";"12";"0";"07:00:00"
