"EDITAR";"ID_PROGRAMA";"PROGRAMA";"REGION";"CANAL";"GENERO";"TEMA";"PERIODO";"DIAS";"RATING";"MILES";"COSTO";"F_CREACION";"C_USUARIO";"MANUAL";
"
";"34284";"CUENTAMELO TODO";"x";"CANAL 09";"MAGAZINE";"11:00:00";"08:00:00";"L-V";"0";"0";"0";"16/02/17";"AUROCO";"S"
"
";"34285";"AQUI Y AHORA";"x";"CANAL 09";"NOTICIERO";"08:30:00";"05:30:00";"L-V";"0";"0";"0";"16/02/17";"AUROCO";"S"
"
";"34322";"CENTRAL DE NOTICIAS ATV LVM";"x";"CANAL 09";"NOTICIERO";"09:00:00";"06:00:00";"L-V";"0";"0";"0";"23/02/17";"AUROCO";"S"
"
";"34342";"90 NOCHE";"x";"FRECUENCIA LATINA - ESTELARES";"NOTICIERO";"23:50:00";"23:00:00";"L-V";"0";"0";"0";"24/02/17";"AUROCO";"S"
"
";"34343";"ROTATIVO 00:00 - 06:00 HRS.(MENTIRAS PERFECTAS LV-N).";"x";"FRECUENCIA LATINA - ESTELARES";"NOVELA";"02:00:00";"01:00:00";"L-V";"0";"0";"0";"24/02/17";"AUROCO";"S"
"
";"34344";"LA NOCHE ES MIA LVN";"x";"PANAMERICANA TELEVISION";"MAGAZINE";"00:00:00";"23:00:00";"L-V";"0";"0";"0";"24/02/17";"AUROCO";"S"
"
";"34345";"ULTIMA CENTRAL 22:00 - 23:00 HRS.";"x";"RPP TV";"NOTICIERO";"23:00:00";"22:00:00";"L-V";"0";"0";"0";"24/02/17";"AUROCO";"S"
"
";"34346";"PALABRERO L-N";"x";"CANAL 06";"MAGAZINE";"21:30:00";"21:00:00";"L-V";"0";"0";"0";"24/02/17";"AUROCO";"S"
"
";"34347";"JAMMIN MI-N";"x";"CANAL 06";"MUSICAL";"23:00:00";"21:00:00";"L-V";"0";"0";"0";"24/02/17";"AUROCO";"S"
"
";"34348";"100% FANATICOS SN";"x";"CANAL 03";"DEPORTES";"21:00:00";"20:00:00";"S";"0";"0";"0";"24/02/17";"AUROCO";"S"
"
";"34349";"SHOW DE GOLES SN";"x";"CANAL 03";"DEPORTES";"22:00:00";"21:00:00";"S";"0";"0";"0";"24/02/17";"AUROCO";"S"
"
";"34350";"RINCON DEL BOX DN";"x";"CANAL 03";"DEPORTES";"23:30:00";"22:30:00";"D";"0";"0";"0";"24/02/17";"AUROCO";"S"
"
";"34351";"FULL RUEDAS DN";"x";"CANAL 03";"AUTOMOVILISMO";"00:00:00";"23:30:00";"D";"0";"0";"0";"24/02/17";"AUROCO";"S"
"
";"34362";"AVENTURA CULINARIA MA-MA";"x";"CANAL 06";"CULINARIO";"10:30:00";"10:00:00";"L-V";"0";"0";"0";"27/02/17";"AUROCO";"S"
"
";"34382";"XIMENA EN CASA L-NO";"x";"CANAL 06";"CULINARIO";"20:30:00";"20:00:00";"L-V";"0";"0";"0";"01/03/17";"AUROCO";"S"
"
";"34383";"DESDE EL JARDIN MA-N";"x";"CANAL 06";"CULINARIO";"20:00:00";"19:30:00";"L-V";"0";"0";"0";"01/03/17";"AUROCO";"S"
"
";"34384";"TIEMPO DE VIAJE MA-NO";"x";"CANAL 06";"MAGAZINE";"22:00:00";"21:30:00";"L-V";"0";"0";"0";"01/03/17";"AUROCO";"S"
"
";"34386";"WANTAN NIGHT SD NO";"x";"CANAL 06";"MAGAZINE";"00:00:00";"23:00:00";"S-D";"0";"0";"0";"01/03/17";"AUROCO";"S"
"
";"34402";"LA BANDA DEL CHINO";"x";"CANAL 04";"MAGAZINE";"00:30:00";"23:30:00";"L-V";"0";"0";"0";"02/03/17";"AUROCO";"S"
"
";"34442";"ROTATIVO 06:00 - 18:00 HRS. (TELEWEBERS)";"x";"CANAL 02";"MAGAZINE";"18:00:00";"17:00:00";"S";"0";"0";"0";"13/03/17";"AUROCO";"S"
"
";"34462";"MIRA QUIEN CANTA SN";"x";"FRECUENCIA LATINA - ESTELARES";"CONCURSO";"23:00:00";"22:00:00";"S";"0";"0";"0";"17/03/17";"AUROCO";"S"
"
";"34463";"ROTATIVO 06:00 - 18:00 HRS, (CINE SABADO 2).";"x";"FRECUENCIA LATINA - ESTELARES";"PELICULA";"15:30:00";"14:00:00";"S";"0";"0";"0";"17/03/17";"AUROCO";"S"
"
";"34464";"MOISES Y LOS DIEZ MANDAMIENTOS (23:00 - 24:00 HRS.)";"x";"LATINA - FILIALES";"NOVELA";"00:00:00";"23:00:00";"L-V";"0";"0";"0";"17/03/17";"AUROCO";"S"
"
";"34482";"ROTATIVO DAY LV";"x";"CANAL 08";"NOTICIERO";"18:59:00";"07:00:00";"L-V";"0";"0";"0";"22/03/17";"AUROCO";"S"
"
";"34483";"ROTATIVO DAY SD";"x";"CANAL 08";"NOTICIERO";"18:59:00";"07:00:00";"S-D";"0";"0";"0";"22/03/17";"AUROCO";"S"
"
";"34484";"ROTATIVO PRIME LV";"x";"CANAL 08";"NOTICIERO";"23:59:00";"19:00:00";"L-V";"0";"0";"0";"22/03/17";"AUROCO";"S"
"
";"34485";"ROTATIVO PRIME D";"x";"CANAL 08";"NOTICIERO";"23:59:00";"19:00:00";"D";"0";"0";"0";"22/03/17";"AUROCO";"S"
"
";"34502";"ROTATIVO 06:00 - 18:00 HRS (ESPERANZA MIA)";"x";"CANAL 02";"NOVELA";"18:00:00";"17:00:00";"L-V";"0";"0";"0";"24/03/17";"AUROCO";"S"
"
";"34503";"N DIRECTO LV-T (17:00 - 18:00 HRS.)";"x";"CANAL 08";"NOTICIERO";"18:00:00";"17:00:00";"L-V";"0";"0";"0";"24/03/17";"AUROCO";"S"
"
";"34522";"ROTATIVO 06:00 - 18:00 HRS, (CINE SABADO 1)";"x";"CANAL 02";"PELICULA";"12:30:00";"11:00:00";"S";"0";"0";"0";"30/03/17";"AUROCO";"S"
"
";"34542";"EL CHAVO DEL OCHO DT";"x";"CANAL 04";"SERIE";"15:00:00";"14:00:00";"D";"0";"0";"0";"05/04/17";"AUROCO";"S"
"
";"34543";"BUTACA AMERICA ST";"x";"CANAL 04";"PELICULA";"17:30:00";"15:30:00";"S";"0";"0";"0";"05/04/17";"AUROCO";"S"
"
";"34544";"EL LUNES EMPIEZO L-MA-J T";"x";"CANAL 06";"MAGAZINE";"14:00:00";"13:30:00";"L-V";"0";"0";"0";"05/04/17";"AUROCO";"S"
"
";"34545";"LA MIRADA DE ANTONIA MI-V T";"x";"CANAL 06";"MAGAZINE";"14:00:00";"13:30:00";"L-V";"0";"0";"0";"05/04/17";"AUROCO";"S"
"
";"34562";"SALSA PA´L BARRIO REP. DT";"x";"WILLAX TV";"MUSICAL";"17:00:00";"16:00:00";"D";"0";"0";"0";"07/04/17";"AUROCO";"S"
"
";"34563";"COMBUTTERS LV-N";"x";"WILLAX TV";"ENTREVISTA";"23:00:00";"22:00:00";"L-V";"0";"0";"0";"07/04/17";"AUROCO";"S"
"
";"34564";"AVENTURA CULINARIA J-MA";"x";"CANAL 06";"CULINARIO";"08:30:00";"08:00:00";"L-V";"0";"0";"0";"07/04/17";"AUROCO";"S"
"
";"34582";"EL ANILLO DE RUBÍ (RUBY RING)";"x";"CANAL 05";"NOVELA";"17:45:00";"16:30:00";"L-V";"0";"0";"0";"27/04/17";"AUROCO";"S"
"
";"34602";"SANTA NOCHE";"x";"WILLAX TV";"HUMOR";"23:00:00";"22:00:00";"L-V";"0";"0";"0";"28/04/17";"AUROCO";"S"
"
";"34662";"PRIMERO A LAS 8 LVN";"x";"CANAL 08";"NOTICIERO";"21:00:00";"20:00:00";"L-V";"0";"0";"0";"12/05/17";"AUROCO";"S"
"
";"34682";"ROTATIVO 00:00 - 06:00 HRS.(HASHTAG)";"x";"CANAL 02";"MAGAZINE";"01:00:00";"00:30:00";"L-V";"0";"0";"0";"15/05/17";"AUROCO";"S"
"
";"34683";"EL WASAP DE JB SN";"x";"FRECUENCIA LATINA - ESTELARES";"HUMOR";"22:00:00";"20:00:00";"S";"0";"0";"0";"15/05/17";"AUROCO";"S"
"
";"34684";"DE VUELTA AL BARRIO";"x";"CANAL 04";"SERIE";"21:30:00";"20:30:00";"L-V";"0";"0";"0";"15/05/17";"AUROCO";"S"
"
";"34685";"DESDE EL JARDIN V T";"x";"CANAL 06";"CULINARIO";"13:30:00";"13:00:00";"L-V";"0";"0";"0";"15/05/17";"AUROCO";"S"
"
";"34686";"COCINA EN UN TOQUE L-N";"x";"CANAL 06";"CULINARIO";"20:00:00";"19:30:00";"L-V";"0";"0";"0";"15/05/17";"AUROCO";"S"
"
";"34687";"AVENTURA CULINARIA  MIT";"x";"CANAL 06";"CULINARIO";"13:00:00";"12:30:00";"L-V";"0";"0";"0";"15/05/17";"AUROCO";"S"
"
";"34688";"XIMENA EN CASA LV-T";"x";"CANAL 06";"CULINARIO";"14:00:00";"13:30:00";"L-V";"0";"0";"0";"15/05/17";"AUROCO";"S"
"
";"34689";"DULCES SECRETOS V-N";"x";"CANAL 06";"CULINARIO";"22:00:00";"21:30:00";"L-V";"0";"0";"0";"15/05/17";"AUROCO";"S"
"
";"34702";"LA FAMILIA INGALLS";"x";"CANAL 05";"SERIE";"19:00:00";"18:00:00";"L-V";"0";"0";"0";"17/05/17";"AUROCO";"S"
"
";"34722";"SITSHOW MIT";"x";"CANAL 06";"MAGAZINE";"15:00:00";"14:00:00";"L-V";"0";"0";"0";"01/06/17";"AUROCO";"S"
"
";"34723";"SITSHOW DT";"x";"CANAL 06";"MAGAZINE";"13:00:00";"12:00:00";"D";"0";"0";"0";"01/06/17";"AUROCO";"S"
"
";"34742";"TIG TERRENOS EN OCALA FLORIDA";"x";"PANAMERICANA TELEVISION";"MAGAZINE";"00:30:00";"00:00:00";"D";"0";"0";"0";"07/06/17";"AUROCO";"S"
"
";"34782";"ROTATIVO 06:00 - 18:00 HRS. (LOS ANIMALES ME IMPORTAN)";"x";"CANAL 02";"MAGAZINE";"12:00:00";"11:00:00";"D";"0";"0";"0";"13/06/17";"AUROCO";"S"
"
";"34802";"ITINERARIO";"x";"RBC TELEVISION";"MAGAZINE";"19:00:00";"18:00:00";"S";"0";"0";"0";"15/06/17";"AUROCO";"S"
"
";"34822";"CHECK IN LMA";"x";"CANAL 06";"MAGAZINE";"11:30:00";"11:00:00";"L-V";"0";"0";"0";"20/06/17";"AUROCO";"S"
"
";"34842";"SARAS & KUMUD";"x";"CANAL 05";"NOVELA";"16:30:00";"15:00:00";"L-V";"0";"0";"0";"21/06/17";"AUROCO";"S"
"
";"34882";"AQUI TODO ES SALUD CON EL DR. QUITO";"x";"CANAL 05";"SALUD";"12:00:00";"11:30:00";"S";"0";"0";"0";"27/06/17";"AUROCO";"S"
"
";"34942";"AMERICA NOTICIAS: ESPECTACULOS LV";"x";"CANAL 04";"MAGAZINE";"09:30:00";"08:30:00";"L-V";"0";"0";"0";"11/07/17";"AUROCO";"S"
"
";"34962";"MUJERCITAS";"x";"CANAL 04";"NOVELA";"22:30:00";"21:30:00";"L-V";"0";"0";"0";"17/07/17";"AUROCO";"S"
"
";"34982";"ROTATIVO 00:00 - 06:00 HRS. (EL SHOW DEL FUTBOL LVN)";"x";"CANAL 02";"DEPORTES";"00:30:00";"00:00:00";"L-V";"0";"0";"0";"18/07/17";"AUROCO";"S"
"
";"34983";"ROTATIVO 06:00 - 18:00 HRS, (AMOR ETERNO)";"x";"CANAL 02";"NOVELA";"19:00:00";"17:30:00";"L-V";"0";"0";"0";"18/07/17";"AUROCO";"S"
"
";"35042";"ESPECIAL FIESTAS PATRIAS PANAMERICANA 28/07";"x";"CANAL 05";"MAGAZINE";"13:00:00";"07:00:00";"D";"0";"0";"0";"24/07/17";"AUROCO";"S"
"
";"35043";"ESPECIAL FIESTAS PATRIAS LATINA 28/07";"x";"CANAL 02";"MAGAZINE";"13:00:00";"07:00:00";"D";"0";"0";"0";"24/07/17";"AUROCO";"S"
"
";"35063";"MATINEE AMERICA ST";"x";"CANAL 04";"PELICULA";"17:00:00";"15:00:00";"S";"0";"0";"0";"25/07/17";"AUROCO";"S"
"
";"35082";"ROTATIVO 06:00 - 18:00 HRS, (LA PREVIA DEL SHOW DT)";"x";"CANAL 02";"DEPORTES";"16:00:00";"15:30:00";"D";"0";"0";"0";"26/07/17";"AUROCO";"S"
"
";"34283";"PRIMERO A LAS 8 DN";"x";"CANAL 08";"NOTICIERO";"21:00:00";"20:00:00";"D";"0";"0";"0";"16/02/17";"AUROCO";"S"
"
";"35122";"A BOCAJARRO DT";"x";"CANAL 08";"PERIODISTICO";"15:00:00";"14:00:00";"D";"0";"0";"0";"08/08/17";"AUROCO";"S"
"
";"35162";"BLOQUE DE DEPORTES (22:40 - 23:00 HRS.)";"x";"CANAL 08";"DEPORTES";"23:00:00";"22:40:00";"L-V";"0";"0";"0";"10/08/17";"AUROCO";"S"
"
";"35163";"BLOQUE DAY LV (07:00 - 08:30 HRS.)";"x";"GOLPERU";"DEPORTES";"08:30:00";"07:00:00";"L-V";"0";"0";"0";"10/08/17";"AUROCO";"S"
"
";"35164";"BLOQUE DAY SD (07:00 - 08:30 HRS.)";"x";"GOLPERU";"DEPORTES";"08:30:00";"07:00:00";"S-D";"0";"0";"0";"10/08/17";"AUROCO";"S"
"
";"35165";"BLOQUE DAY LV (13:00 - 15:00 HRS.)";"x";"GOLPERU";"DEPORTES";"15:00:00";"13:00:00";"L-V";"0";"0";"0";"10/08/17";"AUROCO";"S"
"
";"35166";"BLOQUE DAY SD (13:00 - 15:00 HRS.)";"x";"GOLPERU";"DEPORTES";"15:00:00";"13:00:00";"S-D";"0";"0";"0";"10/08/17";"AUROCO";"S"
"
";"35167";"BLOQUE PRIME LV (21:00 - 22:00 HRS.)";"x";"GOLPERU";"DEPORTES";"22:00:00";"21:00:00";"L-V";"0";"0";"0";"10/08/17";"AUROCO";"S"
"
";"35171";"GOLREPLAY REP. LV (23:00 - 23:30 HRS.)";"x";"GOLPERU";"DEPORTE";"23:30:00";"23:00:00";"L-V";"0";"0";"0";"10/08/17";"AUROCO";"S"
"
";"35169";"BLOQUE PRIME SD (21:00 - 22:00 HRS.)";"x";"GOLPERU";"DEPORTES";"22:00:00";"21:00:00";"S-D";"0";"0";"0";"10/08/17";"AUROCO";"S"
"
";"35170";"GOLREPLAY LV-N";"x";"GOLPERU";"DEPORTES";"20:30:00";"20:00:00";"L-V";"0";"0";"0";"10/08/17";"AUROCO";"S"
"
";"35172";"GOLREPLAY REP. LV (06:00 - 06:30 HRS.)";"x";"GOLPERU";"DEPORTES";"06:30:00";"06:00:00";"L-V";"0";"0";"0";"10/08/17";"AUROCO";"S"
"
";"35173";"GOLREPLAY REP. S (07:30 - 08:00 HRS.)";"x";"GOLPERU";"DEPORTES";"08:00:00";"07:30:00";"S";"0";"0";"0";"10/08/17";"AUROCO";"S"
"
";"35182";"LA PREVIA - CHIMBOTE";"x";"AMERICA TELEVISION FILIALES";"DEPORTES";"20:00:00";"19:30:00";"D";"0";"0";"0";"11/08/17";"AUROCO";"S"
"
";"35183";"LA PREVIA - CHICLAYO";"x";"AMERICA TELEVISION FILIALES";"DEPORTES";"20:00:00";"19:30:00";"D";"0";"0";"0";"11/08/17";"AUROCO";"S"
"
";"35184";"LA PREVIA - ICA";"x";"AMERICA TELEVISION FILIALES";"DEPORTES";"20:00:00";"19:30:00";"D";"0";"0";"0";"11/08/17";"AUROCO";"S"
"
";"35185";"LA PREVIA - TRUJILLO";"x";"AMERICA TELEVISION FILIALES";"DEPORTES";"20:00:00";"19:30:00";"D";"0";"0";"0";"11/08/17";"AUROCO";"S"
"
";"35186";"LA PREVIA - TARAPOTO";"x";"AMERICA TELEVISION FILIALES";"DEPORTES";"20:00:00";"19:30:00";"D";"0";"0";"0";"11/08/17";"AUROCO";"S"
"
";"35187";"FUTBOL EN AMERICA - CHIMBOTE";"x";"AMERICA TELEVISION FILIALES";"DEPORTES";"00:00:00";"22:30:00";"D";"0";"0";"0";"11/08/17";"AUROCO";"S"
"
";"35188";"FUTBOL EN AMERICA - CHICLAYO";"x";"AMERICA TELEVISION FILIALES";"DEPORTES";"00:00:00";"22:30:00";"D";"0";"0";"0";"11/08/17";"AUROCO";"S"
"
";"35189";"FUTBOL EN AMERICA - ICA";"x";"AMERICA TELEVISION FILIALES";"DEPORTES";"00:00:00";"22:30:00";"D";"0";"0";"0";"11/08/17";"AUROCO";"S"
"
";"35190";"FUTBOL EN AMERICA - TRUJILLO";"x";"AMERICA TELEVISION FILIALES";"DEPORTES";"00:00:00";"22:30:00";"D";"0";"0";"0";"11/08/17";"AUROCO";"S"
"
";"35191";"FUTBOL EN AMERICA - TARAPOTO";"x";"AMERICA TELEVISION FILIALES";"DEPORTES";"00:00:00";"22:30:00";"D";"0";"0";"0";"11/08/17";"AUROCO";"S"
"
";"35242";"ROTATIVO 00:00 - 06:00 HRS, (PASION POR EL FUTBOL DN)";"x";"CANAL 02";"DEPORTES";"01:00:00";"00:00:00";"D";"0";"0";"0";"29/08/17";"AUROCO";"S"
"
";"35262";"PRIMERO A LAS 12 - CANAL N";"x";"TELEFECTIVOS";"NOTICIERO";"14:00:00";"12:00:00";"L-V";"0";"0";"0";"01/09/17";"AUROCO";"S"
"
";"35263";"D´ 6 A 9 - CANAL N";"x";"TELEFECTIVOS";"NOTICIERO";"09:00:00";"06:00:00";"L-V";"0";"0";"0";"01/09/17";"AUROCO";"S"
"
";"35264";"N DIRECTO (17:00 - 18:00 HRS.) - CANAL N";"x";"TELEFECTIVOS";"NOTICIERO";"18:00:00";"17:00:00";"L-V";"0";"0";"0";"01/09/17";"AUROCO";"S"
"
";"35283";"LINEA Y PUNTO MA-T";"x";"CANAL 06";"DECORACION";"14:00:00";"13:30:00";"L-V";"0";"0";"0";"07/09/17";"AUROCO";"S"
"
";"35284";"BLOQUE DE DEPORTES (12:45 - 13:00 HRS.)";"x";"CANAL 08";"DEPORTES";"13:00:00";"12:45:00";"L-V";"0";"0";"0";"07/09/17";"AUROCO";"S"
"
";"35302";"LA BUENA VIDA SM";"x";"CANAL 06";"SALUD";"12:00:00";"11:30:00";"S";"0";"0";"0";"08/09/17";"AUROCO";"S"
"
";"35322";"2019 CON MAVILA HUERTAS";"x";"CANAL 08";"ENTREVISTA";"22:00:00";"21:00:00";"L-V";"0";"0";"0";"18/09/17";"AUROCO";"S"
"
";"35382";"ESPECIAL:  SEMANA DE LA ARQUITECTURA";"x";"CANAL 06";"MAGAZINE";"13:00:00";"12:30:00";"L-V";"0";"0";"0";"05/10/17";"AUROCO";"S"
"
";"35383";"BLOQUE PRIME LV (19:00 - 21:00 HRS.)";"x";"GOLPERU";"DEPORTES";"21:00:00";"19:00:00";"L-V";"0";"0";"0";"05/10/17";"AUROCO";"S"
"
";"35384";"BLOQUE PRIME SD (19:00 - 21:00 HRS.)";"x";"GOLPERU";"DEPORTES";"21:00:00";"19:00:00";"S-D";"0";"0";"0";"05/10/17";"AUROCO";"S"
"
";"35402";"COLORINA";"x";"CANAL 04";"NOVELA";"22:30:00";"21:30:00";"L-V";"0";"0";"0";"16/10/17";"AUROCO";"S"
"
";"35403";"ELLA ERA BONITA";"x";"WILLAX TV";"NOVELA";"19:00:00";"18:00:00";"L-V";"0";"0";"0";"16/10/17";"AUROCO";"S"
"
";"35422";"BLOQUE DAY LV (10:00 - 12:00 HRS.)";"x";"GOLPERU";"DEPORTES";"12:00:00";"10:00:00";"L-V";"0";"0";"0";"25/10/17";"AUROCO";"S"
"
";"35423";"BLOQUE DAY SD (10:00 - 12:00 HRS.)";"x";"GOLPERU";"DEPORTES";"12:00:00";"10:00:00";"S-D";"0";"0";"0";"25/10/17";"AUROCO";"S"
"
";"35442";"ROTATIVO 00:00 - 06:00 HRS (ESPECTACULOS DM)";"x";"CANAL 02";"MAGAZINE";"07:00:00";"05:00:00";"D";"0";"0";"0";"27/10/17";"AUROCO";"S"
"
";"35462";"AL ANGULO LV-N";"x";"CANAL 03";"DEPORTIVO";"23:30:00";"22:00:00";"L-V";"0";"0";"0";"03/11/17";"AUROCO";"S"
"
";"35502";"ROTATIVO 06:00 - 19:00 HRS,  (MI ULTIMO DESEO LVT)";"x";"CANAL 05";"NOVELA";"17:00:00";"15:00:00";"L-V";"0";"0";"0";"07/11/17";"AUROCO";"S"
"
";"35542";"YO SOY KIDS (MENCION)";"x";"FRECUENCIA LATINA - ESTELARES";"CONCURSO";"22:30:00";"21:00:00";"L-V";"0";"0";"0";"09/11/17";"AUROCO";"S"
"
";"35562";"PADRES SIN MANUAL S M";"x";"CANAL 06";"MAGAZINE";"12:00:00";"11:30:00";"S";"0";"0";"0";"13/11/17";"AUROCO";"S"
"
";"35563";"PADRES SIN MANUAL DT";"x";"CANAL 06";"MAGAZINE";"17:00:00";"16:30:00";"D";"0";"0";"0";"13/11/17";"AUROCO";"S"
"
";"35582";"COMBINADO - ENTREVISTA";"x";"CANAL 05";"MAGAZINE";"12:00:00";"10:30:00";"L-V";"0";"0";"0";"15/11/17";"AUROCO";"S"
"
";"35602";"W DOS MUNDOS";"x";"WILLAX TV";"NOVELA";"19:00:00";"18:00:00";"L-V";"0";"0";"0";"29/11/17";"AUROCO";"S"
"
";"35643";"XIMENA EN CASA MA T";"x";"CANAL 06";"CULINARIO";"13:30:00";"13:00:00";"L-V";"0";"0";"0";"06/12/17";"AUROCO";"S"
"
";"35644";"PATAS Y GARRAS L-N";"x";"CANAL 06";"MAGAZINE";"19:30:00";"19:00:00";"L-V";"0";"0";"0";"06/12/17";"AUROCO";"S"
"
";"35645";"COCINA EN UN TOQUE MA-V M";"x";"CANAL 06";"CULINARIO";"09:30:00";"09:00:00";"L-V";"0";"0";"0";"06/12/17";"AUROCO";"S"
"
";"35646";"XIMENA EN CASA J-N";"x";"CANAL 06";"CULINARIO";"23:00:00";"22:30:00";"L-V";"0";"0";"0";"06/12/17";"AUROCO";"S"
"
";"35647";"HOJA DE VIDA LT";"x";"CANAL 06";"MAGAZINE";"16:30:00";"16:00:00";"L-V";"0";"0";"0";"06/12/17";"AUROCO";"S"
"
";"35682";"CINECANAL LV 18:00 - 00:00";"x";"FOX ONE STOP MEDIA";"PELICULAS";"00:00:00";"18:00:00";"L-V";"0";"0";"0";"02/01/18";"AUROCO";"S"
"
";"35702";"CONTACTO";"x";"CANAL 08";"ENTREVISTA";"00:00:00";"23:00:00";"L-V";"0";"0";"0";"05/01/18";"AUROCO";"S"
"
";"35703";"MATAME SANAME";"x";"WILLAX TV";"NOVELA";"19:00:00";"18:00:00";"L-V";"0";"0";"0";"05/01/18";"AUROCO";"S"
"
";"35704";"CONTACTO ST";"x";"CANAL 08";"ENTREVISTA";"17:00:00";"16:00:00";"S";"0";"0";"0";"05/01/18";"AUROCO";"S"
"
";"35722";"EL ROMANCE DE LA SUERTE";"x";"WILLAX TV";"NOVELA";"14:00:00";"13:00:00";"L-V";"0";"0";"0";"17/01/18";"AUROCO";"S"
"
";"35742";"EL PAPA EN EL PERÚ VT";"x";"CANAL 08";"ESPECIAL";"16:00:00";"14:00:00";"L-V";"0";"0";"0";"18/01/18";"AUROCO";"S"
"
";"35743";"EL PAPA EN EL PERÚ SDM";"x";"CANAL 08";"ESPECIAL";"14:00:00";"07:00:00";"S-D";"0";"0";"0";"18/01/18";"AUROCO";"S"
"
";"35744";"EL PAPA EN EL PERÚ SDT";"x";"CANAL 08";"ESPECIAL";"20:00:00";"16:00:00";"S-D";"0";"0";"0";"18/01/18";"AUROCO";"S"
"
";"35745";"EL PAPA EN EL PERÚ VT2";"x";"CANAL 08";"ESPECIAL";"20:00:00";"17:00:00";"L-V";"0";"0";"0";"18/01/18";"AUROCO";"S"
"
";"35762";"CLASICOS DE COCINA LV-M";"x";"CANAL 06";"CULINARIO";"12:00:00";"11:30:00";"L-V";"0";"0";"0";"25/01/18";"AUROCO";"S"
"
";"35763";"XIMENA EN CASA D-T";"x";"CANAL 06";"CULINARIO";"18:30:00";"18:00:00";"D";"0";"0";"0";"25/01/18";"AUROCO";"S"
"
";"35782";"COMO DICE EL DICHO LV-M";"x";"CANAL 09";"SERIE";"12:00:00";"11:00:00";"L-V";"0";"0";"0";"29/01/18";"AUROCO";"S"
"
";"35802";"ROTATIVO 06:00 - 18:00 HRS (RATA DE DOS PATAS)";"x";"CANAL 02";"SERIE";"18:30:00";"16:30:00";"L-V";"0";"0";"0";"30/01/18";"AUROCO";"S"
"
";"35822";"ROTATIVO 06:00 - 19:00 HRS, (TIERRA DE PASIONES)";"x";"CANAL 05";"NOVELA";"18:00:00";"17:00:00";"L-V";"0";"0";"0";"09/02/18";"AUROCO";"S"
"
";"35823";"POR SIEMPRE LV-M";"x";"CANAL 09";"NOVELA";"10:00:00";"09:00:00";"L-V";"0";"0";"0";"09/02/18";"AUROCO";"S"
"
";"35824";"FOX 14:00 A 15:00 HRS. LV";"x";"FOX MEDIA";"SERIE";"15:00:00";"14:00:00";"L-V";"0";"0";"0";"09/02/18";"AUROCO";"S"
"
";"35825";"FOX 14:00 A 15:00 HRS. SD";"x";"FOX MEDIA";"SERIE";"15:00:00";"14:00:00";"S-D";"0";"0";"0";"09/02/18";"AUROCO";"S"
"
";"35827";"FOX 15:00 A 16:00 HRS. SD";"x";"FOX MEDIA";"SERIE";"16:00:00";"15:00:00";"S-D";"0";"0";"0";"09/02/18";"AUROCO";"S"
"
";"35828";"FOX 16:00 A 17:00 HRS. LV";"x";"FOX MEDIA";"SERIE";"17:00:00";"16:00:00";"L-V";"0";"0";"0";"09/02/18";"AUROCO";"S"
"
";"35829";"FOX 16:00 A 17:00 HRS. SD";"x";"FOX MEDIA";"SERIE";"17:00:00";"16:00:00";"S-D";"0";"0";"0";"09/02/18";"AUROCO";"S"
"
";"35830";"FOX 17:00 A 18:00 HRS. LV";"x";"FOX MEDIA";"SERIE";"18:00:00";"17:00:00";"L-V";"0";"0";"0";"09/02/18";"AUROCO";"S"
"
";"35831";"FOX 17:00 A 18:00 HRS. SD";"x";"FOX MEDIA";"SERIE";"18:00:00";"17:00:00";"S-D";"0";"0";"0";"09/02/18";"AUROCO";"S"
"
";"35832";"FOX 20:00 A 21:00 HRS. LV";"x";"FOX MEDIA";"SERIE";"21:00:00";"20:00:00";"L-V";"0";"0";"0";"09/02/18";"AUROCO";"S"
"
";"35833";"FOX 20:00 A 21:00 HRS. SD";"x";"FOX MEDIA";"SERIE";"21:00:00";"20:00:00";"S-D";"0";"0";"0";"09/02/18";"AUROCO";"S"
"
";"35826";"FOX 15:00 A 16:00 HRS. LV";"x";"FOX MEDIA";"SERIE";"16:00:00";"15:00:00";"L-V";"0";"0";"0";"09/02/18";"AUROCO";"S"
"
";"35834";"FOX 21:00 A 22:00 HRS. LV";"x";"FOX MEDIA";"SERIE";"22:00:00";"21:00:00";"L-V";"0";"0";"0";"09/02/18";"AUROCO";"S"
"
";"35835";"FOX 21:00 A 22:00 HRS. SD";"x";"FOX MEDIA";"SERIE";"22:00:00";"21:00:00";"S-D";"0";"0";"0";"09/02/18";"AUROCO";"S"
"
";"35836";"SONY 17:00 - 18:00 HRS. LV";"x";"SONY - AXN";"SERIE";"18:00:00";"17:00:00";"L-V";"0";"0";"0";"09/02/18";"AUROCO";"S"
"
";"35837";"SONY 17:00 - 18:00 HRS. SD";"x";"SONY - AXN";"SERIE";"18:00:00";"17:00:00";"S-D";"0";"0";"0";"09/02/18";"AUROCO";"S"
"
";"35838";"SONY 19:00 - 20:00 HRS. LV";"x";"SONY - AXN";"SERIE";"20:00:00";"19:00:00";"L-V";"0";"0";"0";"09/02/18";"AUROCO";"S"
"
";"35839";"SONY 19:00 - 20:00 HRS. SD";"x";"SONY - AXN";"SERIE";"20:00:00";"19:00:00";"S-D";"0";"0";"0";"09/02/18";"AUROCO";"S"
"
";"35840";"SONY 20:00 - 21:00 HRS. LV";"x";"SONY - AXN";"SERIE";"21:00:00";"20:00:00";"L-V";"0";"0";"0";"09/02/18";"AUROCO";"S"
"
";"35841";"SONY 20:00 - 21:00 HRS. SD";"x";"SONY - AXN";"SERIE";"21:00:00";"20:00:00";"S-D";"0";"0";"0";"09/02/18";"AUROCO";"S"
"
";"35842";"SONY 21:00 - 22:00 HRS. LV";"x";"SONY - AXN";"SERIE";"22:00:00";"21:00:00";"L-V";"0";"0";"0";"09/02/18";"AUROCO";"S"
"
";"35843";"SONY 21:00 - 22:00 HRS. SD";"x";"SONY - AXN";"SERIE";"22:00:00";"21:00:00";"S-D";"0";"0";"0";"09/02/18";"AUROCO";"S"
"
";"35882";"RPP NOTICIAS - EDICION SAB NOCHE";"x";"RPP TV";"NOTICIERO";"21:00:00";"20:00:00";"S";"0";"0";"0";"16/02/18";"AUROCO";"S"
"
";"35942";"ROTATIVO 06:00 - 19:00 HRS, (HUERFANAS)";"x";"CANAL 05";"NOVELA";"19:00:00";"18:30:00";"L-V";"0";"0";"0";"27/02/18";"AUROCO";"S"
"
";"35943";"LOS AMORES DE POLO LV-M";"x";"CANAL 04";"SERIE";"12:00:00";"11:00:00";"L-V";"0";"0";"0";"27/02/18";"AUROCO";"S"
"
";"35944";"EL CUERPO DEL DESEO LV-T";"x";"CANAL 05";"NOVELA";"17:00:00";"16:00:00";"L-V";"0";"0";"0";"27/02/18";"AUROCO";"S"
"
";"35945";"ROTATIVO 06:00 - 19:00 HRS, (EL ESPECIAL DEL HUMOR S-T)";"x";"CANAL 05";"HUMOR";"15:00:00";"14:00:00";"S";"0";"0";"0";"27/02/18";"AUROCO";"S"
"
";"35946";"HABIA UNA VEZ UNA CASA MA-M";"x";"CANAL 06";"CULINARIO";"10:30:00";"10:00:00";"L-V";"0";"0";"0";"27/02/18";"AUROCO";"S"
"
";"35947";"HABIA UNA VEZ UNA CASA J-M";"x";"CANAL 06";"CULINARIO";"10:00:00";"09:30:00";"L-V";"0";"0";"0";"27/02/18";"AUROCO";"S"
"
";"35948";"HABIA UNA VEZ UNA CASA D-M";"x";"CANAL 06";"CULINARIO";"10:00:00";"09:30:00";"D";"0";"0";"0";"27/02/18";"AUROCO";"S"
"
";"35949";"HABIA UNA VEZ UNA CASA S-M";"x";"CANAL 06";"CULINARIO";"10:30:00";"10:00:00";"S";"0";"0";"0";"27/02/18";"AUROCO";"S"
"
";"35950";"HABIA UNA VEZ UNA CASA D-T";"x";"CANAL 06";"CULINARIO";"17:00:00";"16:30:00";"D";"0";"0";"0";"27/02/18";"AUROCO";"S"
"
";"35951";"VIDA EN PAREJA S-M";"x";"WILLAX TV";"MAGAZINE";"12:00:00";"11:00:00";"S";"0";"0";"0";"27/02/18";"AUROCO";"S"
"
";"35952";"VIDA EN PAREJA D-M";"x";"WILLAX TV";"MAGAZINE";"11:00:00";"10:00:00";"D";"0";"0";"0";"27/02/18";"AUROCO";"S"
"
";"35953";"ESPECIAL DE TRAPITOS AL AIRE DM";"x";"WILLAX TV";"MAGAZINE";"08:00:00";"07:00:00";"D";"0";"0";"0";"27/02/18";"AUROCO";"S"
"
";"35982";"EL CHAVO DEL OCHO DT(2)";"x";"CANAL 04";"SERIE";"16:00:00";"15:30:00";"D";"0";"0";"0";"02/03/18";"AUROCO";"S"
"
";"36002";"N NOTICIAS L-V (18:00 - 19:00 HRS.)";"x";"CANAL 08";"NOTICIERO";"19:00:00";"18:00:00";"L-V";"0";"0";"0";"05/03/18";"AUROCO";"S"
"
";"36042";"HUARIKES S-N";"x";"WILLAX TV";"CULINARIO";"21:00:00";"20:00:00";"S";"0";"0";"0";"09/03/18";"AUROCO";"S"
"
";"36082";"ROTATIVO 06:00 - 18:00 HRS (LA PURITA VERDAD)";"x";"CANAL 02";"NOTICIERO";"11:30:00";"09:00:00";"L-V";"0";"0";"0";"15/03/18";"AUROCO";"S"
"
";"36083";"PADRES SIN MANUAL L-MI-V T";"x";"CANAL 06";"MAGAZINE";"17:00:00";"16:30:00";"L-V";"0";"0";"0";"15/03/18";"AUROCO";"S"
"
";"36084";"PADRES SIN MANUAL L-MI-V M";"x";"CANAL 06";"MAGAZINE";"09:00:00";"08:30:00";"L-V";"0";"0";"0";"15/03/18";"AUROCO";"S"
"
";"36085";"HOJA DE VIDA MA-J M";"x";"CANAL 06";"MAGAZINE";"09:00:00";"08:30:00";"L-V";"0";"0";"0";"15/03/18";"AUROCO";"S"
"
";"36086";"HABIA UNA VEZ UNA CASA MI T";"x";"CANAL 06";"MAGAZINE";"14:00:00";"13:30:00";"L-V";"0";"0";"0";"15/03/18";"AUROCO";"S"
"
";"36087";"HABIA UNA VEZ UNA CASA L T";"x";"CANAL 06";"MAGAZINE";"14:30:00";"14:00:00";"L-V";"0";"0";"0";"15/03/18";"AUROCO";"S"
"
";"36102";"ROTATIVO 06:00 - 18:00 HRS (CASO CERRADO LV-T) 2";"x";"CANAL 02";"REALITY";"17:30:00";"16:00:00";"L-V";"0";"0";"0";"16/03/18";"AUROCO";"S"
"
";"36103";"EN SU PUNTO ST";"x";"WILLAX TV";"CULINARIO";"15:00:00";"14:00:00";"S";"0";"0";"0";"16/03/18";"AUROCO";"S"
"
";"36122";"WILLAX EN ACCION LV N";"x";"WILLAX TV";"DEPORTES";"21:00:00";"20:00:00";"L-V";"0";"0";"0";"22/03/18";"AUROCO";"S"
"
";"36123";"ESPECIAL DE TRAPITOS AL AIRE ST";"x";"WILLAX TV";"MAGAZINE";"16:00:00";"15:00:00";"S";"0";"0";"0";"22/03/18";"AUROCO";"S"
"
";"36162";"ROTATIVO 00:00 - 06:00 HRS. (LA PURITA VERDAD SM)";"x";"CANAL 02";"NOTICIERO";"06:30:00";"05:00:00";"S";"0";"0";"0";"06/04/18";"AUROCO";"S"
"
";"36163";"ROTATIVO 00:00 - 06:00 HRS. (LA PURITA VERDAD DM)";"x";"CANAL 02";"NOTICIERO";"06:00:00";"05:00:00";"D";"0";"0";"0";"06/04/18";"AUROCO";"S"
"
";"36182";"ROTATIVO 06:00 - 18:00 HRS (VALGAME LV-T)";"x";"CANAL 02";"MAGAZINE";"15:00:00";"13:00:00";"L-V";"0";"0";"0";"09/04/18";"AUROCO";"S"
"
";"36202";"ROTATIVO 06:00 - 19:00 HRS, (DUELE AMAR) LV-T";"x";"CANAL 05";"NOVELA";"16:00:00";"15:00:00";"L-V";"0";"0";"0";"11/04/18";"AUROCO";"S"
"
";"36203";"HUERFANAS LV-T";"x";"CANAL 05";"NOVELA";"19:15:00";"18:30:00";"L-V";"0";"0";"0";"11/04/18";"AUROCO";"S"
"
";"36222";"TRAPITOS AL AIRE LV-T";"x";"WILLAX TV";"MAGAZINE";"15:00:00";"14:00:00";"L-V";"0";"0";"0";"19/04/18";"AUROCO";"S"
"
";"36242";"ROTATIVO 06:00 - 19:00 HRS, (EN EXCLUSIVA)";"x";"CANAL 05";"MAGAZINE";"13:00:00";"12:00:00";"L-V";"0";"0";"0";"24/04/18";"AUROCO";"S"
"
";"36262";"LOS CUATRO FINALISTAS  SN";"x";"FRECUENCIA LATINA - ESTELARES";"CONCURSO";"00:00:00";"22:00:00";"S";"0";"0";"0";"02/05/18";"AUROCO";"S"
"
";"36263";"MI MAMÁ COCINA MEJOR QUE LA TUYA";"x";"CANAL 04";"CONCURSO";"20:00:00";"19:00:00";"D";"0";"0";"0";"02/05/18";"AUROCO";"S"
"
";"36322";"ROTATIVO DE 06:00 - 18:00 HRS (CAMINO A RUSIA 2018)";"x";"CANAL 02";"DEPORTE";"10:30:00";"09:00:00";"S";"0";"0";"0";"14/05/18";"AUROCO";"S"
"
";"36442";"ROTATIVO 06:00 - 18:00 HRS, (BRAVAZO) DM";"x";"CANAL 02";"CULINARIO";"12:30:00";"12:00:00";"D";"0";"0";"0";"31/05/18";"AUROCO";"S"
"
";"36342";"LAS TARDES DEL DIEZ";"x";"PROGRAMAS INDEPENDIENTES";"DEPORTIVO";"14:30:00";"14:00:00";"D";"0";"0";"0";"15/05/18";"AUROCO";"S"
"
";"36402";"HUARIKES S-M";"x";"WILLAX TV";"CULINARIO";"11:00:00";"10:00:00";"S";"0";"0";"0";"25/05/18";"AUROCO";"S"
"
";"36403";"LAS CALIENTITAS S-T";"x";"WILLAX TV";"MUSICAL";"15:00:00";"14:00:00";"S";"0";"0";"0";"25/05/18";"AUROCO";"S"
"
";"36422";"BLOQUE DAY 07:00 A 17:00 HRS. LV";"x";"GOLPERU";"DEPORTES";"17:00:00";"07:00:00";"L-V";"0";"0";"0";"30/05/18";"AUROCO";"S"
"
";"36423";"BLOQUE MADRUGADA 06:00 A 07:00 HRS. LV";"x";"GOLPERU";"DEPORTES";"07:00:00";"06:00:00";"L-V";"0";"0";"0";"30/05/18";"AUROCO";"S"
"
";"36424";"BLOQUE PRIME 17:00 A 24:00 HRS. LV";"x";"GOLPERU";"DEPORTES";"00:00:00";"17:00:00";"L-V";"0";"0";"0";"30/05/18";"AUROCO";"S"
"
";"36425";"BLOQUE DAY 07:00 A 17:00 HRS. SD";"x";"GOLPERU";"DEPORTES";"17:00:00";"07:00:00";"S-D";"0";"0";"0";"30/05/18";"AUROCO";"S"
"
";"36427";"BLOQUE PRIME 17:00 A 24:00 HRS. SD";"x";"GOLPERU";"DEPORTES";"00:00:00";"17:00:00";"S-D";"0";"0";"0";"30/05/18";"AUROCO";"S"
"
";"36443";"BUTACA AMERICA DT(2)";"x";"CANAL 04";"PELICULA";"17:30:00";"15:45:00";"D";"0";"0";"0";"31/05/18";"AUROCO";"S"
"
";"36444";"TRAPITOS AL AIRE LV-N";"x";"WILLAX TV";"MAGAZINE";"20:00:00";"19:00:00";"L-V";"0";"0";"0";"31/05/18";"AUROCO";"S"
"
";"36445";"BLOQUE DE DEPORTES (07:50 - 08:00 HRS.)";"x";"CANAL 08";"DEPORTES";"08:00:00";"07:50:00";"L-V";"0";"0";"0";"31/05/18";"AUROCO";"S"
"
";"36446";"BLOQUE DE DEPORTES (21:40 - 22:00 HRS.)";"x";"CANAL 08";"DEPORTES";"22:00:00";"21:40:00";"L-V";"0";"0";"0";"31/05/18";"AUROCO";"S"
"
";"36447";"BLOQUE DE DEPORTES (11:50 - 12:00 HRS.)";"x";"CANAL 08";"DEPORTES";"12:00:00";"11:50:00";"L-V";"0";"0";"0";"31/05/18";"AUROCO";"S"
"
";"36482";"BLOQUE MADRUGADA 06:00 A 07:00 HRS. SD";"x";"GOLPERU";"DEPORTES";"07:00:00";"06:00:00";"S-D";"0";"0";"0";"05/06/18";"AUROCO";"S"
"
";"36522";"GOLPERU 06:00 - 12:00 HRS. LV";"x";"GOLPERU";"DEPORTES";"12:00:00";"06:00:00";"L-V";"0";"0";"0";"08/06/18";"AUROCO";"S"
"
";"36523";"GOLPERU 12:00 - 18:00 HRS. LV";"x";"GOLPERU";"DEPORTES";"18:00:00";"12:00:00";"L-V";"0";"0";"0";"08/06/18";"AUROCO";"S"
"
";"36524";"GOLPERU 18:00 - 24:00 HRS. LV";"x";"GOLPERU";"DEPORTES";"00:00:00";"18:00:00";"L-V";"0";"0";"0";"08/06/18";"AUROCO";"S"
"
";"36525";"GOLPERU 18:00 - 24:00 HRS. SD";"x";"GOLPERU";"DEPORTES";"00:00:00";"18:00:00";"S-D";"0";"0";"0";"08/06/18";"AUROCO";"S"
"
";"36526";"GOLPERU 12:00 - 18:00 HRS. SD";"x";"GOLPERU";"DEPORTES";"18:00:00";"12:00:00";"S-D";"0";"0";"0";"08/06/18";"AUROCO";"S"
"
";"36527";"GOLPERU 06:00 - 12:00 HRS. SD";"x";"GOLPERU";"DEPORTES";"17:00:00";"06:00:00";"S-D";"0";"0";"0";"08/06/18";"AUROCO";"S"
"
";"36562";"VALGAME (MENCION)";"x";"CANAL 02";"MAGAZINE";"15:00:00";"13:00:00";"L-V";"0";"0";"0";"14/06/18";"AUROCO";"S"
"
";"36582";"ROTATIVO 06:00 - 19:00 HRS, (VOLVERTE A VER)";"x";"CANAL 05";"REALITY";"16:00:00";"15:00:00";"S";"0";"0";"0";"26/06/18";"AUROCO";"S"
"
";"36583";"ROTATIVO 06:00 - 19:00 HRS, (DOMINGO DE PELICULA)";"x";"CANAL 05";"PELICULA";"19:00:00";"17:00:00";"D";"0";"0";"0";"26/06/18";"AUROCO";"S"
"
";"36602";"ROTATIVO 06:00 - 19:00 HRS, (EL ESPECIAL DEL HUMOR D-T)";"x";"CANAL 05";"HUMOR";"16:40:00";"16:00:00";"D";"0";"0";"0";"27/06/18";"AUROCO";"S"
"
";"36623";"ROTATIVO 06:00 - 18:00 HRS, (ESP.  MUNDIAL)";"x";"CANAL 02";"DEPORTIVO";"13:00:00";"10:00:00";"L-V";"0";"0";"0";"28/06/18";"AUROCO";"S"
"
";"36702";"COMBATE (MENCION)";"x";"CANAL 09";"CONCURSO";"22:00:00";"20:00:00";"L-V";"0";"0";"0";"12/07/18";"AUROCO";"S"
"
";"36722";"COMO DICE EL DICHO DT";"x";"CANAL 09";"SERIE";"16:30:00";"15:00:00";"D";"0";"0";"0";"19/07/18";"AUROCO";"S"
"
";"36723";"SILVANA SIN LANA LV-T";"x";"CANAL 09";"NOVELA";"18:00:00";"17:00:00";"L-V";"0";"0";"0";"19/07/18";"AUROCO";"S"
"
";"36724";"ROTATIVO 06:00 - 18:00 HRS. (CINE 1)";"x";"CANAL 02";"PELICULA";"13:00:00";"11:00:00";"S";"0";"0";"0";"19/07/18";"AUROCO";"S"
"
";"36725";"ROTATIVO 06:00 - 18:00 HRS. (CINE 2)";"x";"CANAL 02";"PELICULA";"15:00:00";"13:00:00";"S";"0";"0";"0";"19/07/18";"AUROCO";"S"
"
";"36726";"ROTATIVO 06:00 - 18:00 HRS. (CINE 1).";"x";"FRECUENCIA LATINA - ESTELARES";"PELICULA";"13:00:00";"11:00:00";"S";"0";"0";"0";"19/07/18";"AUROCO";"S"
"
";"36727";"ROTATIVO 06:00 - 18:00 HRS. (CINE 2).";"x";"FRECUENCIA LATINA - ESTELARES";"PELICULA";"15:00:00";"13:00:00";"S";"0";"0";"0";"19/07/18";"AUROCO";"S"
"
";"36728";"LA ROSA DE GUADALUPE D-T";"x";"CANAL 04";"SERIE";"19:00:00";"17:00:00";"D";"0";"0";"0";"19/07/18";"AUROCO";"S"
"
";"36729";"D´ 6 A 9 (07:00 - 08:00 HRS.)";"x";"CANAL 08";"NOTICIERO";"08:00:00";"07:00:00";"L-V";"0";"0";"0";"19/07/18";"AUROCO";"S"
"
";"36802";"AMERICA ESPECTACULOS REP. SM";"x";"CANAL 04";"MAGAZINE";"06:30:00";"06:00:00";"S";"0";"0";"0";"03/08/18";"AUROCO";"S"
"
";"36803";"AMERICA NOTICIAS MATUTINO SM";"x";"CANAL 04";"NOTICIERO";"07:00:00";"06:30:00";"S";"0";"0";"0";"03/08/18";"AUROCO";"S"
"
";"36804";"LA CARAVANA DE LAS ESTRELLAS";"x";"RBC TELEVISION";"MAGAZINE";"20:00:00";"18:00:00";"S";"0";"0";"0";"03/08/18";"AUROCO";"S"
"
";"36805";"EN QUE ANDAS";"x";"RBC TELEVISION";"MAGAZINE";"21:00:00";"20:00:00";"S";"0";"0";"0";"03/08/18";"AUROCO";"S"
"
";"36806";"LEGALMENTE HUMOR";"x";"RBC TELEVISION";"HUMOR";"22:00:00";"21:00:00";"S";"0";"0";"0";"03/08/18";"AUROCO";"S"
"
";"36807";"AMO LA MUSICA";"x";"RBC TELEVISION";"MUSICAL";"00:00:00";"22:00:00";"S";"0";"0";"0";"03/08/18";"AUROCO";"S"
"
";"36808";"CARNAVAL DE LAS ESTRELLAS DN";"x";"RBC TELEVISION";"MAGAZINE";"20:00:00";"18:00:00";"D";"0";"0";"0";"03/08/18";"AUROCO";"S"
"
";"36809";"EL PEZ";"x";"RBC TELEVISION";"MAGAZINE";"21:00:00";"20:00:00";"D";"0";"0";"0";"03/08/18";"AUROCO";"S"
"
";"36810";"AMO LA MUSICA DN";"x";"RBC TELEVISION";"MUSICAL";"22:00:00";"21:00:00";"D";"0";"0";"0";"03/08/18";"AUROCO";"S"
"
";"36811";"LEGALMENTE HUMOR DN";"x";"RBC TELEVISION";"HUMOR";"00:00:00";"23:00:00";"D";"0";"0";"0";"03/08/18";"AUROCO";"S"
"
";"36812";"DEPORTES 19:00 - 20:00 HRS.";"x";"RBC TELEVISION";"DEPORTES";"20:00:00";"19:00:00";"L-V";"0";"0";"0";"03/08/18";"AUROCO";"S"
"
";"36813";"NOTICIAS 20:00 - 22:00 HRS.";"x";"RBC TELEVISION";"NOTICIERO";"22:00:00";"20:00:00";"L-V";"0";"0";"0";"03/08/18";"AUROCO";"S"
"
";"36814";"ESTELAR 23:00 - 24:00 HRS.";"x";"RBC TELEVISION";"VARIADO";"00:00:00";"23:00:00";"L-V";"0";"0";"0";"03/08/18";"AUROCO";"S"
"
";"36822";"LOS CUATRO FINALISTAS  DN";"x";"FRECUENCIA LATINA - ESTELARES";"CONCURSO";"21:00:00";"19:00:00";"D";"0";"0";"0";"06/08/18";"AUROCO";"S"
"
";"36823";"ROTATIVO 06:00 - 18:00 HRS (CASO CERRADO LV-T).";"x";"FRECUENCIA LATINA - ESTELARES";"REALITY";"17:45:00";"17:00:00";"L-V";"0";"0";"0";"06/08/18";"AUROCO";"S"
"
";"36824";"MUJERES ROMPIENDO EL SILENCIO LVN";"x";"PANAMERICANA TELEVISION";"PERIODISTICO";"00:00:00";"23:00:00";"L-V";"0";"0";"0";"06/08/18";"AUROCO";"S"
"
";"36842";"AL DIABLO CON LA NOTICIA";"x";"WILLAX TV";"HUMOR";"21:00:00";"20:00:00";"D";"0";"0";"0";"07/08/18";"AUROCO";"S"
"
";"36843";"ESPECIAL AL DIABLO CON LA NOTICIA";"x";"WILLAX TV";"HUMOR";"21:00:00";"20:00:00";"D";"0";"0";"0";"07/08/18";"AUROCO";"S"
"
";"36862";"ROTATIVO 06:00 - 18:00 HRS. (CINE)";"x";"CANAL 02";"PELICULAS";"13:30:00";"12:00:00";"D";"0";"0";"0";"09/08/18";"AUROCO";"S"
"
";"36882";"DESTILANDO AMOR LV-T";"x";"CANAL 09";"NOVELA";"18:00:00";"17:00:00";"L-V";"0";"0";"0";"10/08/18";"AUROCO";"S"
"
";"36883";"ROTATIVO 06:00 - 18:00 HRS, (EN CASA)";"x";"CANAL 02";"MAGAZINE";"11:00:00";"09:00:00";"L-V";"0";"0";"0";"10/08/18";"AUROCO";"S"
"
";"36902";"EN CASA (MENCION)";"x";"CANAL 02";"MAGAZINE";"11:00:00";"09:00:00";"L-V";"0";"0";"0";"14/08/18";"AUROCO";"S"
"
";"36922";"COMBUTTERS (AUSPICIO)";"x";"WILLAX TV";"ENTREVISTA";"23:00:00";"22:00:00";"L-V";"0";"0";"0";"16/08/18";"AUROCO";"S"
"
";"36942";"PUNTOS DE VISTA (AUSPICIO)";"x";"ATV+";"ENTREVISTA";"22:30:00";"21:00:00";"L-V";"0";"0";"0";"17/08/18";"AUROCO";"S"
"
";"36982";"ROTATIVO 06:00 - 18:00 HRS, (EN CASA).";"x";"FRECUENCIA LATINA - ESTELARES";"MAGAZINE";"11:00:00";"09:00:00";"L-V";"0";"0";"0";"27/08/18";"AUROCO";"S"
"
";"36983";"ROTATIVO 06:00 - 18:00 HRS, (LA MUJER EN EL ESPEJO).";"x";"FRECUENCIA LATINA - ESTELARES";"NOVELA";"12:00:00";"11:00:00";"L-V";"0";"0";"0";"27/08/18";"AUROCO";"S"
"
";"36984";"ROTATIVO 00:00 - 06:00 HRS. (EL SHOW DEL FUTBOL LVN).";"x";"FRECUENCIA LATINA - ESTELARES";"DEPORTES";"00:30:00";"00:00:00";"L-V";"0";"0";"0";"27/08/18";"AUROCO";"S"
"
";"36985";"ROTATIVO 06:00 - 18:00 HRS (TENGO ALGO QUE DECIRTE).";"x";"FRECUENCIA LATINA - ESTELARES";"REALITY";"17:00:00";"15:30:00";"L-V";"0";"0";"0";"27/08/18";"AUROCO";"S"
"
";"37023";"ROTATIVO 00:00 - 06:00 HRS. (COMANDO ALFA D-N)";"x";"CANAL 02";"SERIE";"01:00:00";"00:00:00";"D";"0";"0";"0";"03/09/18";"AUROCO";"S"
"
";"37042";"ROTATIVO 06:00 - 18:00 HRS, (90 MATINAL)";"x";"CANAL 02";"NOTICIERO";"09:00:00";"07:00:00";"L-V";"0";"0";"0";"04/09/18";"AUROCO";"S"
"
";"37082";"LINEA Y PUNTO S-N";"x";"CANAL 06";"DECORACION";"19:30:00";"19:00:00";"S";"0";"0";"0";"13/09/18";"AUROCO";"S"
"
";"37083";"LINEA Y PUNTO D-N";"x";"CANAL 06";"DECORACION";"19:00:00";"18:30:00";"D";"0";"0";"0";"13/09/18";"AUROCO";"S"
"
";"37102";"TRAPITOS AL AIRE LV-M";"x";"WILLAX TV";"MAGAZINE";"12:00:00";"11:00:00";"L-V";"0";"0";"0";"24/09/18";"AUROCO";"S"
"
";"37122";"MAMÁ 360 SM";"x";"WILLAX TV";"MAGAZINE";"11:00:00";"10:00:00";"S";"0";"0";"0";"12/10/18";"AUROCO";"S"
"
";"37142";"LOS CUATRO FINALISTAS  LVN";"x";"FRECUENCIA LATINA - ESTELARES";"CONCURSO";"00:00:00";"22:00:00";"L-V";"0";"0";"0";"17/10/18";"AUROCO";"S"
"
";"37143";"EN EXCLUSIVA (MENCION)";"x";"CANAL 05";"MAGAZINE";"13:00:00";"12:00:00";"L-V";"0";"0";"0";"17/10/18";"AUROCO";"S"
"
";"37162";"ROTATIVO 06:00 - 18:00 HRS (TV PERÚ NOTICIAS MATINAL )";"x";"CANAL 07";"NOTICIERO";"08:00:00";"06:00:00";"L-V";"0";"0";"0";"30/10/18";"AUROCO";"S"
"
";"37163";"ROTATIVO 18:00 - 00:00 HRS (TV PERÚ DEPORTES)";"x";"CANAL 07";"DEPORTIVO";"22:00:00";"21:30:00";"L-V";"0";"0";"0";"30/10/18";"AUROCO";"S"
"
";"37164";"ROTATIVO 06:00 - 18:00 HRS (DOMINGOS DE FIESTA)";"x";"CANAL 07";"MUSICAL";"17:00:00";"14:00:00";"D";"0";"0";"0";"30/10/18";"AUROCO";"S"
"
";"37165";"ROTATIVO 18:00 - 00:00 HRS (TODO FÚTBOL)";"x";"CANAL 07";"DEPORTIVO";"00:00:00";"22:00:00";"D";"0";"0";"0";"30/10/18";"AUROCO";"S"
"
";"37202";"LA GATA";"x";"CANAL 04";"NOVELA";"12:00:00";"11:00:00";"L-V";"0";"0";"0";"06/11/18";"AUROCO";"S"
"
";"37222";"5 DESTINOS D-M";"x";"CANAL 06";"MAGAZINE";"11:30:00";"11:00:00";"D";"0";"0";"0";"07/11/18";"AUROCO";"S"
"
";"37242";"BLOQUE DE DEPORTES (06:50 - 07:00 HRS.)";"x";"CANAL 08";"DEPORTES";"07:00:00";"06:50:00";"L-V";"0";"0";"0";"09/11/18";"AUROCO";"S"
"
";"37262";"ROTATIVO B (07:00 - 18:29 HRS.) LV";"x";"AMERICA TELEVISION FILIALES";"VARIADO";"18:29:00";"07:00:00";"L-V";"0";"0";"0";"20/11/18";"AUROCO";"S"
"
";"37263";"ROTATIVO A (18:30 - 24:00 HRS.) LV";"x";"AMERICA TELEVISION FILIALES";"VARIADO";"00:00:00";"18:30:00";"L-V";"0";"0";"0";"20/11/18";"AUROCO";"S"
"
";"37264";"NUEVO DIA MAGAZINE L-V";"x";"ATV SUR";"MAGAZINE";"12:00:00";"09:00:00";"L-V";"0";"0";"0";"20/11/18";"AUROCO";"S"
"
";"37265";"ALMAS SUSPENDIDAS L-V";"x";"ATV SUR";"SERIE";"18:00:00";"17:00:00";"L-V";"0";"0";"0";"20/11/18";"AUROCO";"S"
"
";"37266";"GREY´S ANATOMY";"x";"ATV SUR";"SERIE";"23:30:00";"22:30:00";"L-V";"0";"0";"0";"20/11/18";"AUROCO";"S"
"
";"37267";"NUEVO DIA MAGAZINE S";"x";"ATV SUR";"MAGAZINE";"12:00:00";"08:30:00";"S";"0";"0";"0";"20/11/18";"AUROCO";"S"
"
";"37268";"COMANDO ELITE SD";"x";"ATV SUR";"SERIE";"22:00:00";"21:00:00";"S-D";"0";"0";"0";"20/11/18";"AUROCO";"S"
"
";"37269";"CRIMINOLOGIA NAVAL SD";"x";"ATV SUR";"SERIE";"23:00:00";"22:00:00";"S-D";"0";"0";"0";"20/11/18";"AUROCO";"S"
"
";"37270";"NUEVO DIA INFORMATIVO S";"x";"ATV SUR";"NOTICIERO";"08:30:00";"06:00:00";"S";"0";"0";"0";"20/11/18";"AUROCO";"S"
"
";"37282";"BETO A SABER LV-N";"x";"WILLAX TV";"PERIODISTICO";"22:00:00";"21:00:00";"L-V";"0";"0";"0";"23/11/18";"AUROCO";"S"
"
";"37322";"SONY (THE VOICE)  20:00 - 21:00 HRS. MI-J";"x";"SONY - AXN";"ENTRETENIMIENTO";"21:00:00";"20:00:00";"L-V";"0";"0";"0";"30/11/18";"AUROCO";"S"
"
";"37323";"SONY (X FACTORY) 22:00 - 23:00 HRS. MI-J";"x";"SONY - AXN";"ENTRETENIMIENTO";"23:00:00";"22:00:00";"L-V";"0";"0";"0";"30/11/18";"AUROCO";"S"
"
";"37324";"CANAL DE LAS ESTRELLAS 17:00 - 20 HRS LV";"x";"MEDIANETWORKS INTERNACIONAL";"ENTRETENIMIENTO";"20:00:00";"17:00:00";"L-V";"0";"0";"0";"30/11/18";"AUROCO";"S"
"
";"37325";"CANAL DE LAS ESTRELLAS 17:00 - 20 HRS SD";"x";"MEDIANETWORKS INTERNACIONAL";"ENTRETENIMIENTO";"20:00:00";"17:00:00";"S-D";"0";"0";"0";"30/11/18";"AUROCO";"S"
"
";"37329";"HOME & HEALTH 06:00 - 18:59 HRS SD";"x";"DISCOVERY NETWORKS";"SERIES";"18:59:00";"06:00:00";"S-D";"0";"0";"0";"30/11/18";"AUROCO";"S"
"
";"37327";"HOME & HEALTH 19:00 - 00:00 HRS LV";"x";"DISCOVERY NETWORKS";"SERIES";"00:00:00";"19:00:00";"L-V";"0";"0";"0";"30/11/18";"AUROCO";"S"
"
";"37328";"HOME & HEALTH 19:00 - 00:00 HRS SD";"x";"DISCOVERY NETWORKS";"SERIES";"00:00:00";"19:00:00";"S-D";"0";"0";"0";"30/11/18";"AUROCO";"S"
"
";"37362";"ROTATIVO 06:00 - 19:00 HRS, (FANATICOS ST)";"x";"CANAL 05";"MUSICAL";"14:00:00";"13:00:00";"S";"0";"0";"0";"17/12/18";"AUROCO";"S"
"
";"37382";"FINAL CUADRANGULAR DE ASCENSO (CIENCIANO VS MANNUCCI)";"x";"GOLPERU";"DEPORTES";"20:00:00";"18:00:00";"L-V";"0";"0";"0";"18/12/18";"AUROCO";"S"
"
";"37383";"ESPECIAL CIENCIANO COPA SUDAMERICANA";"x";"CANAL 03";"DEPORTES";"21:00:00";"20:00:00";"L-V";"0";"0";"0";"18/12/18";"AUROCO";"S"
"
";"37384";"ROTATIVO 06:00 - 18:00 HRS (CASO CERRADO SM)";"x";"CANAL 02";"REALITY";"11:30:00";"11:00:00";"S";"0";"0";"0";"19/12/18";"AUROCO";"S"
"
";"37385";"ROTATIVO 06:00 - 19:00 HRS, (PORQUE HOY ES SABADO CON ANDRES).";"x";"PANAMERICANA TELEVISION";"MAGAZINE";"21:00:00";"17:00:00";"S";"0";"0";"0";"19/12/18";"AUROCO";"S"
"
";"37386";"PORQUE HOY ES SABADO CON ANDRES - MENCION";"x";"CANAL 05";"MAGAZINE";"21:00:00";"17:00:00";"S";"0";"0";"0";"19/12/18";"AUROCO";"S"
"
";"37423";"ROTATIVO 06:00 - 19:00 HRS, (LOS MAGNIFICOS D-T)";"x";"CANAL 05";"SERIE";"18:50:00";"16:40:00";"D";"0";"0";"0";"10/01/19";"AUROCO";"S"
"
";"37442";"ROTATIVO 18:00 - 00:00 HRS (TV PERÚ DEPORTES DN)";"x";"CANAL 07";"DEPORTES";"23:00:00";"21:00:00";"D";"0";"0";"0";"11/01/19";"AUROCO";"S"
"
";"37462";"AMOR DE FAMILIA LVN";"x";"FRECUENCIA LATINA - ESTELARES";"NOVELA";"21:30:00";"20:30:00";"L-V";"0";"0";"0";"16/01/19";"AUROCO";"S"
"
";"37482";"ROTATIVO 06:00 - 18:00 HRS (CASO CERRADO LV-M)";"x";"CANAL 02";"REALITY";"12:00:00";"09:30:00";"L-V";"0";"0";"0";"17/01/19";"AUROCO";"S"
"
";"37522";"DONDE ESTA MI HIJA LVN";"x";"FRECUENCIA LATINA - ESTELARES";"NOVELA";"23:00:00";"21:30:00";"L-V";"0";"0";"0";"06/02/19";"AUROCO";"S"
"
";"37523";"BLOQUE MATUTINO";"x";"DISNEY XD";"VARIADO";"12:00:00";"08:00:00";"S-D";"0";"0";"0";"06/02/19";"AUROCO";"S"
"
";"37524";"BLOQUE TARDE";"x";"DISNEY XD";"VARIADO";"18:00:00";"12:00:00";"S-D";"0";"0";"0";"06/02/19";"AUROCO";"S"
"
";"37525";"BLOQUE PRIME SD";"x";"DISNEY XD";"VARIADO";"00:00:00";"18:00:00";"S-D";"0";"0";"0";"06/02/19";"AUROCO";"S"
"
";"37542";"MARVEL SPIDER-MAN SDM";"x";"DISNEY XD";"SERIE";"09:30:00";"09:00:00";"S-D";"0";"0";"0";"07/02/19";"AUROCO";"S"
"
";"37543";"STAR WARS RESISTANCE SM";"x";"DISNEY XD";"SERIE";"10:30:00";"10:00:00";"S";"0";"0";"0";"07/02/19";"AUROCO";"S"
"
";"37544";"BIG CITY GREENS SDT";"x";"DISNEY XD";"SERIE";"15:30:00";"15:00:00";"S-D";"0";"0";"0";"07/02/19";"AUROCO";"S"
"
";"37545";"MECH-X4 SDT";"x";"DISNEY XD";"SERIE";"16:30:00";"16:00:00";"S-D";"0";"0";"0";"07/02/19";"AUROCO";"S"
"
";"37546";"GUARDIANS OF THE GALAXY SN";"x";"DISNEY XD";"PELICULA";"00:00:00";"22:00:00";"S";"0";"0";"0";"07/02/19";"AUROCO";"S"
"
";"37547";"GRAVITY FALLS DM";"x";"DISNEY XD";"SERIE";"11:30:00";"11:00:00";"D";"0";"0";"0";"07/02/19";"AUROCO";"S"
"
";"37548";"MONSTERS, INC DN";"x";"DISNEY XD";"PELICULA";"20:00:00";"18:00:00";"D";"0";"0";"0";"07/02/19";"AUROCO";"S"
"
";"37582";"LOS VILCHEZ LVN";"x";"CANAL 04";"SERIE";"21:15:00";"20:15:00";"L-V";"0";"0";"0";"11/02/19";"AUROCO";"S"
"
";"37583";"ROTATIVO 06:00 - 18:00 HRS. (MIL OFICIOS S-T)";"x";"CANAL 05";"SERIE";"16:50:00";"13:00:00";"S";"0";"0";"0";"11/02/19";"AUROCO";"S"
"
";"37604";"ROTATIVO 06:00 - 19:00 HRS, (MARINA LVT)";"x";"CANAL 05";"NOVELA";"18:30:00";"17:15:00";"L-V";"0";"0";"0";"14/02/19";"AUROCO";"S"
"
";"37585";"CONFESIONES";"x";"CANAL 05";"SERIE";"15:50:00";"15:00:00";"S";"0";"0";"0";"11/02/19";"AUROCO";"S"
"
";"37602";"ROTATIVO 06:00 - 18:00 HRS, (90 MATINAL).";"x";"FRECUENCIA LATINA - ESTELARES";"NOTICIERO";"09:00:00";"07:00:00";"L-V";"0";"0";"0";"14/02/19";"AUROCO";"S"
"
";"37682";"ATV NOTICIAS EDICION MATINAL LV-M";"x";"CANAL 09";"NOTICIERO";"10:00:00";"07:00:00";"L-V";"0";"0";"0";"28/02/19";"AUROCO";"S"
"
";"37664";"ROTATIVO 06:00 - 18:00 HRS, (MIRADA DE MUJER)";"x";"CANAL 02";"NOVELA";"11:30:00";"11:00:00";"L-V";"0";"0";"0";"22/02/19";"AUROCO";"S"
"
";"37665";"ROTATIVO 06:00 - 19:00 HRS, (24 HORAS EDICION MEDIO DIA).";"x";"PANAMERICANA TELEVISION";"NOTICIERO";"15:00:00";"12:00:00";"L-V";"0";"0";"0";"22/02/19";"AUROCO";"S"
"
";"37683";"EN CONTACTO LV-T";"x";"ATV+";"PERIODISTICO";"16:00:00";"12:00:00";"L-V";"0";"0";"0";"28/02/19";"AUROCO";"S"
"
";"37702";"DRAGON BALL Z LVM";"x";"WILLAX TV";"SERIE";"10:30:00";"09:30:00";"L-V";"0";"0";"0";"01/03/19";"AUROCO";"S"
"
";"37703";"DRAGON BALL SUPER LVM";"x";"WILLAX TV";"SERIE";"11:00:00";"10:30:00";"L-V";"0";"0";"0";"01/03/19";"AUROCO";"S"
"
";"37704";"EL ESPECIAL DE KPOP MUSIC CORE";"x";"WILLAX TV";"MUSICAL";"17:30:00";"16:30:00";"L-V";"0";"0";"0";"01/03/19";"AUROCO";"S"
"
";"37705";"DRAGON BALL Z LVN";"x";"WILLAX TV";"SERIE";"21:00:00";"20:00:00";"L-V";"0";"0";"0";"01/03/19";"AUROCO";"S"
"
";"37706";"DRAGON BALL SUPER LVN";"x";"WILLAX TV";"SERIE";"21:30:00";"21:00:00";"L-V";"0";"0";"0";"01/03/19";"AUROCO";"S"
"
";"37707";"PRIMER PLANO LVN";"x";"WILLAX TV";"ACTUALIDAD";"22:00:00";"21:00:00";"L-V";"0";"0";"0";"01/03/19";"AUROCO";"S"
"
";"37708";"ESPECIAL DE TRAPITOS AL AIRE SN";"x";"WILLAX TV";"MAGAZINE";"00:00:00";"23:00:00";"S";"0";"0";"0";"01/03/19";"AUROCO";"S"
"
";"37709";"DRAGON BALL Z ST";"x";"WILLAX TV";"SERIE";"19:00:00";"16:00:00";"S";"0";"0";"0";"01/03/19";"AUROCO";"S"
"
";"37710";"DRAGON BALL SUPER SN";"x";"WILLAX TV";"SERIE";"20:00:00";"19:00:00";"S";"0";"0";"0";"01/03/19";"AUROCO";"S"
"
";"37711";"SUCEDIO ASI";"x";"WILLAX TV";"MAGAZINE";"10:00:00";"09:00:00";"D";"0";"0";"0";"01/03/19";"AUROCO";"S"
"
";"37712";"ESPECIAL DE TRAPITOS AL AIRE DN";"x";"WILLAX TV";"MAGAZINE";"00:00:00";"23:00:00";"D";"0";"0";"0";"01/03/19";"AUROCO";"S"
"
";"37713";"ESPECIAL 8 DE CORAZONES ST";"x";"WILLAX TV";"MUSICAL";"16:00:00";"15:00:00";"S";"0";"0";"0";"01/03/19";"AUROCO";"S"
"
";"37714";"PLAY TV SN";"x";"WILLAX TV";"MUSICAL";"23:00:00";"22:00:00";"S";"0";"0";"0";"01/03/19";"AUROCO";"S"
"
";"37715";"ESPECIAL 8 DE CORAZONES DM";"x";"WILLAX TV";"MUSICAL";"08:00:00";"07:00:00";"D";"0";"0";"0";"01/03/19";"AUROCO";"S"
"
";"29662";"FASHION LAB-MARTES-MAÑANA";"x";"CANAL 06";"MODAS";"12:00:00";"11:30:00";"L-V";"0";"0";"0";"06/03/14";"AUROCO";"S"
"
";"29663";"DIARIO DE UN ARMARIO-JUEVES-MAÑANA";"x";"CANAL 06";"MODAS";"12:00:00";"11:30:00";"L-V";"0";"0";"0";"06/03/14";"AUROCO";"S"
"
";"29664";"FASHION LAB D-T";"x";"CANAL 06";"MODAS";"15:00:00";"14:30:00";"D";"0";"0";"0";"06/03/14";"AUROCO";"S"
"
";"29665";"FASHION LAB-LUNES-ESTELAR";"x";"CANAL 06";"MODA";"17:30:00";"17:00:00";"L-V";"0";"0";"0";"06/03/14";"AUROCO";"S"
"
";"29666";"DIARIO DE UN ARMARIO-MIERCOLES-ESTELAR";"x";"CANAL 06";"MODA";"17:30:00";"17:00:00";"L-V";"0";"0";"0";"06/03/14";"AUROCO";"S"
"
";"29667";"FASHION LAB (E)";"x";"CANAL 06";"MODA";"21:00:00";"20:30:00";"L-V";"0";"0";"0";"06/03/14";"AUROCO";"S"
"
";"29668";"POLIZONTES JN (E)";"x";"CANAL 06";"EVENTOS";"19:30:00";"19:00:00";"L-V";"0";"0";"0";"06/03/14";"AUROCO";"S"
"
";"29669";"DIARIO DE UN ARMARIO (E)";"x";"CANAL 06";"MODAS";"21:00:00";"20:30:00";"L-V";"0";"0";"0";"06/03/14";"AUROCO";"S"
"
";"29670";"DOÑA BARBARA";"x";"CANAL 09";"TELENOVELA";"15:00:00";"14:00:00";"L-V";"0";"0";"0";"06/03/14";"AUROCO";"S"
"
";"29682";"ROTATIVO 06:00 - 18:00 HRS (AMOR AMOR AMOR.)";"x";"FRECUENCIA LATINA - ESTELARES";"ESPECTACULOS";"16:00:00";"13:00:00";"L-V";"0";"0";"0";"07/03/14";"AUROCO";"S"
"
";"29683";"ROTATIVO 06:00 - 18:00 HRS (BIENVENIDA LA TARDE).";"x";"FRECUENCIA LATINA - ESTELARES";"CONCURSO";"18:00:00";"16:30:00";"L-V";"0";"0";"0";"07/03/14";"AUROCO";"S"
"
";"29684";"ROTATIVO 06:00 - 18:00 HRS. (FUNCION ESTELAR).";"x";"FRECUENCIA LATINA - ESTELARES";"PELICULA";"19:00:00";"17:00:00";"S";"0";"0";"0";"07/03/14";"AUROCO";"S"
"
";"29685";"ROTATIVO 00:00 - 06:00 HRS. (ALTO AL CRIMEN S-N)";"x";"CANAL 02";"PERIODISTICO";"01:00:00";"00:00:00";"S";"0";"0";"0";"07/03/14";"AUROCO";"S"
"
";"29686";"ROTATIVO 00:00 - 06:00 HRS (REPORTE SEMANAL REP.)";"x";"CANAL 02";"PERIODISTICO";"03:00:00";"01:00:00";"D";"0";"0";"0";"07/03/14";"AUROCO";"S"
"
";"29687";"CINE";"x";"PANAMERICANA TELEVISION";"PELICULAS";"19:00:00";"17:30:00";"S";"0";"0";"0";"07/03/14";"AUROCO";"S"
"
";"29689";"N NOTICIAS - 1";"x";"CANAL 08";"NOTICIERO";"09:55:00";"08:00:00";"S-D";"0";"0";"0";"07/03/14";"AUROCO";"S"
"
";"29690";"N NOTICIAS L-V (09:00 - 10:00 HRS.)";"x";"CANAL 08";"NOTICIAS";"10:00:00";"09:00:00";"L-V";"0";"0";"0";"07/03/14";"AUROCO";"S"
"
";"29691";"N NOTICIAS LV-T";"x";"CANAL 08";"NOTICIAS";"19:00:00";"17:00:00";"L-V";"0";"0";"0";"07/03/14";"AUROCO";"S"
"
";"29692";"NO CULPES A LA NOCHE";"x";"CANAL 08";"ENTREVISTAS";"00:00:00";"23:00:00";"L-V";"0";"0";"0";"07/03/14";"AUROCO";"S"
"
";"29693";"NO CULPES A LA NOCHE S.";"x";"CANAL 08";"ENTREVISTAS";"20:00:00";"19:00:00";"S";"0";"0";"0";"07/03/14";"AUROCO";"S"
"
";"29694";"NO CULPES A LA NOCHE D.";"x";"CANAL 08";"ENTREVISTAS";"18:00:00";"17:00:00";"D";"0";"0";"0";"07/03/14";"AUROCO";"S"
"
";"29695";"PRIMERA NOTICIA (05:30 - 06:00)";"x";"CANAL 09";"NOTICIERO";"06:00:00";"05:30:00";"L-V";"0";"0";"0";"07/03/14";"AUROCO";"S"
"
";"29704";"CANTO ANDINO D-M";"x";"CANAL 09";"MUSICAL";"07:00:00";"05:00:00";"D";"0";"0";"0";"07/03/14";"AUROCO";"S"
"
";"29697";"PANORAMA.";"x";"PANAMERICANA TELEVISION";"PERIODISTICO";"22:00:00";"19:50:00";"D";"0";"0";"0";"07/03/14";"AUROCO";"S"
"
";"29698";"EL DOMINICAL DE PANAMERICANA.";"x";"PANAMERICANA TELEVISION";"PERIODISTICO";"09:00:00";"08:00:00";"D";"0";"0";"0";"07/03/14";"AUROCO";"S"
"
";"29699";"ROTATIVO 06:00 - 19:00 HRS, (BUENOS DIAS PERU)";"x";"CANAL 05";"NOTICIERO";"09:30:00";"06:30:00";"L-V";"0";"0";"0";"07/03/14";"AUROCO";"S"
"
";"29742";"OH DIOSAS-MAÑA-1";"x";"CANAL 06";"MAGAZINE";"07:00:00";"06:30:00";"L-V";"0";"0";"0";"11/03/14";"AUROCO";"S"
"
";"29703";"CANTO ANDINO S-M";"x";"CANAL 09";"MUSICAL";"07:00:00";"05:00:00";"S";"0";"0";"0";"07/03/14";"AUROCO";"S"
"
";"29743";"OH DIOSAS-MAÑA 2";"x";"CANAL 06";"MAGAZINE";"10:00:00";"09:30:00";"L-V";"0";"0";"0";"11/03/14";"AUROCO";"S"
"
";"29744";"OH DIOSAS L-V T";"x";"CANAL 06";"MAGAZINE";"14:00:00";"13:00:00";"L-V";"0";"0";"0";"11/03/14";"AUROCO";"S"
"
";"29745";"OH DIOSAS-MAÑA. 1";"x";"CANAL 06";"MAGAZINE";"11:30:00";"11:00:00";"D";"0";"0";"0";"11/03/14";"AUROCO";"S"
"
";"29746";"OH DIOSAS-1/2 DÍA";"x";"CANAL 06";"MAGAZINE";"12:30:00";"12:00:00";"D";"0";"0";"0";"11/03/14";"AUROCO";"S"
"
";"29747";"FASHION LAB-MAÑA 1";"x";"CANAL 06";"MODA";"08:00:00";"07:30:00";"L-V";"0";"0";"0";"11/03/14";"AUROCO";"S"
"
";"29748";"DIARIO DE UN ARMARIO-VIER-MAÑA";"x";"CANAL 06";"MODAS";"08:00:00";"07:30:00";"L-V";"0";"0";"0";"11/03/14";"AUROCO";"S"
"
";"29762";"POLIZONTES ST";"x";"CANAL 06";"MAGAZINE";"15:30:00";"15:00:00";"S";"0";"0";"0";"12/03/14";"AUROCO";"S"
"
";"29763";"QUIMICA PURA SD-T";"x";"CANAL 06";"MAGAZINE";"13:30:00";"12:30:00";"S-D";"0";"0";"0";"12/03/14";"AUROCO";"S"
"
";"29764";"PEQUEÑOS GRANDES CURIOSOS S-N";"x";"CANAL 06";"MAGAZINE";"19:00:00";"18:30:00";"S";"0";"0";"0";"12/03/14";"AUROCO";"S"
"
";"29811";"ROTATIVO 06:00 - 18:00 HRS. (FUNCION ESTELAR)";"x";"CANAL 02";"PELICULA";"19:00:00";"17:00:00";"S";"0";"0";"0";"14/03/14";"AUROCO";"S"
"
";"29812";"ROTATIVO 06:00 - 18:00 HRS. (CINE PLUS).";"x";"FRECUENCIA LATINA - ESTELARES";"PELICULA";"15:30:00";"14:00:00";"D";"0";"0";"0";"14/03/14";"AUROCO";"S"
"
";"29813";"YO SOY KIDS LVN";"x";"FRECUENCIA LATINA - ESTELARES";"CONCURSO";"22:30:00";"21:00:00";"L-V";"0";"0";"0";"14/03/14";"AUROCO";"S"
"
";"29842";"HISTORIAS DE PAPEL D-T2";"x";"CANAL 06";"CULTURAL";"16:30:00";"16:00:00";"D";"0";"0";"0";"18/03/14";"AUROCO";"S"
"
";"29862";"LA NOCHE ES MIA D-M.";"x";"FRECUENCIA LATINA - ESTELARES";"MAGAZINE";"07:00:00";"06:00:00";"D";"0";"0";"0";"19/03/14";"AUROCO";"S"
"
";"29863";"HOLA A TODOS";"x";"CANAL 09";"MAGAZINE";"11:00:00";"08:30:00";"L-V";"0";"0";"0";"19/03/14";"AUROCO";"S"
"
";"29902";"UFC AHORA.";"x";"TELEFECTIVOS";"NOTICIERO";"14:00:00";"13:00:00";"D";"0";"0";"0";"28/03/14";"AUROCO";"S"
"
";"29903";"ROTATIVO (13:00 - 15:00 HRS.)";"x";"TELEFECTIVOS";"NOTICIERO";"15:00:00";"13:00:00";"D";"0";"0";"0";"28/03/14";"AUROCO";"S"
"
";"29904";"TRES G L-MI-V T";"x";"CANAL 06";"MAGAZINE";"16:30:00";"15:30:00";"L-V";"0";"0";"0";"28/03/14";"AUROCO";"S"
"
";"29906";"LA BUENA VIDA L-MI-V MA";"x";"CANAL 06";"MAGAZINE";"09:00:00";"08:30:00";"L-V";"0";"0";"0";"28/03/14";"AUROCO";"S"
"
";"29907";"LA BUENA VIDA D";"x";"CANAL 06";"MAGAZINE";"12:30:00";"12:00:00";"D";"0";"0";"0";"28/03/14";"AUROCO";"S"
"
";"29908";"IGLESIA MUNDIAL DEL PODER DE DIOS L-V MA";"x";"RBC TELEVISION";"RELIGION";"06:30:00";"06:00:00";"L-V";"0";"0";"0";"28/03/14";"AUROCO";"S"
"
";"29909";"IGLESIA MUNDIAL DEL PODER DE DIOS SD N";"x";"RBC TELEVISION";"RELIGION";"23:30:00";"23:00:00";"S-D";"0";"0";"0";"28/03/14";"AUROCO";"S"
"
";"29910";"EDUCACIÓN Y DEMOCRACIA";"x";"RBC TELEVISION";"EDUCATIVO";"15:00:00";"14:00:00";"D";"0";"0";"0";"28/03/14";"AUROCO";"S"
"
";"29911";"LUISA LA DIOSA DEL AMOR - LVM";"x";"RBC TELEVISION";"ESOTERICO";"09:00:00";"08:30:00";"L-V";"0";"0";"0";"28/03/14";"AUROCO";"S"
"
";"30122";"ROTATIVO 06:00 - 18:00 HRS. (CONFESIONES.)";"x";"FRECUENCIA LATINA - ESTELARES";"SERIE";"12:00:00";"11:00:00";"S";"0";"0";"0";"06/05/14";"AUROCO";"S"
"
";"30123";"LUISA LA DIOSA DEL AMOR - LVT";"x";"RBC TELEVISION";"ESOTERICO";"18:30:00";"18:00:00";"L-V";"0";"0";"0";"06/05/14";"AUROCO";"S"
"
";"30182";"INTERIORES MA-M";"x";"CANAL 06";"DECORACION";"07:30:00";"07:00:00";"L-V";"0";"0";"0";"23/05/14";"AUROCO";"S"
"
";"30183";"LINEA Y PUNTO L-MI-M";"x";"CANAL 06";"DECORACION";"07:30:00";"07:00:00";"L-V";"0";"0";"0";"23/05/14";"AUROCO";"S"
"
";"30062";"MI CIUDAD";"x";"RBC TELEVISION";"EDUCATIVO";"08:30:00";"08:00:00";"S";"0";"0";"0";"29/04/14";"AUROCO";"S"
"
";"30184";"LINEA Y PUNTO V-T";"x";"CANAL 06";"DECORACION";"13:30:00";"13:00:00";"L-V";"0";"0";"0";"23/05/14";"AUROCO";"S"
"
";"30185";"A LA VUELTA DE LA ESQUINA D-T";"x";"CANAL 06";"MAGAZINE";"15:00:00";"14:30:00";"D";"0";"0";"0";"23/05/14";"AUROCO";"S"
"
";"30063";"GUERRA POR EL MEDIO AMBIENTE";"x";"RBC TELEVISION";"EDUCATIVO";"09:00:00";"08:30:00";"S";"0";"0";"0";"29/04/14";"AUROCO";"S"
"
";"30186";"A LA VUELTA DE LA ESQUINA D-T(2)";"x";"CANAL 06";"MAGAZINE";"16:30:00";"16:00:00";"D";"0";"0";"0";"23/05/14";"AUROCO";"S"
"
";"30187";"VIDA & HOGAR";"x";"CANAL 05";"INMOBILIARIO";"13:00:00";"11:30:00";"D";"0";"0";"0";"23/05/14";"AUROCO";"S"
"
";"30202";"AL SEXTO DIA.";"x";"PANAMERICANA TELEVISION";"MAGAZINE";"00:00:00";"22:00:00";"S";"0";"0";"0";"26/05/14";"AUROCO";"S"
"
";"30203";"CENTRAL DEPORTIVA 1ERA EDICION";"x";"CANAL 03";"DEPORTIVO";"08:00:00";"07:00:00";"L-V";"0";"0";"0";"26/05/14";"AUROCO";"S"
"
";"30204";"CENTRAL DEPORTIVA 2DA EDICION";"x";"CANAL 03";"DEPORTIVO";"13:30:00";"13:00:00";"L-V";"0";"0";"0";"26/05/14";"AUROCO";"S"
"
";"30205";"VERSUS";"x";"CANAL 03";"DEPORTIVO";"22:00:00";"21:00:00";"L-V";"0";"0";"0";"26/05/14";"AUROCO";"S"
"
";"30222";"AL ROJO VIVO";"x";"CANAL 02";"NOTICIERO";"06:00:00";"05:00:00";"L-V";"0";"0";"0";"29/05/14";"AUROCO";"S"
"
";"30242";"AUTOMUNDO ST";"x";"CANAL 08";"DEPORTIVO";"14:00:00";"13:00:00";"S";"0";"0";"0";"04/06/14";"AUROCO";"S"
"
";"30243";"ESTO ES GUERRA";"x";"CANAL 04";"CONCURSO";"20:40:00";"19:00:00";"L-V";"0";"0";"0";"04/06/14";"AUROCO";"S"
"
";"30262";"CHECK IN DT";"x";"CANAL 06";"MAGAZINE";"14:30:00";"14:00:00";"D";"0";"0";"0";"06/06/14";"AUROCO";"S"
"
";"30322";"DOBLE CLICK DIGITAL (VIVO)";"x";"ATV+";"MAGAZINE";"14:30:00";"14:00:00";"L-V";"0";"0";"0";"16/06/14";"AUROCO";"S"
"
";"30323";"TEC";"x";"CANAL 04";"MAGAZINE";"12:00:00";"11:00:00";"D";"0";"0";"0";"16/06/14";"AUROCO";"S"
"
";"30342";"ROTATIVO 06:00 - 18:00 HRS, (90 DOMINICAL).";"x";"FRECUENCIA LATINA - ESTELARES";"NOTICIERO";"08:30:00";"06:00:00";"D";"0";"0";"0";"19/06/14";"AUROCO";"S"
"
";"30343";"ROTATIVO 06:00 - 18:00 HRS. (CINE MILLONARIO.)";"x";"FRECUENCIA LATINA - ESTELARES";"PELICULA";"19:00:00";"17:00:00";"D";"0";"0";"0";"19/06/14";"AUROCO";"S"
"
";"30344";"DIA D";"x";"CANAL 09";"PERIODISTICO";"00:00:00";"22:00:00";"D";"0";"0";"0";"19/06/14";"AUROCO";"S"
"
";"30345";"PRIMERA NOTICIA - FIN DE SEMANA";"x";"CANAL 09";"NOTICIERO";"09:00:00";"07:00:00";"S-D";"0";"0";"0";"19/06/14";"AUROCO";"S"
"
";"30346";"DE PELICULA D-T";"x";"CANAL 09";"MAGAZINE";"14:00:00";"13:00:00";"D";"0";"0";"0";"19/06/14";"AUROCO";"S"
"
";"30347";"ROTATIVO 06:00 - 18:00 HRS. (CINE EXPLOSIVO).";"x";"FRECUENCIA LATINA - ESTELARES";"PELICULA";"17:00:00";"15:00:00";"D";"0";"0";"0";"19/06/14";"AUROCO";"S"
"
";"30348";"24 HORAS EDICION CENTRAL.";"x";"PANAMERICANA TELEVISION";"NOTICIERO";"22:00:00";"20:30:00";"L-V";"0";"0";"0";"19/06/14";"AUROCO";"S"
"
";"30349";"RUMBO ECONOMICO LVN";"x";"CANAL 08";"ECONOMIA";"23:00:00";"22:30:00";"L-V";"0";"0";"0";"19/06/14";"AUROCO";"S"
"
";"30350";"RUMBO ECONOMICO LV REP.";"x";"CANAL 08";"ECONOMIA";"01:00:00";"00:30:00";"L-V";"0";"0";"0";"19/06/14";"AUROCO";"S"
"
";"30462";"LA PAISANA JACINTA LVN";"x";"CANAL 02";"SERIE";"20:00:00";"18:00:00";"L-V";"0";"0";"0";"21/07/14";"AUROCO";"S"
"
";"30542";"A LA VUELTA DE LA ESQUINA MI-MA";"x";"CANAL 06";"MAGAZINE";"12:30:00";"12:00:00";"L-V";"0";"0";"0";"04/08/14";"AUROCO";"S"
"
";"30543";"TIEMPO DE VIAJE MI-N";"x";"CANAL 06";"MAGAZINE";"21:30:00";"21:00:00";"L-V";"0";"0";"0";"04/08/14";"AUROCO";"S"
"
";"30602";"LA MAQUINA DEL MILLON.";"x";"FRECUENCIA LATINA - ESTELARES";"CONCURSO";"22:00:00";"21:00:00";"D";"0";"0";"0";"21/08/14";"AUROCO";"S"
"
";"30603";"JOSE DE EGIPTO.";"x";"FRECUENCIA LATINA - ESTELARES";"SERIE";"20:00:00";"18:00:00";"L-V";"0";"0";"0";"21/08/14";"AUROCO";"S"
"
";"30604";"JOSE DE EGIPTO";"x";"CANAL 02";"SERIE";"20:00:00";"18:00:00";"L-V";"0";"0";"0";"21/08/14";"AUROCO";"S"
"
";"30682";"SANSON Y DALILA";"x";"CANAL 02";"NOVELA";"19:00:00";"18:00:00";"L-V";"0";"0";"0";"22/09/14";"AUROCO";"S"
"
";"30683";"LA VOZ PERÚ LV-N";"x";"FRECUENCIA LATINA - ESTELARES";"CONCURSO";"21:30:00";"20:00:00";"L-V";"0";"0";"0";"22/09/14";"AUROCO";"S"
"
";"30742";"MENCION BIENVENIDA LA TARDE";"x";"CANAL 02";"CONCURSO";"19:00:00";"16:30:00";"L-V";"0";"0";"0";"26/09/14";"AUROCO";"S"
"
";"30842";"ESTAS EN TODAS (BANNER)";"x";"CANAL 04";"MAGAZINE";"11:00:00";"09:00:00";"S";"0";"0";"0";"28/10/14";"AUROCO";"S"
"
";"31022";"ROTATIVO 06:00 - 18:00 HRS (PATACLAUN S-T)";"x";"CANAL 05";"SERIE";"15:00:00";"14:00:00";"S";"0";"0";"0";"25/11/14";"AUROCO";"S"
"
";"31042";"EL ESPECIAL DEL HUMOR DN";"x";"FRECUENCIA LATINA - ESTELARES";"HUMOR";"22:00:00";"20:00:00";"D";"0";"0";"0";"27/11/14";"AUROCO";"S"
"
";"31043";"ROTATIVO LV 05:30 - 12:00";"x";"FRECUENCIA LATINA - FILIALES";"ROTATIVO";"12:00:00";"05:30:00";"L-V";"0";"0";"0";"27/11/14";"AUROCO";"S"
"
";"31044";"ROTATIVO LV 12:00 - 16:00";"x";"FRECUENCIA LATINA - FILIALES";"ROTATIVO";"16:00:00";"12:00:00";"L-V";"0";"0";"0";"27/11/14";"AUROCO";"S"
"
";"31045";"ROTATIVO LV 16:00 - 18:30";"x";"FRECUENCIA LATINA - FILIALES";"ROTATIVO";"18:30:00";"16:00:00";"L-V";"0";"0";"0";"27/11/14";"AUROCO";"S"
"
";"31046";"ROTATIVO LV 18:30 - 24:00";"x";"FRECUENCIA LATINA - FILIALES";"ROTATIVO";"00:00:00";"18:30:00";"L-V";"0";"0";"0";"27/11/14";"AUROCO";"S"
"
";"31047";"ROTATIVO S 05:30 - 12:00";"x";"FRECUENCIA LATINA - FILIALES";"ROTATIVO";"12:00:00";"05:30:00";"S";"0";"0";"0";"27/11/14";"AUROCO";"S"
"
";"31048";"ROTATIVO S 12:00 - 16:00";"x";"FRECUENCIA LATINA - FILIALES";"ROTATIVO";"16:00:00";"12:00:00";"S";"0";"0";"0";"27/11/14";"AUROCO";"S"
"
";"31049";"ROTATIVO S 16:00 - 18:30";"x";"FRECUENCIA LATINA - FILIALES";"ROTATIVO";"18:30:00";"16:00:00";"S";"0";"0";"0";"27/11/14";"AUROCO";"S"
"
";"31050";"ROTATIVO S 18:30 - 24:00";"x";"FRECUENCIA LATINA - FILIALES";"ROTATIVO";"00:00:00";"18:30:00";"S";"0";"0";"0";"27/11/14";"AUROCO";"S"
"
";"31051";"ROTATIVO D 05:30 - 12:00";"x";"FRECUENCIA LATINA - FILIALES";"ROTATIVO";"12:00:00";"05:30:00";"D";"0";"0";"0";"27/11/14";"AUROCO";"S"
"
";"31052";"ROTATIVO D 12:00 - 16:00";"x";"FRECUENCIA LATINA - FILIALES";"ROTATIVO";"16:00:00";"12:00:00";"D";"0";"0";"0";"27/11/14";"AUROCO";"S"
"
";"31053";"ROTATIVO D 16:00 - 18:30";"x";"FRECUENCIA LATINA - FILIALES";"ROTATIVO";"18:30:00";"16:00:00";"D";"0";"0";"0";"27/11/14";"AUROCO";"S"
"
";"31054";"ROTATIVO D 18:30 - 24:00";"x";"FRECUENCIA LATINA - FILIALES";"ROTATIVO";"00:00:00";"18:30:00";"D";"0";"0";"0";"27/11/14";"AUROCO";"S"
"
";"31202";"MI ADORABLE SAM SOON";"x";"PANAMERICANA TELEVISION";"NOVELA";"13:00:00";"12:30:00";"L-V";"0";"0";"0";"19/01/15";"AUROCO";"S"
"
";"31203";"UN LOBO ADOLESCENTE (TEEN WOLF)";"x";"PANAMERICANA TELEVISION";"SERIE";"18:00:00";"17:00:00";"L-V";"0";"0";"0";"19/01/15";"AUROCO";"S"
"
";"31222";"LA VOZ KIDS";"x";"FRECUENCIA LATINA - ESTELARES";"CONCURSO";"23:00:00";"21:00:00";"L-V";"0";"0";"0";"22/01/15";"AUROCO";"S"
"
";"31242";"SHOCK TV";"x";"CANAL 02";"MAGAZINE";"11:30:00";"09:00:00";"S";"0";"0";"0";"28/01/15";"AUROCO";"S"
"
";"31262";"ESPECIAL LA VOZ KIDS";"x";"CANAL 02";"CONCURSO";"11:30:00";"09:00:00";"S";"0";"0";"0";"03/02/15";"AUROCO";"S"
"
";"36662";"SABE A PERÚ S-M";"x";"CANAL 06";"CULINARIO";"07:30:00";"07:00:00";"S";"0";"0";"0";"06/07/18";"AUROCO";"S"
"
";"31383";"TNT SD 17:00 - 24:00";"x";"MEDIANETWORKS INTERNACIONAL";"SERIE";"00:00:00";"17:00:00";"S-D";"0";"0";"0";"18/02/15";"AUROCO";"S"
"
";"31402";"TNT LV 17:00 - 24:00";"x";"MEDIANETWORKS INTERNACIONAL";"SERIE";"00:00:00";"17:00:00";"L-V";"0";"0";"0";"19/02/15";"AUROCO";"S"
"
";"31462";"PRUEBA DE SONIDO L-N";"x";"CANAL 06";"MUSICAL";"21:30:00";"21:00:00";"L-V";"0";"0";"0";"12/03/15";"AUROCO";"S"
"
";"31482";"EN NOMBRE DEL HONOR";"x";"PANAMERICANA TELEVISION";"NOVELA";"19:00:00";"18:00:00";"L-V";"0";"0";"0";"13/03/15";"AUROCO";"S"
"
";"31483";"BONANZA";"x";"CANAL 05";"SERIE";"17:00:00";"16:00:00";"S";"0";"0";"0";"13/03/15";"AUROCO";"S"
"
";"31484";"EL GRAN CHAPARRAL";"x";"PANAMERICANA TELEVISION";"SERIE";"12:00:00";"11:00:00";"S";"0";"0";"0";"13/03/15";"AUROCO";"S"
"
";"31485";"TERRA MÍA";"x";"PANAMERICANA TELEVISION";"SERIE";"15:00:00";"14:00:00";"D";"0";"0";"0";"13/03/15";"AUROCO";"S"
"
";"31486";"CINE MEXICANO";"x";"PANAMERICANA TELEVISION";"PELICULA";"19:00:00";"16:00:00";"D";"0";"0";"0";"13/03/15";"AUROCO";"S"
"
";"31622";"CANAL N 10:00 - 14:00 HRS.";"x";"TELEFECTIVOS";"NOTICIERO";"14:00:00";"10:00:00";"L-V";"0";"0";"0";"11/05/15";"AUROCO";"S"
"
";"31742";"ROTATIVO 06:00 - 18:00 HRS, (ROSA NEGRA)";"x";"CANAL 02";"NOVELA";"17:00:00";"16:00:00";"L-V";"0";"0";"0";"15/06/15";"AUROCO";"S"
"
";"32042";"REPORTE SEMANAL - ESPECIAL";"x";"FRECUENCIA LATINA - ESTELARES";"PERIODISTICO";"21:00:00";"19:00:00";"D";"0";"0";"0";"04/09/15";"AUROCO";"S"
"
";"32102";"AXN 17:00 - 24:00 HRS SD";"x";"MEDIANETWORKS INTERNACIONAL";"SERIE";"00:00:00";"17:00:00";"S-D";"0";"0";"0";"25/09/15";"AUROCO";"S"
"
";"37022";"PARTIDO PERÚ VS. ALEMANIA";"x";"CANAL 02";"DEPORTES";"15:45:00";"13:45:00";"D";"0";"0";"0";"03/09/18";"AUROCO";"S"
"
";"32143";"FX CHANNEL SD 18:00 - 00:00";"x";"FOX ONE STOP MEDIA";"SERIE";"00:00:00";"18:00:00";"S-D";"0";"0";"0";"30/09/15";"AUROCO";"S"
"
";"32144";"FX CHANNEL LV 18:00 - 00:00";"x";"FOX ONE STOP MEDIA";"SERIES";"00:00:00";"18:00:00";"L-V";"0";"0";"0";"30/09/15";"AUROCO";"S"
"
";"32145";"UNIVERSAL CHANNEL SD 18:00 - 02:00";"x";"FOX ONE STOP MEDIA";"SERIES";"02:00:00";"18:00:00";"S-D";"0";"0";"0";"30/09/15";"AUROCO";"S"
"
";"32146";"UNIVERSAL CHANNEL LV 18:00 - 02:00";"x";"FOX ONE STOP MEDIA";"SERIES";"02:00:00";"18:00:00";"L-V";"0";"0";"0";"30/09/15";"AUROCO";"S"
"
";"32147";"NAT GEO LV 18:00 - 02:00";"x";"FOX ONE STOP MEDIA";"DOCUMENTAL";"02:00:00";"18:00:00";"L-V";"0";"0";"0";"30/09/15";"AUROCO";"S"
"
";"32148";"NAT GEO SD 18:00 - 02:00";"x";"FOX ONE STOP MEDIA";"DOCUMENTAL";"02:00:00";"18:00:00";"S-D";"0";"0";"0";"30/09/15";"AUROCO";"S"
"
";"32150";"DISCOVERY CHANNEL 17:00 - 24 HRS LV";"x";"MEDIANETWORKS INTERNACIONAL";"DOCUMENTAL";"00:00:00";"17:00:00";"L-V";"0";"0";"0";"30/09/15";"AUROCO";"S"
"
";"32151";"DISCOVERY CHANNEL 17:00 - 24:00 HRS SD";"x";"MEDIANETWORKS INTERNACIONAL";"DOCUMENTAL";"00:00:00";"17:00:00";"S-D";"0";"0";"0";"30/09/15";"AUROCO";"S"
"
";"32222";"ROTATIVO 06:00 - 18:00 HRS, (CINE SABADO 1).";"x";"FRECUENCIA LATINA - ESTELARES";"PELICULA";"12:30:00";"11:00:00";"S";"0";"0";"0";"15/10/15";"AUROCO";"S"
"
";"32223";"AMOR DE MADRE";"x";"CANAL 04";"SERIE";"22:15:00";"21:30:00";"L-V";"0";"0";"0";"15/10/15";"AUROCO";"S"
"
";"32224";"FALLING SKIES IV";"x";"CANAL 09";"SERIE";"13:00:00";"12:00:00";"D";"0";"0";"0";"15/10/15";"AUROCO";"S"
"
";"32225";"90 MATINAL (07:00 A 08:00)";"x";"CANAL 02";"NOTICIERO";"08:00:00";"07:00:00";"L-V";"0";"0";"0";"15/10/15";"AUROCO";"S"
"
";"29602";"ROTATIVO 06:00 - 18:00 HRS, (90 MATINAL NACIONAL)";"x";"CANAL 02";"NOTICIERO";"07:00:00";"06:00:00";"L-V";"0";"0";"0";"05/03/14";"AUROCO";"S"
"
";"29603";"ROTATIVO 05:00 - 06:00 HRS. L-V";"x";"CANAL 02";"NOTICIERO";"06:00:00";"05:00:00";"L-V";"0";"0";"0";"05/03/14";"AUROCO";"S"
"
";"29606";"LA NOCHE ES MIA D-M";"x";"CANAL 02";"MAGAZINE";"07:00:00";"06:00:00";"D";"0";"0";"0";"05/03/14";"AUROCO";"S"
"
";"29608";"ROTATIVO 06:00 - 18:00 HRS. (90 DOMINICAL)";"x";"CANAL 02";"NOTICIERO";"08:30:00";"06:00:00";"D";"0";"0";"0";"05/03/14";"AUROCO";"S"
"
";"29607";"ROTATIVO 06:00 - 18:00 HRS. (90 SABADOS)";"x";"CANAL 02";"NOTICIERO";"09:30:00";"06:00:00";"S";"0";"0";"0";"05/03/14";"AUROCO";"S"
"
";"29609";"ROTATIVO 06:00 - 18:00 HRS. (ESPECTACULOS SM)";"x";"CANAL 02";"ESPECTACULOS";"10:30:00";"09:30:00";"S";"0";"0";"0";"05/03/14";"AUROCO";"S"
"
";"29610";"CAMINO A CASA";"x";"CANAL 02";"MINISERIE";"10:30:00";"09:00:00";"S";"0";"0";"0";"05/03/14";"AUROCO";"S"
"
";"29611";"ROTATIVO 06:00 - 18:00 HRS, (CINE SABADO 2)";"x";"CANAL 02";"PELICULAS";"15:30:00";"14:00:00";"S";"0";"0";"0";"05/03/14";"AUROCO";"S"
"
";"29612";"ROTATIVO 06:00 - 18:00 HRS (CINE S-M).";"x";"FRECUENCIA LATINA - ESTELARES";"PELICULAS";"12:00:00";"10:00:00";"S";"0";"0";"0";"05/03/14";"AUROCO";"S"
"
";"29613";"ROTATIVO 06:00 - 18:00 HRS. (CLASICOS ANIMADOS)";"x";"CANAL 02";"PELICULAS";"18:30:00";"17:00:00";"S";"0";"0";"0";"05/03/14";"AUROCO";"S"
"
";"29962";"ROTATIVO 06:00 - 19:00 HRS, (24 HORAS EDICION MEDIO DIA)";"x";"CANAL 05";"NOTICIERO";"15:00:00";"12:00:00";"L-V";"0";"0";"0";"03/04/14";"AUROCO";"S"
"
";"29615";"ROTATIVO 06:00 - 18:00 HRS (20 LUCAS)";"x";"CANAL 02";"CULINARIO";"12:00:00";"11:00:00";"S";"0";"0";"0";"05/03/14";"AUROCO";"S"
"
";"29616";"ROTATIVO 06:00 - 18:00 HRS. (CINE EXPLOSIVO)";"x";"CANAL 02";"PELICULAS";"17:00:00";"15:00:00";"D";"0";"0";"0";"05/03/14";"AUROCO";"S"
"
";"29617";"ROTATIVO 06:00 - 18:00 HRS. (CINE PLUS)";"x";"CANAL 02";"PELICULAS";"15:30:00";"14:00:00";"D";"0";"0";"0";"05/03/14";"AUROCO";"S"
"
";"29618";"TITANES";"x";"FRECUENCIA LATINA - ESTELARES";"CONCURSO";"20:00:00";"18:00:00";"L-V";"0";"0";"0";"05/03/14";"AUROCO";"S"
"
";"29619";"LA PAISANA JACINTA LVN.";"x";"FRECUENCIA LATINA - ESTELARES";"SERIE";"20:00:00";"18:00:00";"L-V";"0";"0";"0";"05/03/14";"AUROCO";"S"
"
";"29620";"YO SOY LV-N";"x";"FRECUENCIA LATINA - ESTELARES";"CONCURSO";"22:00:00";"20:30:00";"L-V";"0";"0";"0";"05/03/14";"AUROCO";"S"
"
";"29621";"90 CENTRAL";"x";"FRECUENCIA LATINA - ESTELARES";"NOTICIERO";"20:00:00";"19:00:00";"L-V";"0";"0";"0";"05/03/14";"AUROCO";"S"
"
";"29622";"CASO CERRADO LV-T";"x";"CANAL 09";"SERIE";"14:00:00";"13:00:00";"L-V";"0";"0";"0";"05/03/14";"AUROCO";"S"
"
";"29623";"LA PAISANA JACINTA SM.";"x";"FRECUENCIA LATINA - ESTELARES";"SERIE";"08:30:00";"07:30:00";"S";"0";"0";"0";"05/03/14";"AUROCO";"S"
"
";"29624";"EL ESPECIAL DEL HUMOR.";"x";"FRECUENCIA LATINA - ESTELARES";"HUMOR";"21:00:00";"19:00:00";"S";"0";"0";"0";"05/03/14";"AUROCO";"S"
"
";"29625";"EL VALOR DE LA VERDAD";"x";"FRECUENCIA LATINA - ESTELARES";"ENTREVISTA";"00:00:00";"22:00:00";"S";"0";"0";"0";"05/03/14";"AUROCO";"S"
"
";"29626";"PRIMERA EDICION (07:00 - 08:30 HRS.)";"x";"CANAL 04";"NOTICIERO";"08:30:00";"07:00:00";"L-V";"0";"0";"0";"05/03/14";"AUROCO";"S"
"
";"29627";"AMÉRICA ESPECTÁCULOS";"x";"CANAL 04";"ESPECTÁCULOS";"09:30:00";"08:30:00";"L-V";"0";"0";"0";"05/03/14";"AUROCO";"S"
"
";"29628";"POR ELLA SOY EVA";"x";"CANAL 04";"NOVELA";"10:15:00";"09:30:00";"L-V";"0";"0";"0";"05/03/14";"AUROCO";"S"
"
";"29629";"PORQUE EL AMOR MANDA";"x";"CANAL 04";"NOVELA";"11:00:00";"10:15:00";"L-V";"0";"0";"0";"05/03/14";"AUROCO";"S"
"
";"29630";"LA ROSA DE GUADALUPE LV-MA.";"x";"CANAL 04";"SERIE";"12:00:00";"11:00:00";"L-V";"0";"0";"0";"05/03/14";"AUROCO";"S"
"
";"29631";"AMERICA NOTICIAS EDICION DEL MEDIODIA";"x";"CANAL 04";"NOTICIERO";"13:30:00";"12:00:00";"L-V";"0";"0";"0";"05/03/14";"AUROCO";"S"
"
";"29632";"AL AIRE";"x";"CANAL 04";"MAGAZINE";"14:30:00";"13:00:00";"L-V";"0";"0";"0";"05/03/14";"AUROCO";"S"
"
";"29633";"DR. TV";"x";"CANAL 04";"MEDICO";"15:30:00";"14:30:00";"L-V";"0";"0";"0";"05/03/14";"AUROCO";"S"
"
";"29635";"QUIERO AMARTE";"x";"CANAL 04";"TELENOVELA";"17:15:00";"16:30:00";"L-V";"0";"0";"0";"05/03/14";"AUROCO";"S"
"
";"29636";"LA ROSA DE GUADALUPE LV-TA";"x";"CANAL 04";"SERIE";"18:50:00";"17:15:00";"L-V";"0";"0";"0";"05/03/14";"AUROCO";"S"
"
";"29638";"AL FONDO HAY SITIO LV-N";"x";"CANAL 04";"SERIE";"21:30:00";"20:40:00";"L-V";"0";"0";"0";"05/03/14";"AUROCO";"S"
"
";"29639";"CORAZÓN INDOMABLE";"x";"CANAL 04";"TELENOVELA";"22:00:00";"21:00:00";"L-V";"0";"0";"0";"05/03/14";"AUROCO";"S"
"
";"29640";"AMERICA NOTICIAS-EDC. CENTRAL";"x";"CANAL 04";"NOTICIERO";"23:30:00";"22:30:00";"L-V";"0";"0";"0";"05/03/14";"AUROCO";"S"
"
";"29641";"A LAS ONCE";"x";"CANAL 04";"MAGAZINE";"00:00:00";"23:00:00";"L-V";"0";"0";"0";"05/03/14";"AUROCO";"S"
"
";"29642";"AMERICA DEPORTES (NOCHE)";"x";"CANAL 04";"DEPORTIVO";"23:40:00";"23:25:00";"L-V";"0";"0";"0";"05/03/14";"AUROCO";"S"
"
";"29643";"PUNTO FINAL";"x";"FRECUENCIA LATINA - ESTELARES";"PERIODISTICO";"22:00:00";"20:00:00";"D";"0";"0";"0";"05/03/14";"AUROCO";"S"
