"EDITAR";"C_CONTRATO";"C_CLIENTE";"INICIO_VIGENCIA";"FIN_VIGENCIA";"C_MONEDA";"INVERSION";"INVER_IGV";"MONTO_ORDENAR";"MONTO_OR_IGV";"OBSERVACIONES";"F_CREACION";"C_USUARIO";"RUC_CLIENTE";"NRO_FISICO";"FACTURADO";"TAZA_IGV";"TIPO_CAMBIO";
"
";"T021";"C060";"18/07/10";"29/08/10";"Dolares";"1417,5";"1687";"1400";"1666";"PAGO CONTRACONSUMO FINALIZADA LA PAUTA";"15/07/10";"AUROCO";"20520568884";"CAP 068-2010";"";"19";""
"
";"T029";"C063";"23/07/10";"22/08/10";"Dolares";"7230";"8604";"6000";"7140";"FORMA DE PAGO 100% POR 6100 TICKETS PLAY LAND PARK";"22/07/10";"AUROCO";"20372420040";"CAP 073-2010";"";"19";""
"
";"T042";"C050";"09/08/10";"31/08/10";"Dolares";"3300";"3927";"3300";"3927";"";"17/08/10";"AUROCO";"20501820025";"CAP 076-2010";"";"19";""
"
";"T043";"C042";"16/08/10";"30/09/10";"Dolares";"16470,98";"19600";"16470,98";"19600";"MONTO BRUTO";"17/08/10";"AUROCO";"20138221157";"CAP 093-2010";"";"19";""
"
";"T045";"C072";"19/08/10";"22/08/10";"Dolares";"341,32";"406";"182,66";"217";"";"19/08/10";"AUROCO";"20536083295";"CAP 095-010";"";"19";""
"
";"T046";"C073";"19/08/10";"29/08/10";"Dolares";"8398";"9994";"8398";"9994";"";"19/08/10";"AUROCO";"20519162394";"cap 094-010";"";"19";""
"
";"T051";"C045";"01/09/10";"30/09/10";"Dolares";"5680";"6759";"5680";"6759";"";"02/09/10";"AUROCO";"XXX";"CAP 0100-2010";"";"19";""
"
";"T052";"C076";"01/09/10";"30/09/10";"Dolares";"2400";"2856";"2400";"2856";"";"02/09/10";"AUROCO";"20518018818";"CAP 0101-2010";"";"19";""
"
";"T059";"C060";"01/09/10";"31/10/10";"Dolares";"607,5";"723";"607,5";"723";"";"16/09/10";"AUROCO";"20520568884";"CAP 107-2010";"";"19";""
"
";"T0123";"C056";"01/01/11";"28/02/11";"Dolares";"76730";"91309";"76730";"91309";"DESCONTAR US$ 11,390.00 + IGV DE LAS ORDENES INGRESADAS PARA TELEFECTIVOS";"03/01/11";"AUROCO";"201710362";"CAP 181-2010";"";"19";""
"
";"T090";"C02";"01/11/10";"31/12/10";"Dolares";"50825";"60482";"50825";"60482";"";"22/11/10";"AUROCO";"20517845532";"CAP 142-2010";"";"19";""
"
";"T0122";"C047";"01/01/11";"31/01/11";"Dolares";"7645";"9098";"7645";"9098";"CONTINUACION DEL CONTRATO CAP 148-2010";"03/01/11";"AUROCO";"20462509236";"CAP 180-2010";"";"19";""
"
";"T0124";"C0103";"01/01/11";"28/02/11";"Dolares";"43560";"51836";"43560";"51836";"";"03/01/11";"AUROCO";"20145906254";"CAP 001-2011";"";"19";""
"
";"T0140";"C059";"01/01/11";"31/01/11";"Dolares";"2368";"2818";"2368";"2818";"";"19/01/11";"AUROCO";"20418997355";"CAP 017-11";"";"19";""
"
";"T0207";"C058";"01/03/11";"31/03/11";"Dolares";"8900";"10502";"8900";"10502";"";"04/03/11";"AUROCO";"20344818909";"CAP 076-11";"";"18";""
"
";"T0224";"C0104";"01/03/11";"31/03/11";"Dolares";"375";"443";"375";"443";"";"17/03/11";"AUROCO";"20431684871";"CAP 092-11";"";"18";""
"
";"T0227";"C061";"01/03/11";"31/05/11";"Dolares";"28657,84";"37666";"31920";"37666";"";"22/03/11";"AUROCO";"20218409041";"CAP 083-11";"";"18";""
"
";"T0229";"C0113";"01/03/11";"30/04/11";"Dolares";"425";"502";"425";"502";"";"22/03/11";"AUROCO";"20517420876";"CAP 095-11";"";"18";""
"
";"T0228";"C061";"01/03/11";"31/05/11";"Soles";"17520";"20674";"17520";"20674";"CONTRATO CAP 083-11 (TELEFECTIVOS) MONTO EN DOLARES 6,302.16 + IGV
TIPO DE CAMBIO 2.78";"22/03/11";"AUROCO";"20218409041";"CAP 083-11";"";"18";""
"
";"T0233";"C060";"01/04/11";"31/05/11";"Dolares";"1912,5";"2257";"1912,5";"2257";"";"29/03/11";"AUROCO";"20520568884";"CAP 101-11";"";"18";""
"
";"T0234";"C0106";"01/04/11";"30/04/11";"Soles";"100800";"118944";"100800";"118944";"AVISOS AL FONDO HAY SITIO";"30/03/11";"AUROCO";"20216504390";"CAP 102-11";"";"18";""
"
";"T0235";"C0106";"01/04/11";"30/04/11";"Dolares";"17500";"20650";"17500";"20650";"EL ULTIMO PASAJERO";"30/03/11";"AUROCO";"XXX";"CAP 103-11";"";"18";""
"
";"T0236";"C0106";"01/04/11";"30/04/11";"Dolares";"4800";"5664";"4800";"5664";"AVISOS A PRIMERA HORA";"30/03/11";"AUROCO";"20216504390";"CAP 104-11";"";"18";""
"
";"T0237";"C0106";"01/04/11";"30/04/11";"Soles";"30660";"36179";"30660";"36179";"AVISOS PRIMERA EDICION - PLAN PREMIUM";"30/03/11";"AUROCO";"20216504390";"CAP 105-11";"";"18";""
"
";"T0238";"C0104";"01/04/11";"30/04/11";"Dolares";"375";"442,5";"375";"442,5";"";"30/03/11";"AUROCO";"20431684871";"CAP 106-11";"";"18";"0"
"
";"T0239";"C066";"01/04/11";"30/04/11";"Soles";"31360";"37005";"31360";"37005";"AUSPICIO RECARGADOS DE RISA 
T/C 2.80";"30/03/11";"AUROCO";"20100170842";"CAP 108-11";"";"18";""
"
";"T0240";"C01";"01/04/11";"30/04/11";"Dolares";"2610";"3080";"2610";"3080";"PERÍODO DEL 02 AL 18 DE ABRIL.";"31/03/11";"AUROCO";"20374730062";"CAP  097-11";"";"18";""
"
";"T0241";"C066";"01/04/11";"30/04/11";"Dolares";"425";"502";"425";"502";"AVISOS ORDENADOS EN FRECUENCIA LATINA, MOTIVO DE PAUTA CHEFF FRESSON";"31/03/11";"AUROCO";"20100170842";"CAP 109-11";"";"18";""
"
";"T0245";"C070";"01/04/11";"31/05/11";"Dolares";"17653,35";"20831";"17653,35";"20831";"";"07/04/11";"AUROCO";"20511922730";"COM 002-11";"";"18";""
"
";"T0246";"C070";"01/04/11";"31/05/11";"Soles";"34194";"40349";"34194";"40349";"ORDEN AMERICA CONTRATO COM 002-11 MONTO EN DOLARES US$ 12,300.00
TIPO DE CAMBIO 2.78";"07/04/11";"AUROCO";"20511922730";"COM 002-11";"";"18";""
"
";"T0247";"C02";"01/04/11";"30/04/11";"Dolares";"17830";"21039";"17830";"21039";"";"08/04/11";"AUROCO";"20517845532";"CAP 110-11";"";"18";""
"
";"T0248";"C02";"01/04/11";"30/04/11";"Soles";"35862";"42317";"35862";"42317";"ORDENES AMERICA CONTRATO MOBILE SOLUTION CAP 110-11 MONTO EN DOLARES US$ 12,900 TIPO DE CAMBIO 2.78";"08/04/11";"AUROCO";"20517845532";"CAP 110-11";"";"18";""
"
";"T0249";"C0117";"01/04/11";"30/04/11";"Dolares";"3000";"3540";"3000";"3540";"";"08/04/11";"AUROCO";"20510256361";"CAP 107-11";"";"18";""
"
";"T0251";"C0104";"01/04/11";"30/04/11";"Dolares";"375";"443";"375";"443";"";"14/04/11";"AUROCO";"20431684871";"CAP 115-11";"";"18";""
"
";"T0252";"C0106";"01/04/11";"30/04/11";"Dolares";"3360";"3964,8";"3360";"3964,8";"";"14/04/11";"AUROCO";"20216504390";"CAP 116-11";"";"18";""
"
";"T0253";"C0106";"01/04/11";"30/04/11";"Soles";"22960";"27093";"22960";"27093";"MONTO EN DOLARES US$ 8,200 TIPO DE CAMBIO 2.8";"14/04/11";"AUROCO";"20216504390";"CAP 117-11";"";"18";""
"
";"T0264";"C0119";"01/05/11";"30/06/11";"Soles";"69440";"81939";"69440";"81939";"CONTRATO PAUTA EN SOLES PAUTA LADRILLOS PIRAMIDE MONTO EN DOLARES US$ 24,800.00, TIPO DE CAMBIO 2.8";"05/05/11";"AUROCO";"20100132916";"COM 003-11";"";"18";""
"
";"T0255";"C0104";"01/04/11";"30/04/11";"Dolares";"375";"443";"375";"443";"";"26/04/11";"AUROCO";"20431684871";"CAP 119-2011";"";"18";""
"
";"T0256";"C0104";"01/05/11";"31/05/11";"Dolares";"375";"442,5";"375";"442,5";"";"27/04/11";"AUROCO";"20431684871";"CAP 121-11";"";"18";""
"
";"T0263";"C0119";"01/05/11";"30/06/11";"Dolares";"10200";"12036";"10200";"12036";"";"05/05/11";"AUROCO";"20100132916";"COM 003-11";"";"18";""
"
";"T0262";"C05";"01/05/11";"31/07/11";"Dolares";"12140";"14325";"12140";"14325";"";"02/05/11";"AUROCO";"20104443819";"CAP 125-11";"";"18";""
"
";"T0281";"C044";"01/06/11";"30/06/11";"Soles";"20906,59";"24669,7762";"20906,59";"24669,7762";"";"08/06/11";"AUROCO";"20147883952";"CAP 142-11";"";"18";""
"
";"T0266";"C00";"01/05/11";"31/05/11";"Dolares";"3120";"3682";"3120";"3682";"";"11/05/11";"AUROCO";"20100704227";"CAP 130-11";"";"18";""
"
";"T0267";"C0121";"01/05/11";"31/05/11";"Soles";"5890,38";"6951";"5890,38";"6951";"AVISOS ROTATIVOS 20"" FILIAL HUANCAYO - CHEMAYOLIC";"11/05/11";"AUROCO";"20100265479";"COM 004-11";"";"18";""
"
";"T0268";"C0106";"01/05/11";"31/05/11";"Dolares";"2880";"3398";"2880";"3398";"";"12/05/11";"AUROCO";"20216504390";"CAP 131-11";"";"18";""
"
";"T0269";"C0106";"01/05/11";"31/05/11";"Soles";"32144";"37930";"32144";"37930";"AVISOS TELEFECTIVOS MONTO EN DOLARES 11,480.00 + IGV TIPO DE CAMBIO 2.8";"12/05/11";"AUROCO";"20216504390";"CAP 132-11";"";"18";""
"
";"T0271";"C0123";"01/05/11";"30/06/11";"Dolares";"6300";"7434";"6300";"7434";"";"20/05/11";"AUROCO";"20419757331";"CAP 128-11";"";"18";""
"
";"T0273";"C086";"01/06/11";"30/06/11";"Dolares";"810";"955,8";"810";"955,8";"CONTRATO PARA AVISOS INGRESADOS EN CANAL N";"26/05/11";"AUROCO";"20100341914";"CAP 126-11";"";"18";""
"
";"T0274";"C086";"01/06/11";"30/06/11";"Soles";"186732";"220343,76";"186732";"220343,76";"CONTRATO PARA AVISOS INGRESADO EN AMERICA TELEVISION, MONTO EN DOLARES US$ 66,690.00 + IGV";"26/05/11";"AUROCO";"20100341914";"CAP 126-11";"";"18";""
"
";"T0275";"C0121";"01/06/11";"30/06/11";"Soles";"9300,6";"10974,708";"9300,6";"10974,708";"AVISOS ROTATIVOS 20"" FILIAL HUANCAYO - CHEMAYOLIC";"31/05/11";"AUROCO";"20100265479";"COM 006-11";"";"18";""
"
";"T0276";"C00";"01/06/11";"30/06/11";"Dolares";"3267";"3855";"3267";"3855";"";"01/06/11";"AUROCO";"20100704227";"CAP 137-11";"";"18";""
"
";"T0277";"C080";"01/06/11";"31/07/11";"Dolares";"16480,42";"19447";"16480,42";"19447";"EL MONTO DEL CONTRATO CORRESPONDE A MONTO NETO";"01/06/11";"AUROCO";"20100097746";"CAP 138-11";"";"18";""
"
";"T0278";"C070";"01/06/11";"30/06/11";"Dolares";"25640";"30255";"25640";"30255";"";"01/06/11";"AUROCO";"20511922730";"COM 005-11";"";"18";""
"
";"T0279";"C026";"01/06/11";"30/06/11";"Dolares";"3750";"4425";"3750";"4425";"AUSPICIO PROGRAMA ELECCIONES 2011 SEGUNDA VUELTA - PANAMERICANA TELEVISION";"02/06/11";"AUROCO";"20384734503";"CAP 139-11";"";"18";""
"
";"T0280";"C040";"01/06/11";"30/06/11";"Dolares";"240";"283";"240";"283";"";"07/06/11";"AUROCO";"XXX";"CAP 141-11";"";"18";""
"
";"T037";"C045";"02/08/10";"31/08/10";"Dolares";"5680";"6759";"3000";"3570";"";"04/08/10";"AUROCO";"XXX";"CAP 085-2010";"";"19";""
"
";"T022";"C02";"19/07/10";"15/08/10";"Dolares";"18810";"22384";"15000";"17850";"PAGO 50% 15 AGOSTO 2010
PAGO 50% 30 AGOSTO 2010";"16/07/10";"AUROCO";"20517845532";"CAP 064-2010";"";"19";""
"
";"T030";"C064";"01/08/10";"15/08/10";"Dolares";"1600";"1904";"1000";"1190";"ORDEN INGRESADA PARA LA UNIVERSIDAD DE CIENCIAS Y HUMANIDADES - UCH";"26/07/10";"AUROCO";"20125753869";"CAP 074-2010";"";"19";""
"
";"T084";"C060";"01/11/10";"31/12/10";"Dolares";"1890";"2249";"1890";"2249";"";"10/11/10";"AUROCO";"20520568884";"CAP 136-2010";"";"19";""
"
";"T087";"C091";"01/11/10";"31/12/10";"Dolares";"4781,25";"5690";"4781,25";"5690";"FACTURAR A VER PUBLICIDAD";"18/11/10";"AUROCO";"20100166144";"CAP 143-2010";"";"19";""
"
";"T089";"C092";"01/11/10";"30/11/10";"Dolares";"858,67";"1022";"858,67";"1022";"";"22/11/10";"AUROCO";"XXX";"CAP 145-2010";"";"19";""
"
";"T0132";"C0104";"01/01/11";"31/01/11";"Dolares";"375";"446";"375";"446";"";"13/01/11";"AUROCO";"20431684871";"CAP 010-2011";"";"19";""
"
";"T0130";"C088";"01/01/11";"31/01/11";"Dolares";"1962,59";"2335";"1962,59";"2335";"";"13/01/11";"AUROCO";"20345128922";"CAP 009-11";"";"19";""
"
";"T0131";"C00";"01/01/11";"31/01/11";"Dolares";"3071";"3654";"3071";"3654";"";"13/01/11";"AUROCO";"20100704227";"CAP 006-11";"";"19";""
"
";"T0133";"C0105";"01/01/11";"31/01/11";"Dolares";"360";"428";"360";"428";"";"13/01/11";"AUROCO";"20523886861";"CAP 011-11";"";"19";""
"
";"T0212";"C065";"01/03/11";"31/03/11";"Dolares";"3066";"3618";"3066";"3618";"";"10/03/11";"AUROCO";"20506690928";"CAP 081-11";"";"18";""
"
";"T0242";"C02";"01/04/11";"30/04/11";"Soles";"7784";"9185";"7784";"9185";"REPOSICION DE AVISOS AMERICA T. CONTRATO CAP 080-11
MONTO EN DOLARES US$ 2800 - TIPO DE CAMBIO 2.78";"06/04/11";"AUROCO";"20517845532";"CAP 080-11";"";"18";""
"
";"T0243";"C0109";"01/04/11";"31/05/11";"Dolares";"2362,5";"2787,75";"2362,5";"2787,75";"";"06/04/11";"AUROCO";"20516497964";"CAP 111-11";"";"18";""
"
";"T0244";"C0104";"01/04/11";"30/04/11";"Dolares";"375";"443";"375";"443";"";"06/04/11";"AUROCO";"20431684871";"CAP 112-11";"";"18";""
"
";"T0250";"C00";"01/04/11";"31/05/11";"Dolares";"5647";"6663";"5647";"6663";"";"13/04/11";"AUROCO";"20100704227";"CAP 113-11";"";"18";""
"
";"T0257";"C0106";"01/05/11";"31/05/11";"Dolares";"3360";"3964,8";"3360";"3964,8";"";"27/04/11";"AUROCO";"20216504390";"CAP 123-11";"";"18";""
"
";"T0258";"C0106";"01/05/11";"31/05/11";"Soles";"45920";"54186";"45920";"54186";"CONTRATO AVISOS TELEFECTIVOS MONTO EN DOLARES US$ 16,400.00 TIPO DE CAMBIO 2.8";"27/04/11";"AUROCO";"20216504390";"CAP 124-11";"";"18";""
"
";"T0259";"C0118";"01/04/11";"31/05/11";"Soles";"14112";"16652";"14112";"16652";"CONTRATO AVISOS TELEFECTIVOS MONTO EN DOLARES US$ 5,040.00 + IGV TIPO DE CAMBIO 2.8";"27/04/11";"AUROCO";"20518117395";"CAP 120-11";"";"18";""
"
";"T0260";"C0118";"01/04/11";"31/05/11";"Dolares";"11720";"13830";"11720";"13830";"";"27/04/11";"AUROCO";"20518117395";"CAP 120-11";"";"18";""
"
";"T0261";"C099";"01/05/11";"31/05/11";"Dolares";"1000";"1180";"1000";"1180";"";"28/04/11";"AUROCO";"20515232371";"CAP 114-11";"";"18";""
"
";"T0270";"C0122";"01/05/11";"31/07/11";"Dolares";"51825,38";"61153,9484";"51825,38";"61153,9484";"";"13/05/11";"AUROCO";"20132243230";"CAP 133-11";"";"18";""
"
";"T0282";"C0124";"01/06/11";"30/11/11";"Dolares";"178250";"210335";"178250";"210335";"";"09/06/11";"AUROCO";"20100227461";"CAP 127-11";"";"18";""
"
";"T0283";"C0124";"01/06/11";"30/11/11";"Soles";"273000";"322140";"273000";"322140";"CONTRATO AVISOS AMERICA TELEVISION MONTO EN DOLARES US$ 97,500.00 + IGV TIPO DE CAMBIO 2.8";"09/06/11";"AUROCO";"20100227461";"CAP 127-11";"";"18";""
"
";"T0284";"C02";"01/06/11";"31/07/11";"Soles";"21167,96";"24978,1928";"21167,96";"24978,1928";"CONTRATO AMERICA TELEVISION PMOVIL MONTO BRUTO US$ 7,559.99 + IGV TIPO DE CAMBIO 2.8";"13/06/11";"AUROCO";"20517845532";"CAP 143-11";"";"18";""
"
";"T0285";"C0104";"01/06/11";"30/06/11";"Dolares";"375";"443";"375";"443";"";"14/06/11";"AUROCO";"20431684871";"CAP 144-11";"";"18";""
"
";"T0286";"C0125";"01/06/11";"31/07/11";"Soles";"91373,18";"107820";"91373,18";"107820";"CONTRATO AMERICA TELEVISION MONTO BRUTO 32,633.28 + IGV, TIPO DE CAMBIO 2.8";"15/06/11";"AUROCO";"20521449731";"CAP 145-11";"";"18";""
"
";"T0287";"C0126";"01/06/11";"31/07/11";"Soles";"75684";"89307";"75684";"89307";"CONTRATO AMERICA TELEVISION MONTO NETO 27,030.00 + IGV TIPO DE CAMBIO";"15/06/11";"AUROCO";"20106793621";"CAP 146-11";"";"18";""
"
";"T0288";"C026";"01/06/11";"31/12/11";"Dolares";"45112,5";"53233";"45112,5";"53233";"";"16/06/11";"AUROCO";"20384734503";"CAP 140-11";"";"18";""
"
";"T0289";"C096";"01/06/11";"31/07/11";"Dolares";"12357,15";"14581";"12357,15";"14581";"";"17/06/11";"AUROCO";"20102306598";"CAP 147-11";"";"18";""
"
";"T0290";"C096";"01/06/11";"31/07/11";"Soles";"34699,98";"40946";"34699,98";"40946";"CONTRATO AMERICA TELEVISION MONTO EN DOLARES US$ 12,392.85 + IGV TIPO DE CAMBIO 2.8";"17/06/11";"AUROCO";"20102306598";"CAP 147-11";"";"18";""
"
";"T0291";"C046";"01/06/11";"30/06/11";"Soles";"34645,29";"40881";"34645,29";"40881";"CONTRATO AMERICA TELEVISION MONTO EN DOLARES US$ 12,373.32 + IGV TIPO DE CAMBIO 2.8";"17/06/11";"AUROCO";"20109199835";"CAP 148-11";"";"18";""
"
";"T0292";"C041";"01/06/11";"31/07/11";"Dolares";"14700,5";"17347";"14700,5";"17347";"";"20/06/11";"AUROCO";"20466246370";"COM 007-11";"";"18";""
"
";"T0293";"C041";"01/06/11";"31/07/11";"Soles";"50401,26";"59473";"50401,26";"59473";"CONTRATO AMERICA TELEVISION MONTO EN DOLARES US$ 18,000.45 + IGV TIPO DE CAMBIO 2.8";"20/06/11";"AUROCO";"20466246370";"COM 007-11";"";"18";""
"
";"T0294";"C0104";"01/06/11";"30/06/11";"Dolares";"375";"443";"375";"443";"";"21/06/11";"AUROCO";"20431684871";"CAP 149-11";"";"18";""
"
";"T0296";"C042";"01/06/11";"31/07/11";"Dolares";"13540,26";"15978";"13540,26";"15978";"";"24/06/11";"AUROCO";"20138221157";"CAP 152-11";"";"18";""
"
";"T0295";"C066";"01/06/11";"31/07/11";"Dolares";"2295";"2708";"2295";"2708";"";"23/06/11";"AUROCO";"20100170842";"CAP 151-11";"";"18";""
"
";"T0298";"C0104";"01/06/11";"31/07/11";"Dolares";"435";"513";"435";"513";"";"28/06/11";"AUROCO";"20431684871";"CAP 153-11";"";"18";""
"
";"T0297";"C042";"01/06/11";"31/07/11";"Soles";"61601,54";"72690";"61601,54";"72690";"CONTRATO AMERICA TELEVISION MONBTO EN DOLARES US$ 22,000.55 + IGV TIPO DE CAMBIO 2.8";"24/06/11";"AUROCO";"20138221157";"CAP 152-11";"";"18";""
"
";"T0299";"C0110";"01/07/11";"31/07/11";"Dolares";"2564";"3026";"2564";"3026";"";"30/06/11";"AUROCO";"XXX";"CAP 155-11";"";"18";""
"
";"T0300";"C0118";"01/07/11";"31/08/11";"Dolares";"11566";"13648";"11566";"13648";"";"04/07/11";"AUROCO";"20518117395";"CAP 156-11";"";"18";""
"
";"T0301";"C0128";"01/07/11";"31/07/11";"Soles";"6174";"7285";"6174";"7285";"CONTRATO AMERICA TELEVISION MONTO EN DOLARES US$ 2,205.00 + IGV TIPO DE CAMBIO 2.8";"04/07/11";"AUROCO";"20516609860";"CAP 154-11";"";"18";""
"
";"T0302";"C0128";"01/07/11";"31/07/11";"Dolares";"630";"743";"630";"743";"";"04/07/11";"AUROCO";"20516609860";"CAP 154-11";"";"18";""
"
";"T0303";"C04";"01/07/11";"31/07/11";"Dolares";"11460";"13523";"11460";"13523";"";"05/07/11";"AUROCO";"20470006961";"CAP 150-11";"";"18";""
"
";"T0304";"C0104";"01/07/11";"31/07/11";"Dolares";"375";"443";"375";"443";"";"06/07/11";"AUROCO";"20431684871";"CAP 159-11";"";"18";""
"
";"T0305";"C00";"01/07/11";"31/07/11";"Dolares";"6765";"7983";"6765";"7983";"";"06/07/11";"AUROCO";"20100704227";"CAP 157-11";"";"18";""
"
";"T0306";"C093";"01/07/11";"31/07/11";"Dolares";"13030";"15375";"13030";"15375";"";"06/07/11";"AUROCO";"20375536898";"CAP 160-11";"";"18";""
"
";"T0307";"C093";"01/07/11";"31/07/11";"Soles";"11760";"13877";"11760";"13877";"CONTRATO AMERICA TELEVISION MONTO EN DOLARES US$ 4,200.00 + IGV TIPO DE CAMBIO 2.8";"06/07/11";"AUROCO";"20375536898";"CAP 160-11";"";"18";""
"
";"T0308";"C044";"01/07/11";"31/07/11";"Soles";"7000";"8260";"7000";"8260";"CONTRATO AMERICA TELEVISION MONTO EN DOLARES US$ 2,500.00 + IGV TIPO DE CAMBIO 2.8";"07/07/11";"AUROCO";"20147883952";"CAP 161-11";"";"18";""
"
";"T0309";"C099";"01/07/11";"31/07/11";"Dolares";"1000";"1180";"1000";"1180";"";"07/07/11";"AUROCO";"20515232371";"CAP 158-11";"";"18";""
"
";"T0310";"C046";"01/07/11";"31/07/11";"Soles";"51818,56";"61146";"51818,56";"61146";"CONTRATO AMERICA TELEVISION MONTO EN DOLARES US$ 18,506.63 + IGV TIPO DE CAMBIO";"08/07/11";"AUROCO";"20109199835";"CAP 162-11";"";"18";""
"
";"T0311";"C0104";"01/07/11";"31/07/11";"Dolares";"375";"443";"375";"443";"";"12/07/11";"AUROCO";"20431684871";"CAP 162-11";"";"18";""
"
";"T0312";"C02";"01/07/11";"31/08/11";"Soles";"29635,14";"34969,4652";"29635,14";"34969,4652";"CONTRATO AMERICA TELEVISION MONTO BRUTO EN DOLARES US$ 10,583.98 + IGV TIPO DE CAMBIO 2.8";"14/07/11";"AUROCO";"20517845532";"CAP 164-11";"";"18";""
"
";"T0313";"C063";"01/07/11";"31/08/11";"Dolares";"10237,5";"12080";"10237,5";"12080";"CONTRATO CANJE PLAY LAND PARK (8,305 TICKETS)";"19/07/11";"AUROCO";"20372420040";"CAP 165-11";"";"18";""
"
";"T0314";"C0104";"01/07/11";"31/07/11";"Dolares";"375";"443";"375";"443";"";"20/07/11";"AUROCO";"20431684871";"CAP 166";"";"18";""
"
";"T0315";"C0105";"01/07/11";"31/08/11";"Dolares";"1760";"2077";"1760";"2077";"";"20/07/11";"AUROCO";"20523886861";"CAP 167-11";"";"18";""
"
";"T0316";"C0129";"01/07/11";"31/08/11";"Dolares";"10528";"12423,04";"10528";"12423,04";"";"20/07/11";"AUROCO";"20508508469";"CAP 163-11";"";"18";""
"
";"T02";"C045";"21/06/10";"31/07/10";"Dolares";"7360";"8758";"3680";"4379";"ORDENADO POR PUNTO & CADENA - CHARLY DEL CASTILLO";"22/06/10";"AUROCO";"XXX";"CAP 046-2010";"";"19";""
"
";"T00";"C041";"30/06/10";"16/07/10";"Dolares";"12250,29";"17150";"10000";"11900";"MATERIAL NUEVO POR INGRESAR AL CANAL
ORDEN POR FACTURAR";"21/06/10";"AUROCO";"20466246370";"CAP 043-2010";"";"19";""
"
";"T03";"C040";"21/06/10";"02/07/10";"Dolares";"270";"321";"120";"143";"FACTURAR A CONCEPTOS Y ARTE - FERNANDO TURIN TAFUR";"24/06/10";"AUROCO";"XXX";"CAP Nº 048-2010";"";"19";""
"
";"T01";"C044";"21/06/10";"30/06/10";"Dolares";"3450";"4106";"2750";"3273";"ORDENADO POR PUNTO & CADENA - CHARLY DEL CASTILLO";"21/06/10";"AUROCO";"20147883952";"CAP 045-2010";"";"19";""
"
";"T06";"C048";"28/06/10";"23/07/10";"Soles";"3585";"4266";"3000";"3570";"MATERIAL POR ENVIAR AL CANAL - FACTURAR DIRECTAMENTE AL CLIENTE";"25/06/10";"AUROCO";"20462735244";"CAP 047-2010";"";"19";""
"
";"T08";"C050";"02/07/10";"31/07/10";"Dolares";"6710";"7985";"5000";"5950";"FACTURAR AL CLIENTE - PAGO CON 02 CHEQUES POR US$ 3,992.45 A FIRMA DE CONTRATO";"30/06/10";"AUROCO";"20501820025";"CAP 051-2010";"";"19";""
"
";"T011";"C02";"05/07/10";"15/07/10";"Dolares";"3135";"3731";"2500";"2975";"x";"05/07/10";"AUROCO";"20517845532";"CAP No. 053-2010";"";"19";""
"
";"T09";"C051";"01/07/10";"31/07/10";"Dolares";"42145,94";"50154";"35000";"41650";"x";"01/07/10";"AUROCO";"XX";"CAP 052-2010";"";"19";""
"
";"T010";"C052";"02/07/10";"31/08/10";"Dolares";"1209";"1439";"1000";"1190";"";"02/07/10";"AUROCO";"20100583250";"CAP 054-2010";"";"19";""
"
";"T014";"C010";"20/01/10";"19/02/10";"Dolares";"2773,11";"3300";"2500";"2975";"";"08/07/10";"AUROCO";"20511513309";"CAP 002-2010";"";"19";""
"
";"T024";"C042";"19/07/10";"31/07/10";"Dolares";"16470,98";"19600";"16000";"19040";"MONTO A PAGAR SIN DESCUENTO DE COMISION DE AGENCIA (15%)";"19/07/10";"AUROCO";"20138221157";"CAP 069-2010";"";"19";""
"
";"T017";"C00";"15/07/10";"31/07/10";"Dolares";"5006";"5957";"4000";"4760";"";"13/07/10";"AUROCO";"20100704227";"CAP 062-2010";"";"19";""
"
";"T023";"C061";"25/07/10";"22/08/10";"Dolares";"56325";"67027";"55000";"65450";"FORMA DE PAGO:

50% AL 06-08-2010
50% AL 27-08-2010";"19/07/10";"AUROCO";"20218409041";"CAP 059-2010";"";"19";""
"
";"T026";"C062";"21/07/10";"15/08/10";"Dolares";"3000";"3570";"2500";"2975";"";"21/07/10";"AUROCO";"20517949583";"CAP 070-010";"";"19";""
"
";"T028";"C032";"30/07/10";"15/08/10";"Dolares";"8895";"10585";"8000";"9520";"";"22/07/10";"AUROCO";"20349287111";"cap 071 - 010";"";"19";""
"
";"T031";"C065";"01/08/10";"08/08/10";"Dolares";"1800";"2053";"1600";"1904";"";"26/07/10";"AUROCO";"20506690928";"CAP 075-2010";"";"19";""
"
";"T032";"C066";"26/07/10";"31/08/10";"Dolares";"13200";"15708";"12000";"14280";"";"27/07/10";"AUROCO";"20100170842";"CAP 079-2010";"";"19";""
"
";"T033";"C065";"01/08/10";"31/08/10";"Dolares";"16200";"19278";"15000";"17850";"";"27/07/10";"AUROCO";"20506690928";"CAP 080-2010";"";"19";""
"
";"T039";"C069";"09/08/10";"31/08/10";"Dolares";"1440";"1714";"1000";"1190";"";"09/08/10";"AUROCO";"20135414931";"089-2010";"";"19";""
"
";"T040";"C02";"09/08/10";"31/08/10";"Dolares";"15015";"17868";"7000";"8330";"";"11/08/10";"AUROCO";"20517845532";"CAP 090-10";"";"19";""
"
";"T041";"C065";"16/08/10";"31/08/10";"Dolares";"4500";"5355";"3300";"3927";"";"12/08/10";"AUROCO";"20506690928";"CAP 091-2010";"";"19";""
"
";"T048";"C074";"01/08/10";"30/09/10";"Dolares";"1912,5";"2276";"1900";"2261";"";"19/08/10";"AUROCO";"20106971235";"CAP 097-2010";"";"19";""
"
";"T044";"C071";"01/08/10";"30/09/10";"Dolares";"32860";"39103";"32000";"38080";"";"19/08/10";"AUROCO";"20512007482";"COM 004-2010";"";"19";""
"
";"T047";"C058";"01/08/10";"30/09/10";"Dolares";"6946,67";"8267";"6900";"8211";"";"19/08/10";"AUROCO";"20344818909";"CAP 096-2010";"";"19";""
"
";"T049";"C075";"01/08/10";"30/09/10";"Dolares";"54850";"65272";"54850";"65272";"";"23/08/10";"AUROCO";"20522736253";"CAP 098-2010";"";"19";""
"
";"T050";"C032";"01/08/10";"30/09/10";"Dolares";"9050";"10770";"9050";"10770";"";"26/08/10";"AUROCO";"20349287111";"CAP 099-2010";"";"19";""
"
";"T053";"C077";"01/09/10";"31/10/10";"Dolares";"21113,83";"25125";"21113,83";"25125";"";"09/09/10";"AUROCO";"20205922149";"CAP 105-10";"";"19";""
"
";"T054";"C078";"01/09/10";"30/09/10";"Dolares";"540";"643";"540";"643";"ORDEN INGRESADA POR BERLIN GROUP";"10/09/10";"AUROCO";"XXX";"CAP 104-2010";"";"19";""
"
";"T055";"C079";"01/09/10";"30/09/10";"Dolares";"240";"286";"240";"286";"ORDEN INGRESADA POR CENTRAL MEDIATICA";"10/09/10";"AUROCO";"XXX";"CAP 105-2010";"";"19";""
"
";"T056";"C02";"01/09/10";"31/12/10";"Dolares";"37920";"45125";"37920";"45125";"";"13/09/10";"AUROCO";"20517845532";"CAP 103-2010";"";"19";""
"
";"T057";"C042";"01/09/10";"30/09/10";"Dolares";"28588,89";"34021";"28589";"34021";"MONTO BRUTO INCLUYE COMISION DE AGENCIA";"15/09/10";"AUROCO";"20138221157";"CAP 106-2010";"";"19";""
"
";"T058";"C022";"01/04/10";"31/01/11";"Dolares";"259389,92";"308674";"259389,92";"308674";"CONTRATO SOLO PARA ORDENAR EN AMERICA TELEVISION";"16/09/10";"AUROCO";"20302629219";"CAP 033-2010";"";"19";""
"
";"T061";"C080";"01/10/10";"31/10/10";"Dolares";"14407,5";"17145";"14407,5";"17145";"MONTO NETO, DESCONTADA COMISION DS Y ASOCIADOS (US$ 2,542.50)";"27/09/10";"AUROCO";"20100097746";"CAP 112-2010";"";"19";""
"
";"T066";"C083";"01/10/10";"30/11/10";"Dolares";"20305";"24163";"20305";"24163";"";"06/10/10";"AUROCO";"20112280201";"CAP 102-2010";"";"19";""
"
";"T067";"C084";"01/10/10";"31/10/10";"Dolares";"720";"857";"720";"857";"";"06/10/10";"AUROCO";"20513527421";"CAP 116-2010";"";"19";""
"
";"T068";"C045";"01/10/10";"31/10/10";"Dolares";"2880";"1523";"1280";"1523";"";"07/10/10";"AUROCO";"XXX";"CAP 117-2010";"";"19";""
"
";"T073";"C00";"01/10/10";"31/10/10";"Dolares";"2130";"2535";"2130";"2535";"";"21/10/10";"AUROCO";"20100704227";"CAP 124-10";"";"19";""
"
";"T070";"C042";"01/10/10";"30/11/10";"Dolares";"27530,04";"32761";"27530,04";"32761";"MONTO BRUTO";"15/10/10";"AUROCO";"20138221157";"CAP 120-2010";"";"19";""
"
";"T071";"C085";"01/10/10";"31/10/10";"Dolares";"600";"714";"600";"714";"ORDENADO POR CENTRAL MEDIATICA PARA SU CLIENTE FERIA EXPOTEXTIL 2010";"15/10/10";"AUROCO";"20511110522";"CAP 121-2010";"";"19";""
"
";"T074";"C052";"01/10/10";"31/10/10";"Dolares";"573,75";"683";"573,75";"683";"";"21/10/10";"AUROCO";"20100583250";"CAP 124-2010";"";"19";""
"
";"T075";"C087";"01/11/10";"30/11/10";"Dolares";"12186,27";"14502";"12186,27";"14502";"MONTO BRUTO, INCLUIDA COMISION DE PLANNER - FACTURAR A CAMARA DE COMERCIO DE LIMA";"22/10/10";"AUROCO";"20101266819";"126-2010";"";"19";""
"
";"T076";"C088";"01/10/10";"31/12/10";"Dolares";"4700";"4760";"4000";"4760";"";"27/10/10";"AUROCO";"20345128922";"CAP 128-2010";"";"19";""
"
";"T077";"C056";"01/11/10";"31/12/10";"Dolares";"91550";"108945";"91550";"108945";"";"28/10/10";"AUROCO";"201710362";"CAP 130-2010";"";"19";""
"
";"T078";"C059";"01/11/10";"30/11/10";"Dolares";"1500";"1785";"1500";"1785";"";"02/11/10";"AUROCO";"20418997355";"CAP 131-2010";"";"19";""
"
";"T080";"C089";"01/11/10";"30/11/10";"Dolares";"8830";"10508";"8830";"10508";"";"05/11/10";"AUROCO";"20100282641";"CAP 133-2010";"";"19";""
"
";"T081";"C090";"01/11/10";"31/12/10";"Dolares";"67345";"80141";"67345";"80141";"EN EL MONTO A PAGAR ESTA INCLUIDO EL MONTO DE PRODUCCION USS 3,500.00";"05/11/10";"AUROCO";"20207845044";"CAP 134-2010";"";"19";""
"
";"T082";"C051";"01/12/10";"31/12/10";"Dolares";"37429,99";"44542";"37429,99";"44542";"MONTO BRUTO";"08/11/10";"AUROCO";"000000000000";"CAP 135-2010";"";"19";""
"
";"T083";"C04";"01/11/10";"31/12/10";"Dolares";"15950";"18981";"15950";"18981";"";"08/11/10";"AUROCO";"20470006961";"CAP 111-2010";"";"19";""
"
";"T085";"C073";"01/11/10";"30/11/10";"Dolares";"53303,5";"63431";"53303,5";"63431";"MONTO ORIGINAL US$ 62,710.00 MENOS DESCUENTO 15% 53,303.50";"12/11/10";"AUROCO";"20519162394";"CAP Nº 138-2010";"";"19";""
"
";"T086";"C077";"01/12/10";"31/12/10";"Dolares";"10999,85";"9817";"8249,93";"9817";"Monto Bruto US$ 12,941.00 + IGV";"16/11/10";"AUROCO";"20205922149";"CAP Nº 140-2010";"";"19";""
"
";"T088";"C00";"01/11/10";"31/12/10";"Dolares";"4580";"5450";"4580";"5450";"";"19/11/10";"AUROCO";"20100704227";"CAP 141-2010";"";"19";""
"
";"T092";"C042";"01/11/10";"31/12/10";"Dolares";"70633,329";"84054";"70633,329";"84054";"";"23/11/10";"AUROCO";"20138221157";"CAP 147-2010";"";"19";""
"
";"T093";"C047";"01/11/10";"31/12/10";"Dolares";"46170";"54942";"46170";"54942";"";"24/11/10";"AUROCO";"20462509236";"CAP 148-2010";"";"19";""
"
";"T094";"C093";"01/12/10";"31/12/10";"Dolares";"20580";"24490";"20580";"24490";"";"25/11/10";"AUROCO";"20375536898";"CAP 149-2010";"";"19";""
"
";"T095";"C094";"01/12/10";"31/12/10";"Dolares";"14100";"16779";"14100";"16779";"MONTO BRUTO US$ 16,588.24";"29/11/10";"AUROCO";"20430500521";"CAP 152-2010";"";"19";""
"
";"T096";"C052";"01/12/10";"31/12/10";"Dolares";"1912,5";"2276";"1912,5";"2276";"";"29/11/10";"AUROCO";"20100583250";"CAP 153-2010";"";"19";""
"
";"T098";"C080";"01/12/10";"31/12/10";"Dolares";"31866,5";"37921";"31866,5";"37921";"";"01/12/10";"AUROCO";"20100097746";"CAP 156-2010";"";"19";""
"
";"T097";"C095";"01/12/10";"31/12/10";"Dolares";"9386,13";"11169";"9386,13";"11169";"MONTO NETO";"30/11/10";"AUROCO";"20512759778";"CAP 155-2010";"";"19";""
"
";"T099";"C073";"01/12/10";"31/12/10";"Dolares";"21250";"25288";"21250";"25288";"MONTO NETO";"01/12/10";"AUROCO";"20519162394";"CAP 151-2010";"";"19";""
"
";"T0100";"C053";"01/12/10";"31/01/11";"Dolares";"8591";"10223";"8591";"10223";"";"03/12/10";"AUROCO";"20499571144";"CAP 158-2010";"";"19";""
"
";"T0101";"C041";"01/12/10";"31/12/10";"Dolares";"12400,29";"14756";"12400,29";"14756";"MONTO NETO";"06/12/10";"AUROCO";"20466246370";"CAP 161-2010";"";"19";""
"
";"T0102";"C068";"01/12/10";"31/12/10";"Dolares";"3950";"4701";"3950";"4701";"";"06/12/10";"AUROCO";"20509342092";"CAP 163-2010";"";"19";""
"
";"T0103";"C096";"01/12/10";"31/12/10";"Dolares";"75500";"89845";"75500";"89845";"";"07/12/10";"AUROCO";"20102306598";"CAP 162-2010";"";"19";""
"
";"T0105";"C00";"01/12/10";"31/12/10";"Dolares";"1530";"1821";"1530";"1821";"";"09/12/10";"AUROCO";"20100704227";"CAP 159-2010";"";"19";""
"
";"T012";"C053";"05/07/10";"31/07/10";"Dolares";"4470";"5319";"3000";"3570";"x";"06/07/10";"AUROCO";"20499571144";"CAP 055-056-057-058-2010";"";"19";""
"
";"T0104";"C05";"01/12/10";"31/12/10";"Dolares";"4550";"5415";"4550";"5415";"";"07/12/10";"AUROCO";"20104443819";"CAP 165-2010";"";"19";""
"
";"T0106";"C097";"01/12/10";"31/12/10";"Dolares";"3000";"3570";"3000";"3570";"";"09/12/10";"AUROCO";"10006022140";"CAP 150-2010";"";"19";""
"
";"T0107";"C081";"01/12/10";"31/01/11";"Dolares";"4201,68";"5000";"4201,68";"5000";"";"09/12/10";"AUROCO";"20536280287";"CAP 160-2010";"";"19";""
"
";"T0108";"C098";"01/12/10";"31/12/10";"Dolares";"8917,5";"10612";"8917,5";"10612";"";"13/12/10";"AUROCO";"20503823978";"CAP 166-2010";"";"19";""
"
";"T0109";"C099";"01/12/10";"31/12/10";"Dolares";"1000";"1190";"1000";"1190";"";"15/12/10";"AUROCO";"20515232371";"CAP 157-2010";"";"19";""
"
";"T0110";"C097";"01/12/10";"31/01/11";"Dolares";"600";"714";"600";"714";"";"15/12/10";"AUROCO";"10006022140";"CAP 169-2010";"";"19";""
"
";"T0111";"C046";"01/12/10";"31/01/11";"Dolares";"23999,94";"28560";"23999,94";"28560";"";"16/12/10";"AUROCO";"20109199835";"CAP 170-2010";"";"19";""
"
";"T0112";"C0100";"01/12/10";"31/01/11";"Dolares";"3500";"4165";"3500";"4165";"";"16/12/10";"AUROCO";"20507870792";"CAP 171-2010";"";"19";""
"
";"T0115";"C053";"01/01/11";"31/01/11";"Dolares";"10792";"2380";"2000";"2380";"CONTINUACION CONTRATO CAP 158-2010 (PANAMERICANA - AMERICA TELEVISION)";"21/12/10";"AUROCO";"20499571144";"CAP 158-2010 (B)";"";"19";""
"
";"T0116";"C041";"01/12/10";"31/01/11";"Dolares";"38450";"45756";"38450";"45756";"TARIFA NETA";"21/12/10";"AUROCO";"20466246370";"CAP 174-2010";"";"19";""
"
";"T0117";"C0101";"01/12/10";"31/01/11";"Dolares";"23750";"28263";"23750";"28263";"TARIFA NETA";"21/12/10";"AUROCO";"20110768151";"CAP 175-2010";"";"19";""
"
";"T0118";"C073";"01/01/11";"31/01/11";"Dolares";"53082,5";"63168";"53082,5";"63168";"MONTO NETO";"29/12/10";"AUROCO";"20519162394";"CAP 176-2010";"";"19";""
"
";"T0119";"C068";"01/01/11";"31/01/11";"Dolares";"1440";"1714";"1440";"1714";"";"29/12/10";"AUROCO";"20509342092";"CAP 177-2010";"";"19";""
"
";"T0120";"C0102";"01/01/11";"31/01/11";"Dolares";"1440";"1714";"1440";"1714";"";"29/12/10";"AUROCO";"20480347308";"CAP 178-2010";"";"19";""
"
";"T0121";"C059";"01/01/11";"31/01/11";"Dolares";"2368";"2818";"2368";"2818";"";"29/12/10";"AUROCO";"20418997355";"CAP 179-2010";"";"19";""
"
";"T0125";"C042";"01/01/11";"31/01/11";"Dolares";"3400,09";"4046";"3400,09";"4046";"MONTOS NETOS";"05/01/11";"AUROCO";"20138221157";"CAP 002-2011";"";"19";""
"
";"T0126";"C078";"01/01/11";"31/01/11";"Dolares";"540";"643";"540";"643";"";"06/01/11";"AUROCO";"XXX";"CAP 005-2011";"";"19";""
"
";"T0127";"C0104";"01/01/11";"31/01/11";"Dolares";"375";"446";"375";"446";"";"06/01/11";"AUROCO";"20431684871";"CAP 006-2011";"";"19";""
"
";"T0128";"C040";"01/01/11";"31/01/11";"Dolares";"270";"321";"270";"321";"";"12/01/11";"AUROCO";"XXX";"CAP 008-11";"";"19";""
"
";"T0129";"C097";"01/01/11";"28/02/11";"Dolares";"600";"714";"600";"714";"";"12/01/11";"AUROCO";"10006022140";"CAP 007-11";"";"19";""
"
";"T0136";"C061";"01/01/11";"28/02/11";"Dolares";"34320";"40841";"34320";"40841";"";"17/01/11";"AUROCO";"20218409041";"CAP 012-11";"";"19";""
"
";"T0137";"C061";"01/01/11";"28/02/11";"Soles";"14784";"17593";"14784";"17593";"MONTO ORIGINAL EN DOLARES 5,280 + IGV";"17/01/11";"AUROCO";"20218409041";"CAP 012-11";"";"19";""
"
";"T0138";"C0106";"01/01/11";"31/01/11";"Soles";"27552";"32787";"27552";"32787";"";"17/01/11";"AUROCO";"20216504390";"CAP 013-11";"";"19";""
"
";"T0139";"C0107";"01/01/11";"31/01/11";"Soles";"15960";"18992";"15960";"18992";"";"17/01/11";"AUROCO";"20516406594";"CAP 014-11";"";"19";""
"
";"T0146";"C09";"01/01/11";"28/02/11";"Dolares";"6675";"7943";"6675";"7943";"";"25/01/11";"AUROCO";"20123812477";"CAP 019-11";"";"19";""
"
";"T0147";"C070";"01/01/11";"28/02/11";"Dolares";"33150";"39449";"33150";"39449";"";"25/01/11";"AUROCO";"20511922730";"COM 001-11";"";"19";""
"
";"T0148";"C02";"01/01/11";"28/02/11";"Dolares";"51722,5";"61550";"51722,5";"61550";"";"27/01/11";"AUROCO";"20517845532";"CAP 024-11";"";"19";""
"
";"T0151";"C086";"01/01/11";"28/02/11";"Dolares";"67500";"80325";"67500";"80325";"";"27/01/11";"AUROCO";"20100341914";"CAP 025-11";"";"19";""
"
";"T0149";"C0106";"01/01/11";"28/02/11";"Soles";"36736";"43716";"36736";"43716";"";"27/01/11";"AUROCO";"20216504390";"CAP 026-11";"";"19";""
"
";"T0150";"C0107";"01/01/11";"28/02/11";"Soles";"15960";"18992";"15960";"18992";"";"27/01/11";"AUROCO";"20516406594";"CAP 027-11";"";"19";""
"
";"T0152";"C0104";"01/01/11";"28/02/11";"Dolares";"375";"446";"375";"446";"";"27/01/11";"AUROCO";"20431684871";"CAP 028-11";"";"19";""
"
";"T0182";"C0111";"01/02/11";"31/03/11";"Dolares";"17921,45";"21327";"17921,45";"21327";"";"21/02/11";"AUROCO";"20421448940";"CAP 055-11";"";"19";""
"
";"T0154";"C01";"02/02/11";"28/02/11";"Dolares";"1510";"1797";"1400";"1666";"MATERIAL NUEVO POR INGRESAR AL CANAL
ORDEN PENDIENTE POR FACTURAR";"02/02/11";"AUROCO";"20374730062";"CAP 033-11";"";"19";""
"
";"T0155";"C040";"02/02/11";"28/02/11";"Dolares";"270";"321";"200";"238";"MATERIAL EN PODER DEL CANAL";"02/02/11";"AUROCO";"XXX";"CAP 034-11";"";"19";""
"
";"T0156";"C041";"02/02/11";"28/02/11";"Dolares";"60000";"47600";"30000";"35700";"MATERIAL NUEVO POR ENVIAR AL CANAL.";"02/02/11";"AUROCO";"20466246370";"CAP 035-11";"";"19";""
"
";"T0157";"C0108";"03/02/11";"28/02/11";"Dolares";"1210";"1440";"440";"524";"MATERIAL NUEVO POR INGRESAR

ORDEN FACTURADA


CONTRATO FRECUENCIA LATINA";"03/02/11";"AUROCO";"20492849937";"CAP 031-11-A";"";"19";""
"
";"T0158";"C0108";"03/02/11";"28/02/11";"Soles";"8517,6";"10136";"7267,5";"8648";"MATERIAL NUEVO POR INGRESAR

CONTRATO FACTURADO

CONTRATO TELEFECTIVOS";"03/02/11";"AUROCO";"20492849937";"CAP 031-11-B";"";"19";""
"
";"T0160";"C080";"04/02/11";"28/02/11";"Dolares";"22695";"27007";"20000";"23800";"CONTRATO FACTURADO";"04/02/11";"AUROCO";"20100097746";"CAP 037-11";"";"19";""
"
";"T0162";"C06";"01/02/11";"31/03/11";"Dolares";"23604";"28089";"23604";"28089";"";"08/02/11";"AUROCO";"20516147980";"CAP 026-11";"";"19";""
"
";"T0163";"C01";"01/02/11";"28/02/11";"Dolares";"4000";"4760";"4000";"4760";"";"08/02/11";"AUROCO";"20374730062";"CAP 038-11";"";"19";""
"
";"T0164";"C00";"01/02/11";"28/02/11";"Dolares";"2958";"3520";"2958";"3520";"";"08/02/11";"AUROCO";"20100704227";"CAP 036-11";"";"19";""
"
";"T0165";"C0105";"01/02/11";"28/02/11";"Dolares";"382,5";"455";"382,5";"455";"";"08/02/11";"AUROCO";"20523886861";"CAP 040-11";"";"19";""
"
";"T0166";"C058";"01/02/11";"28/02/11";"Dolares";"18300";"21777";"18300";"21777";"";"09/02/11";"AUROCO";"20344818909";"CAP 041-11";"";"19";""
"
";"T0172";"C0105";"01/02/11";"28/02/11";"Dolares";"382,5";"455";"382,5";"455";"";"11/02/11";"AUROCO";"20523886861";"CAP 046-11";"";"19";""
"
";"T0173";"C0109";"01/02/11";"31/03/11";"Dolares";"4050";"4820";"4050";"4820";"";"15/02/11";"AUROCO";"20516497964";"CAP 048-11";"";"19";""
"
";"T0174";"C0108";"01/02/11";"28/02/11";"Dolares";"1835";"2184";"1835";"2184";"";"16/02/11";"AUROCO";"20492849937";"CAP 047-11";"";"19";""
"
";"T0175";"C0108";"01/02/11";"28/02/11";"Soles";"6506,5";"7743";"6506,5";"7743";"";"16/02/11";"AUROCO";"20492849937";"CAP 047-11";"";"19";""
"
";"T0176";"C0104";"01/02/11";"28/02/11";"Dolares";"375";"446";"375";"446";"";"16/02/11";"AUROCO";"20431684871";"CAP 049-11";"";"19";""
"
";"T0177";"C058";"01/02/11";"28/02/11";"Dolares";"2850";"3392";"2850";"3392";"";"17/02/11";"AUROCO";"20344818909";"CAP 051-11";"";"19";""
"
";"T0178";"C042";"01/02/11";"31/03/11";"Dolares";"41366,64";"49226";"41366,64";"49226";"";"18/02/11";"AUROCO";"20138221157";"CAP 052-11";"";"19";""
"
";"T0179";"C0102";"01/02/11";"28/02/11";"Dolares";"1080";"1285";"1080";"1285";"";"18/02/11";"AUROCO";"20480347308";"CAP 053-11";"";"19";""
"
";"T0180";"C045";"01/03/11";"30/04/11";"Dolares";"6460";"7623";"6460";"7623";"";"18/02/11";"AUROCO";"XXX";"CAP 029-11";"";"18";""
"
";"T0181";"C0110";"01/02/11";"28/02/11";"Dolares";"585";"696";"585";"696";"";"18/02/11";"AUROCO";"XXX";"CAP 054-11";"";"19";""
"
";"T0183";"C0111";"01/02/11";"28/02/11";"Soles";"1369,06";"1629";"1369,06";"1629";"";"21/02/11";"AUROCO";"20421448940";"CAP 055-11";"";"19";""
"
";"T0184";"C044";"01/02/11";"31/03/11";"Dolares";"6533,31";"7775";"6533,31";"7775";"";"22/02/11";"AUROCO";"20147883952";"CAP 056-11";"";"19";""
"
";"T0185";"C041";"01/02/11";"31/03/11";"Dolares";"99450";"118346";"99450";"118346";"";"22/02/11";"AUROCO";"20466246370";"057-11";"";"19";""
"
";"T0196";"C0106";"01/03/11";"31/03/11";"Soles";"45592";"53799";"45592";"53799";"";"25/02/11";"AUROCO";"20216504390";"CAP 065-11";"";"18";""
"
";"T0198";"C059";"01/02/11";"31/03/11";"Dolares";"1705";"1833";"1540";"1833";"";"25/02/11";"AUROCO";"20418997355";"CAP 067-11";"";"19";""
"
";"T0197";"C0107";"01/03/11";"31/03/11";"Soles";"21128";"24931";"21128";"24931";"";"25/02/11";"AUROCO";"20516406594";"CAP 066-11";"";"18";""
"
";"T0199";"C044";"01/03/11";"31/03/11";"Dolares";"1900";"2242";"1900";"2242";"";"28/02/11";"AUROCO";"20147883952";"CAP 068-11";"";"18";""
"
";"T0200";"C058";"01/03/11";"31/03/11";"Dolares";"4700";"5546";"4700";"5546";"";"28/02/11";"AUROCO";"20344818909";"CAP 069-11";"";"18";""
"
";"T0201";"C0106";"01/03/11";"31/03/11";"Dolares";"3780";"4460";"3780";"4460";"";"28/02/11";"AUROCO";"20216504390";"CAP 070-11";"";"18";""
"
";"T0202";"C0107";"01/03/11";"31/03/11";"Dolares";"3360";"3965";"3360";"3965";"";"28/02/11";"AUROCO";"20516406594";"CAP 071-11";"";"18";""
"
";"T0203";"C064";"01/03/11";"31/03/11";"Dolares";"1600";"1888";"1600";"1888";"";"03/03/11";"AUROCO";"20125753869";"CAP 072-11";"";"18";""
"
";"T0204";"C0113";"01/03/11";"31/03/11";"Dolares";"425";"502";"425";"502";"";"03/03/11";"AUROCO";"20517420876";"CAP 073-11";"";"18";""
"
";"T0205";"C0104";"01/03/11";"31/03/11";"Dolares";"375";"443";"375";"443";"";"04/03/11";"AUROCO";"20431684871";"CAP 074-11";"";"18";""
"
";"T0206";"C0114";"01/03/11";"31/03/11";"Dolares";"1350";"1593";"1350";"1593";"";"04/03/11";"AUROCO";"XXX";"CAP 075-11";"";"18";""
"
";"T07";"C049";"28/06/10";"24/07/10";"Dolares";"12354";"14701";"10000";"11900";"MATERIAL POR ENVIAR AL CANAL
FACTURAR DIRECTAMENTE AL CLIENTE";"25/06/10";"AUROCO";"20508237252";"CAP 042-2010";"";"19";""
"
";"T04";"C046";"15/06/10";"05/09/10";"Dolares";"20000";"23800";"16500";"19635";"MATERIAL EN PODER DEL CANAL
FACTURAR A J&R PUBLICISTAS - RODOLFO PICCETTI";"25/06/10";"AUROCO";"20109199835";"CAP 049-2010";"";"19";""
"
";"T05";"C047";"07/06/10";"16/07/10";"Dolares";"54750";"65153";"52000";"61880";"MATERIAL EN PODER DEL CANAL
FACTURAR A J&R PUBLICISTAS - RODOLFO PICCETTI";"25/06/10";"AUROCO";"20462509236";"CAP 050-2010";"";"19";""
"
";"T013";"C04";"22/03/10";"31/07/10";"Dolares";"17585";"20926";"15000";"17850";"FORMA DE  PAGO 100% CANJE POR CAJAS DE ESPUMANTE NOCHE BUENA";"07/07/10";"AUROCO";"20470006961";"CAP 020-2010";"";"19";""
"
";"T015";"C056";"05/07/10";"31/08/10";"Dolares";"100830";"119988";"100000";"119000";"";"08/07/10";"AUROCO";"201710362";"CAP 060-2010";"";"19";""
"
";"T016";"C057";"09/07/10";"31/07/10";"Dolares";"10233,33";"12178";"9000";"10710";"";"09/07/10";"AUROCO";"20122566804";"CAP 061-2010";"";"19";""
"
";"T025";"C041";"19/07/10";"22/08/10";"Dolares";"72060,5";"85752";"70000";"83300";"MONTO SIN DESCONTAR COMISION DE AGENCIA (15%)";"20/07/10";"AUROCO";"20466246370";"CAP 072-2010";"";"19";""
"
";"T027";"C063";"21/07/10";"15/08/10";"Dolares";"3000";"3570";"2500";"2975";"";"21/07/10";"AUROCO";"20372420040";"CAP 073- 2010";"";"19";""
"
";"T034";"C044";"02/08/10";"08/08/10";"Dolares";"4140";"4927";"3300";"3927";"";"02/08/10";"AUROCO";"20147883952";"CAP 082-2010";"";"19";""
"
";"T035";"C068";"02/08/10";"31/08/10";"Dolares";"1100";"1309";"1000";"1190";"";"02/08/10";"AUROCO";"20509342092";"CAP 083-2010";"";"19";""
"
";"T036";"C067";"02/08/10";"08/08/10";"Dolares";"2060";"2451";"1500";"1785";"";"02/08/10";"AUROCO";"20518806417";"CAP 078-2010";"";"19";""
"
";"T038";"C046";"09/08/10";"12/09/10";"Dolares";"8580";"10210";"8000";"9520";"";"05/08/10";"AUROCO";"20109199835";"CAP 086-2010";"";"19";""
"
";"T060";"C059";"01/09/10";"30/09/10";"Dolares";"3168";"3770";"3168";"3770";"";"22/09/10";"AUROCO";"20418997355";"CAP 108-2010";"";"19";""
"
";"T062";"C081";"01/09/10";"31/10/10";"Dolares";"4201,68";"5000";"4201,68";"5000";"";"28/09/10";"AUROCO";"20536280287";"CAP 104-2010";"";"19";""
"
";"T063";"C00";"01/09/10";"31/10/10";"Dolares";"4805";"5718";"4805";"5718";"";"28/09/10";"AUROCO";"20100704227";"CAP 110-2010";"";"19";""
"
";"T064";"C082";"01/10/10";"31/10/10";"Dolares";"5750";"6843";"5750";"6843";"";"30/09/10";"AUROCO";"20514280135";"CAP 113-2010";"";"19";""
"
";"T065";"C071";"01/10/10";"30/11/10";"Dolares";"33700,08";"40103";"33700,08";"40103";"";"30/09/10";"AUROCO";"20512007482";"114-2010";"";"19";""
"
";"T079";"C045";"01/11/10";"31/12/10";"Dolares";"8800";"10472";"8800";"10472";"";"03/11/10";"AUROCO";"XXX";"CAP 132-2010";"";"19";""
"
";"T069";"C073";"01/10/10";"31/10/10";"Dolares";"35266,5";"41967";"35266,5";"41967";"";"11/10/10";"AUROCO";"20519162394";"CAP 118-2010";"";"19";""
"
";"T072";"C086";"01/10/10";"30/11/10";"Dolares";"63000";"74970";"63000";"74970";"FECHA DE PAGOS:
29 OCTUBRE 2010
15 NOVIEMBRE 2010
30 NOVIEMBRE 2010";"20/10/10";"AUROCO";"20100341914";"CAP 123-2010";"";"19";""
"
";"T091";"C016";"01/12/10";"31/12/10";"Dolares";"30940";"36819";"30940";"36819";"";"23/11/10";"AUROCO";"20502753615";"CAP 139-2010";"";"19";""
"
";"T0113";"C059";"01/12/10";"31/12/10";"Dolares";"3249,96";"3867";"3249,96";"3867";"";"20/12/10";"AUROCO";"20418997355";"CAP 172-2010";"";"19";""
"
";"T0114";"C057";"01/12/10";"31/01/11";"Dolares";"2562";"3049";"2565";"3052";"";"20/12/10";"AUROCO";"20122566804";"CAP 173-2010";"";"19";""
"
";"T0141";"C0105";"01/01/11";"31/01/11";"Dolares";"255";"303";"255";"303";"";"20/01/11";"AUROCO";"20523886861";"CAP 020-11";"";"19";""
"
";"T0142";"C0104";"01/01/11";"31/01/11";"Dolares";"375";"446";"375";"446";"";"20/01/11";"AUROCO";"20431684871";"CAP 021-11";"";"19";""
"
";"T0143";"C056";"01/02/11";"28/02/11";"Soles";"15008";"17860";"15008";"17860";"ADICIONAR MONTO AL CONTRATO CAP 185-10 DE INDUSTRIAS FIBRAFORTE";"21/01/11";"AUROCO";"201710362";"CAP 181-10 TELEFECTIVOS FEB 2011";"";"19";""
"
";"T0144";"C046";"01/02/11";"31/03/11";"Soles";"78624";"93563";"78624";"93563";"";"21/01/11";"AUROCO";"20109199835";"CAP 022-11";"";"19";""
"
";"T0145";"C042";"01/01/11";"28/02/11";"Dolares";"39666,6";"47203";"39666,6";"47203";"";"21/01/11";"AUROCO";"20138221157";"CAP 023-11";"";"19";""
"
";"T0159";"C080";"04/02/11";"28/02/11";"Dolares";"22695";"27007";"20000";"23800";"CONTRATO FACTURADO
";"04/02/11";"AUROCO";"20100097746";"CAP 037-11";"";"19";""
"
";"T0161";"C0104";"04/02/11";"28/02/11";"Dolares";"375";"446";"300";"357";"CONTRATO POR FACTURAR";"04/02/11";"AUROCO";"20431684871";"CAP 032-11";"";"19";""
"
";"T0167";"C0106";"01/02/11";"28/02/11";"Soles";"27552";"32787";"27552";"32787";"";"10/02/11";"AUROCO";"20216504390";"CAP 042-11";"";"19";""
"
";"T0168";"C0107";"01/02/11";"28/02/11";"Soles";"15960";"18992";"15960";"18992";"";"10/02/11";"AUROCO";"20516406594";"CAP 043-11";"";"19";""
"
";"T0169";"C073";"01/02/11";"28/02/11";"Soles";"4950,4";"5891";"4950,4";"5891";"";"10/02/11";"AUROCO";"20519162394";"CAP 039-11";"";"19";""
"
";"T0186";"C0112";"01/02/11";"31/03/11";"Dolares";"1536";"1828";"1536";"1828";"";"23/02/11";"AUROCO";"20523997859";"CAP 058-11";"";"19";""
"
";"T0170";"C065";"01/02/11";"28/02/11";"Dolares";"1566,666";"1864";"1566,666";"1864";"";"10/02/11";"AUROCO";"20506690928";"CAP 044-11";"";"19";""
"
";"T0171";"C0104";"01/02/11";"28/02/11";"Dolares";"375";"446";"375";"446";"";"10/02/11";"AUROCO";"20431684871";"CAP 045-11";"";"19";""
"
";"T0187";"C059";"01/02/11";"31/03/11";"Dolares";"4000";"3570";"3000";"3570";"";"23/02/11";"AUROCO";"20418997355";"CAP 059-11";"";"19";""
"
";"T0189";"C073";"01/02/11";"31/03/11";"Soles";"4915,04";"5849";"4915,04";"5849";"";"24/02/11";"AUROCO";"20519162394";"CAP 057-11";"";"19";""
"
";"T0190";"C0108";"01/02/11";"31/03/11";"Dolares";"1835";"2184";"1835";"2184";"";"24/02/11";"AUROCO";"20492849937";"CAP 063-11";"";"19";""
"
";"T0191";"C0108";"01/02/11";"31/03/11";"Soles";"6577,48";"7827";"6577,48";"7827";"";"24/02/11";"AUROCO";"20492849937";"CAP 063-11";"";"19";""
"
";"T0192";"C046";"01/03/11";"31/03/11";"Soles";"42033,6";"49600";"42033,6";"49600";"";"24/02/11";"AUROCO";"20109199835";"CAP 022-11";"";"18";""
"
";"T0193";"C065";"01/02/11";"28/02/11";"Dolares";"1533";"1824";"1533";"1824";"";"24/02/11";"AUROCO";"20506690928";"CAP 064-11";"";"19";""
"
";"T0194";"C0104";"01/02/11";"31/03/11";"Dolares";"375";"446";"375";"446";"";"24/02/11";"AUROCO";"20431684871";"CAP 062-11";"";"19";""
"
";"T0195";"C0110";"01/02/11";"31/03/11";"Dolares";"1665";"1981";"1665";"1981";"";"24/02/11";"AUROCO";"XXX";"CAP 060-11";"";"19";""
"
";"T0208";"C040";"01/03/11";"31/03/11";"Dolares";"240";"283";"240";"283";"";"08/03/11";"AUROCO";"XXX";"CAP 078-11";"";"18";""
"
";"T0209";"C00";"01/03/11";"31/03/11";"Dolares";"3013";"3555";"3013";"3555";"";"08/03/11";"AUROCO";"20100704227";"CAP 077-11";"";"18";""
"
";"T0210";"C0104";"01/03/11";"31/03/11";"Dolares";"375";"443";"375";"443";"";"09/03/11";"AUROCO";"20431684871";"CAP 079-11";"";"18";""
"
";"T0211";"C02";"01/03/11";"30/04/11";"Dolares";"42625";"50297,5";"42625";"50297,5";"";"10/03/11";"AUROCO";"20517845532";"CAP 080-11";"";"18";""
"
";"T0213";"C0113";"01/03/11";"31/03/11";"Dolares";"425";"502";"425";"502";"";"11/03/11";"AUROCO";"20517420876";"CAP 082-11";"";"18";""
"
";"T0214";"C040";"01/03/11";"31/03/11";"Dolares";"240";"283";"240";"283";"";"15/03/11";"AUROCO";"XXX";"CAP 085-11";"";"18";""
"
";"T0215";"C0106";"01/03/11";"31/03/11";"Dolares";"2940";"3469";"2940";"3469";"";"15/03/11";"AUROCO";"20216504390";"CAP 086-11";"";"18";""
"
";"T0216";"C0106";"01/03/11";"31/03/11";"Soles";"31914,4";"37659";"31914,4";"37659";"
MONTO EN DOLARES US$ 11,480.00 
TIPO DE CAMBIO 2.78";"15/03/11";"AUROCO";"20216504390";"CAP 086-11";"";"18";""
"
";"T0217";"C0107";"01/03/11";"31/03/11";"Dolares";"2940";"3469";"2940";"3469";"";"15/03/11";"AUROCO";"20516406594";"CAP 087-11";"";"18";""
"
";"T0218";"C0107";"01/03/11";"31/03/11";"Soles";"23769";"28047";"23769";"28047";"
MONTO EN DOLARES US$ 8,550.00
TIPO DE CAMBIO 2.78";"15/03/11";"AUROCO";"20516406594";"CAP 087-11";"";"18";""
"
";"T0219";"C059";"01/03/11";"31/03/11";"Dolares";"2000";"2360";"2000";"2360";"";"16/03/11";"AUROCO";"20418997355";"CAP 089-11";"";"18";""
"
";"T0220";"C073";"01/03/11";"31/03/11";"Soles";"4915,04";"5800";"4915,04";"5800";"";"17/03/11";"AUROCO";"20519162394";"CAP 090-11";"";"18";""
"
";"T0221";"C0115";"01/03/11";"30/04/11";"Dolares";"7828,333";"9237";"7828,333";"9237";"";"17/03/11";"AUROCO";"20111409391";"CAP 088-11";"";"18";""
"
";"T0222";"C0115";"01/03/11";"31/03/11";"Soles";"17240,633";"20344";"17240,633";"20344";"
MONTO EN DOLARES 6,201.667

";"17/03/11";"AUROCO";"20111409391";"CAP 088-11";"";"18";""
"
";"T0223";"C059";"01/03/11";"31/03/11";"Dolares";"880";"1038";"880";"1038";"";"17/03/11";"AUROCO";"20418997355";"CAP 091-11";"";"18";""
"
";"T0225";"C046";"01/03/11";"30/04/11";"Soles";"116634,9";"137629";"116634,9";"137629";"
MONTO EN DOLARES US$ 41,955.00  + IGV
TIPO DE CAMBIO 2.78";"18/03/11";"AUROCO";"20109199835";"CAP 093-11";"";"18";""
"
";"T0231";"C0104";"01/03/11";"30/04/11";"Dolares";"375";"443";"375";"443";"";"25/03/11";"AUROCO";"20431684871";"CAP 099-11";"";"18";""
"
";"T0230";"C0105";"01/03/11";"30/04/11";"Dolares";"765";"903";"765";"903";"";"24/03/11";"AUROCO";"20523886861";"CAP 098-11";"";"18";""
"
";"T020";"C040";"19/07/10";"25/07/10";"Dolares";"270";"321";"200";"238";"PAGO CONTRACONSUMO FINALIZADA LA PAUTA";"15/07/10";"AUROCO";"XXX";"CAP 067-2010";"";"19";""
"
";"T018";"C058";"16/07/10";"15/08/10";"Dolares";"17400";"20706";"17000";"20230";"";"15/07/10";"AUROCO";"20344818909";"CAP 065-2010";"";"19";""
"
";"T019";"C059";"02/08/10";"08/08/10";"Dolares";"3000";"3570";"2500";"2975";"";"15/07/10";"AUROCO";"20418997355";"CAP 066-2010";"";"19";""
"
";"T0332";"C0130";"01/08/11";"31/08/11";"Dolares";"7400";"8732";"7400";"8732";"";"02/08/11";"AUROCO";"20537446308";"CAP 176-11";"";"18";""
"
";"T0317";"C058";"01/07/11";"31/08/11";"Soles";"110600";"130508";"110600";"130508";"CONTRATO AMERICA TELEVISION MONTO EN DOLARES US$ 39,500.00 + IGV TIPO DE CAMBIO 2.8";"21/07/11";"AUROCO";"20344818909";"CAP 168-11";"";"18";""
"
";"T0322";"C044";"01/07/11";"31/07/11";"Soles";"19600";"23128";"19600";"23128";"CONTRATO AMERICA TELEVISION MONTO EN DOLARES US$ 7,000.00 + IGV TIPO DE CAMBIO 2.8";"25/07/11";"AUROCO";"20147883952";"CAP 173-11";"";"18";""
"
";"T0323";"C0104";"01/07/11";"31/08/11";"Dolares";"375";"443";"375";"443";"";"26/07/11";"AUROCO";"20431684871";"CAP 174-11";"";"18";""
"
";"T0324";"C0125";"01/08/11";"31/08/11";"Soles";"93426,56";"110243,3408";"93426,56";"110243,3408";"CONTRATO AMERICA TELEVISION MONTO BRUTO EN DOLARES US$ 33,366.63 + IGV TIPO DE CAMBIO 2.8";"26/07/11";"AUROCO";"20521449731";"CAP 175-11";"";"18";""
"
";"T0325";"C0121";"01/08/11";"31/08/11";"Soles";"9610,62";"11341";"9610,62";"11341";"";"26/07/11";"AUROCO";"20100265479";"COM 10-11";"";"18";""
"
";"T0329";"C046";"01/08/11";"31/10/11";"Soles";"177258,368";"209165";"177258,368";"209165";"CONTRATO AMERICA TELEVISION MONTO EN DOLARES 63,306.56 + IGV TIPO DE CAMBIO 2.8";"01/08/11";"AUROCO";"20109199835";"CAP 179-11";"";"18";""
"
";"T0330";"C047";"01/08/11";"31/08/11";"Dolares";"7470";"8815";"7470";"8815";"CONTRATO BANNERS CANAL N";"01/08/11";"AUROCO";"20462509236";"CAP 180-11";"";"18";""
"
";"T0331";"C0130";"01/08/11";"31/08/11";"Soles";"10080";"11894";"10080";"11894";"CONTRATO AMERICA TELEVISION MONTO EN DOLARES 3,600.00 + IGV TIPO DE CAMBIO 2.8";"01/08/11";"AUROCO";"20537446308";"CAP 176-11";"";"18";""
"
";"T0337";"EXITEC SAC";"01/08/11";"31/08/11";"Dolares";"15211,66";"17950";"15211,66";"17950";"";"05/08/11";"AUROCO";"XXX";"CAP 183-11";"";"18";""
"
";"T0338";"EXITEC SAC";"01/08/11";"31/08/11";"Soles";"37408";"44141";"37408";"44141";"";"05/08/11";"AUROCO";"XXX";"CAP 183-11";"";"18";""
"
";"T0339";"C0131";"01/08/11";"31/08/11";"Soles";"37408";"44141";"37408";"44141";"";"05/08/11";"AUROCO";"20501618897";"CAP 183-11";"";"18";""
"
";"T0333";"C090";"01/08/11";"30/09/11";"Dolares";"38960";"45973";"38960";"45973";"";"04/08/11";"AUROCO";"20207845044";"CAP 169-11";"";"18";""
"
";"T0334";"C090";"01/08/11";"30/09/11";"Soles";"80640";"95155";"80640";"95155";"CONTRATO AMERICA TELEVISION MONTO EN DOLARES 28,800.00 + IGV TIPO DE CAMBIO 2.8";"04/08/11";"AUROCO";"20207845044";"CAP 169-11";"";"18";""
"
";"T0340";"C0131";"01/08/11";"30/09/11";"Dolares";"15211,66";"17949,7588";"15211,66";"17949,7588";"";"05/08/11";"AUROCO";"20501618897";"CAP 183-11";"";"18";""
"
";"T0341";"C0104";"01/08/11";"31/08/11";"Dolares";"375";"443";"375";"443";"";"10/08/11";"AUROCO";"20431684871";"CAP 186-11";"";"18";""
"
";"T0346";"C0104";"01/08/11";"31/08/11";"Dolares";"375";"443";"375";"443";"";"18/08/11";"AUROCO";"20431684871";"CAP 190-11";"";"18";""
"
";"T0347";"C0104";"01/08/11";"31/08/11";"Dolares";"375";"443";"375";"443";"";"24/08/11";"AUROCO";"20431684871";"CAP 191-11";"";"18";""
"
";"T0349";"C084";"01/08/11";"31/10/11";"Dolares";"3640";"4295,2";"3640";"4295,2";"PAUTA CASA CAMPESTRE LAS TUNAS";"25/08/11";"AUROCO";"20513527421";"CAP 193-11";"";"18";"0"
"
";"T0348";"C0132";"01/08/11";"31/08/11";"Dolares";"999,999";"1179,99882";"999,999";"1179,99882";"";"24/08/11";"AUROCO";"20506690928";"CAP 192-11";"";"18";""
"
";"T0392";"C02";"01/10/11";"30/11/11";"Dolares";"81625";"96317,5";"81625";"96317,5";"";"20/10/11";"AUROCO";"20517845532";"CAP 196-11";"";"18";"2,72"
"
";"T0350";"C0133";"01/08/11";"31/08/11";"Dolares";"1308,3";"1543,794";"1308,3";"1543,794";"";"25/08/11";"AUROCO";"20117925375";"CAP 194-11";"";"18";""
"
";"T0391";"C073";"01/10/11";"30/11/11";"Dolares";"39274,25";"46343,615";"39274,25";"46343,615";"CONTRATO COLEGIOS TRILCE";"18/10/11";"AUROCO";"20519162394";"CAP 228-11";"";"18";"2,72"
"
";"T0360";"C059";"01/09/11";"30/09/11";"Dolares";"1047";"1235";"1047";"1235";"";"07/09/11";"AUROCO";"20418997355";"CAP 200-11";"";"18";""
"
";"T0361";"C0104";"01/09/11";"30/09/11";"Dolares";"375";"443";"375";"443";"";"07/09/11";"AUROCO";"20431684871";"CAP 201-11";"";"18";""
"
";"T0365";"C0135";"01/09/11";"30/09/11";"Dolares";"3740";"4413";"3740";"4413";"";"13/09/11";"AUROCO";"20512093541";"CAP 204-11";"";"18";""
"
";"T0366";"C079";"01/09/11";"30/09/11";"Dolares";"400";"472";"400";"472";"";"13/09/11";"AUROCO";"XXX";"CAP 205-11";"";"18";""
"
";"T0372";"C066";"01/09/11";"31/10/11";"Dolares";"9989,84";"11788,0112";"9989,84";"11788,0112";"";"21/09/11";"AUROCO";"20100170842";"CAP 209-11";"";"18";""
"
";"T0371";"C066";"01/09/11";"31/10/11";"Soles";"66000";"77880";"66000";"77880";"CONTRATO AMERICA TELEVISION MONTO EN DOLARES US$ 24,000.00 + IGV TIPO DE CAMBIO 2.75";"21/09/11";"AUROCO";"20100170842";"CAP 209-11";"";"18";""
"
";"T0373";"C0104";"01/09/11";"30/09/11";"Dolares";"375";"443";"375";"443";"";"22/09/11";"AUROCO";"20431684871";"CAP 210-11";"";"18";""
"
";"T0375";"C042";"01/09/11";"31/10/11";"Dolares";"8200,12";"9676";"8200,12";"9676";"";"23/09/11";"AUROCO";"20138221157";"CAP 212-11";"";"18";""
"
";"T0376";"C042";"01/09/11";"31/10/11";"Soles";"44184,44";"52138";"44184,44";"52138";"CONTRATO AMERICA TELEVISION MONTO EN DOLARES US$ 16,067.07 + IGV TIPO DE CAMBIO 2.75";"23/09/11";"AUROCO";"20138221157";"CAP 212-11";"";"18";""
"
";"T0377";"C0104";"01/10/11";"31/10/11";"Dolares";"375";"443";"375";"443";"";"28/09/11";"AUROCO";"20431684871";"CAP 213-11";"";"18";"0"
"
";"T0378";"C0137";"01/10/11";"31/10/11";"Dolares";"11550";"13629";"11550";"13629";"";"29/09/11";"AUROCO";"20452614767";"CAP 214-11";"";"18";"0"
"
";"T0379";"C045";"01/10/11";"31/01/12";"Dolares";"88532,56";"104468";"88532,56";"104468";"";"30/09/11";"AUROCO";"XXX";"CAP 216-11";"";"18";"0"
"
";"T0380";"C0138";"01/11/11";"30/11/11";"Dolares";"20181,99";"23814,7482";"20181,99";"23814,7482";"";"03/10/11";"AUROCO";"20219960256";"CAP 215-11";"S";"18";"2,77"
"
";"T0387";"C086";"01/10/11";"30/11/11";"Dolares";"82800";"97704";"82800";"97704";"";"13/10/11";"AUROCO";"20100341914";"CAP 223-11";"";"18";"2,725"
"
";"T0393";"C0140";"01/11/11";"31/12/11";"Dolares";"7995";"9434,1";"7995";"9434,1";"";"21/10/11";"AUROCO";"20102256558";"CAP 232-11";"";"18";"0"
"
";"T0394";"C042";"01/10/11";"30/11/11";"Dolares";"23867,15";"28163,237";"23867,15";"28163,237";"";"21/10/11";"AUROCO";"20138221157";"CAP 233-11";"";"18";"2,72"
"
";"T0397";"C0125";"01/10/11";"30/11/11";"Dolares";"28875";"34072,5";"28875";"34072,5";"";"26/10/11";"AUROCO";"20521449731";"CAP 236-11";"";"18";"2,71"
"
";"T0398";"C0122";"01/11/11";"30/11/11";"Dolares";"6825";"8054";"6825";"8054";"";"28/10/11";"AUROCO";"20132243230";"CAP 288-11";"";"18";"0"
"
";"T0399";"C0104";"01/11/11";"30/11/11";"Dolares";"375";"443";"375";"443";"";"31/10/11";"AUROCO";"20431684871";"CAP 289-11";"";"18";"0"
"
";"T0401";"C0141";"01/11/11";"31/12/11";"Dolares";"115326";"136085";"115326";"136085";"";"07/11/11";"AUROCO";"20521308321";"CAP 292-11";"";"18";"2,7"
"
";"T0402";"C0130";"01/11/11";"30/11/11";"Dolares";"14000";"16520";"14000";"16520";"";"08/11/11";"AUROCO";"20537446308";"CAP 294-11";"";"18";"2,7"
"
";"T0403";"C091";"01/11/11";"31/12/11";"Dolares";"2486,25";"2934";"2486,25";"2934";"CONTRATO PANETON SANTA MARÍA";"09/11/11";"AUROCO";"20100166144";"CAP 295-11";"";"18";"0"
"
";"T0404";"C014";"01/11/11";"31/12/11";"Dolares";"12600";"14868";"12600";"14868";"";"09/11/11";"AUROCO";"20499571578";"CAP 296-11";"";"18";"0"
"
";"T0405";"C0110";"01/11/11";"31/12/11";"Dolares";"2475";"2921";"2475";"2921";"";"10/11/11";"AUROCO";"20522769852";"CAP 299-11";"";"18";"0"
"
";"T0407";"C0132";"01/11/11";"30/11/11";"Dolares";"1550";"1829";"1550";"1829";"";"11/11/11";"AUROCO";"20138122256";"CAP 300-11";"";"18";"0"
"
";"T0408";"C057";"01/11/11";"30/11/11";"Dolares";"9750";"11505";"9750";"11505";"CONTRATO PELICULA AMANECER PARTE 1";"11/11/11";"AUROCO";"20122566804";"CAP 301-11";"";"18";"0"
"
";"T0409";"C073";"01/11/11";"30/11/11";"Dolares";"70000";"82600";"70000";"82600";"";"16/11/11";"AUROCO";"20519162394";"CAP 304-11";"";"18";"2,7"
"
";"T0410";"C093";"01/11/11";"31/12/11";"Dolares";"19960";"23553";"19960";"23553";"";"17/11/11";"AUROCO";"20375536898";"CAP 302-11";"";"18";"2,7"
"
";"T0411";"C0137";"01/11/11";"30/11/11";"Dolares";"5390";"6360";"5390";"6360";"";"17/11/11";"AUROCO";"20452614767";"CAP 303-11";"";"18";"0"
"
";"T0412";"C080";"01/11/11";"31/12/11";"Dolares";"27086,75";"31962";"27086,75";"31962";"";"18/11/11";"AUROCO";"20100097746";"CAP 230-11";"";"18";"2,7"
"
";"T0413";"C042";"01/11/11";"31/12/11";"Dolares";"24606,6";"29036";"24606,6";"29036";"";"21/11/11";"AUROCO";"20138221157";"CAP 305-11";"";"18";"2,69"
"
";"T0414";"C0143";"01/11/11";"31/12/11";"Dolares";"13650";"16107";"13650";"16107";"";"22/11/11";"AUROCO";"20122556914";"CAP 306-11";"";"18";"0"
"
";"T0415";"C016";"01/11/11";"31/12/11";"Dolares";"36660";"43259";"36660";"43259";"";"23/11/11";"AUROCO";"20502753615";"CAP 293-11";"";"18";"0"
"
";"T0416";"C00";"01/11/11";"31/12/11";"Dolares";"7145";"8431";"7145";"8431";"";"24/11/11";"AUROCO";"20100704227";"CAP 307-11";"";"18";"0"
"
";"T0418";"C073";"01/12/11";"31/12/11";"Dolares";"44855";"52929";"44855";"52929";"";"29/11/11";"AUROCO";"20519162394";"CAP 310-11";"";"18";"2,7"
"
";"T0420";"C02";"01/12/11";"31/12/11";"Dolares";"6300,02";"7434";"6300,02";"7434";"CONTRATO PLANNER PARA SU CLIENTE PMOVIL";"30/11/11";"AUROCO";"20517845532";"CAP 313-11";"";"18";"2,69"
"
";"T0424";"C0132";"01/12/11";"31/12/11";"Dolares";"1380";"1628";"1380";"1628";"";"02/12/11";"AUROCO";"20138122256";"CAP 317-11";"";"18";"0"
"
";"T0425";"C0132";"01/12/11";"31/12/11";"Dolares";"1380";"1628";"1380";"1628";"";"02/12/11";"AUROCO";"20138122256";"CAP 317-11";"";"18";"0"
"
";"T0427";"C0105";"01/12/11";"31/12/11";"Dolares";"3495";"4124";"3495";"4124";"";"02/12/11";"AUROCO";"20523886861";"CAP 319-11";"";"18";"0"
"
";"T0426";"C052";"01/12/11";"31/12/11";"Dolares";"892,5";"1053";"892,5";"1053";"";"02/12/11";"AUROCO";"20100583250";"CAP 318-11";"";"18";"0"
"
";"T0543";"C0124";"01/05/12";"30/06/12";"Dolares";"20000";"23600";"20000";"23600";"";"24/05/12";"AUROCO";"20100227461";"CAP 103-12";"";"18";"2,68"
"
";"T0542";"C0163";"01/05/12";"30/06/12";"Dolares";"3178,67";"3751";"3178,67";"3751";"";"24/05/12";"AUROCO";"20512273280";"CAP 102-12";"";"18";"2,68"
"
";"T0566";"C0163";"01/06/12";"30/06/12";"Dolares";"2412,51";"2847";"2412,51";"2847";"";"26/06/12";"AUROCO";"20512273280";"CAP 124-12";"";"18";"2,65"
"
";"T0552";"C0177";"01/06/12";"31/07/12";"Dolares";"4800";"5664";"4800";"5664";"";"06/06/12";"AUROCO";"20535571989";"CAP 112-12";"";"18";"2,7"
"
";"T0567";"C0104";"01/06/12";"31/07/12";"Dolares";"412,5";"487";"412,5";"487";"";"26/06/12";"AUROCO";"20431684871";"CAP 127-12";"";"18";"2,65"
"
";"T0568";"C052";"01/07/12";"31/07/12";"Dolares";"770";"909";"770";"909";"";"26/06/12";"AUROCO";"20100583250";"CAP 130-12";"";"18";"2,65"
"
";"T0569";"C00";"01/06/12";"31/07/12";"Dolares";"6860";"8095";"6860";"8095";"";"27/06/12";"AUROCO";"20100704227";"CAP 128-12";"";"18";"2,66"
"
";"T0570";"C0163";"01/07/12";"31/07/12";"Dolares";"1443,34";"1703";"1443,34";"1703";"";"27/06/12";"AUROCO";"20512273280";"CAP 131-12";"";"18";"2,66"
"
";"T0585";"C0162";"01/05/12";"31/05/12";"Dolares";"11519,97";"13594";"11519,97";"13594";"";"11/07/12";"AUROCO";"20509726826";"CAP";"";"18";"2,65"
"
";"T0586";"C0104";"01/07/12";"31/07/12";"Dolares";"412,5";"487";"412,5";"487";"";"11/07/12";"AUROCO";"20431684871";"CAP 146-12";"";"18";"2,63"
"
";"T0588";"C0185";"01/07/12";"31/08/12";"Dolares";"12799,98";"15103,9764";"12799,98";"15103,9764";"FACTURAR A CAP PUBLICISTAS";"16/07/12";"AUROCO";"XXX";"CAP 149-12";"";"18";"2,66"
"
";"T0592";"C0187";"01/07/12";"31/07/12";"Dolares";"2860";"3374,8";"2860";"3374,8";"";"20/07/12";"AUROCO";"XXX";"CAP 153-12";"";"18";"2,62"
"
";"T0598";"C0163";"01/08/12";"31/08/12";"Dolares";"1008,37";"1189,8766";"1008,37";"1189,8766";"";"30/07/12";"AUROCO";"20512273280";"CAP 160-12";"";"18";"2,63"
"
";"T0621";"C0163";"01/09/12";"30/09/12";"Dolares";"3450,09";"4071";"3450,09";"4071";"";"03/09/12";"AUROCO";"20512273280";"CAP 183-12";"";"18";"2,6"
"
";"T0640";"C084";"01/09/12";"30/09/12";"Dolares";"800";"944";"800";"944";"";"25/09/12";"AUROCO";"20513527421";"CAP 203-12";"";"18";"2,6"
"
";"T0656";"C0188";"01/10/12";"30/11/12";"Dolares";"19500";"23010";"19500";"23010";"";"11/10/12";"AUROCO";"20100269466";"CAP 222-12";"";"18";"2,6"
"
";"T0657";"C0104";"01/10/12";"31/10/12";"Dolares";"800";"944";"800";"944";"";"11/10/12";"AUROCO";"20431684871";"CAP 225-12";"";"18";"2,6"
"
";"T0665";"C0180";"01/10/12";"30/11/12";"Dolares";"2750";"3245";"2750";"3245";"";"26/10/12";"AUROCO";"20512796118";"CAP 234-12";"";"18";"2,6"
"
";"T0666";"C0104";"01/10/12";"31/12/12";"Dolares";"600";"708";"600";"708";"";"26/10/12";"AUROCO";"20431684871";"CAP 235-12";"";"18";"2,6"
"
";"T0667";"C047";"01/10/12";"30/11/12";"Soles";"26250";"30975";"26250";"30975";"";"26/10/12";"AUROCO";"20462509236";"CAP 237-12";"";"18";"2,6"
"
";"T0668";"C0195";"01/10/12";"30/11/12";"Dolares";"1350";"1593";"1350";"1593";"CON CARGO AL CONTRATO BERLIN GROUP CAP 204-12";"26/10/12";"AUROCO";"20133775537";"CAP 236-12";"";"18";"2,6"
"
";"T0669";"C014";"01/10/12";"30/11/12";"Dolares";"2434,4";"2873";"2434,4";"2873";"";"30/10/12";"AUROCO";"20499571578";"CAP 240-12";"";"18";"2,6"
"
";"T0670";"C066";"01/10/12";"31/12/12";"Dolares";"3356,49";"3960,6582";"3356,49";"3960,6582";"";"30/10/12";"AUROCO";"20100170842";"CAP 241-12";"";"18";"2,6"
"
";"T0671";"C0196";"01/11/12";"30/11/12";"Dolares";"4096,51";"4834";"4096,51";"4834";"";"30/10/12";"AUROCO";"20523264941";"CAP 232-12";"";"18";"2,6"
"
";"T0672";"C0180";"01/11/12";"30/11/12";"Dolares";"2400";"2832";"2400";"2832";"";"31/10/12";"AUROCO";"20512796118";"CAP 239-12";"";"18";"2,6"
"
";"T0673";"C0163";"01/11/12";"30/11/12";"Dolares";"2183,4";"2576";"2183,4";"2576";"";"31/10/12";"AUROCO";"20512273280";"CAP 242-12";"";"18";"2,6"
"
";"T0674";"C059";"01/11/12";"30/11/12";"Dolares";"4735,52";"5588";"4735,52";"5588";"";"31/10/12";"AUROCO";"20418997355";"CAP 244-12";"";"18";"2,6"
"
";"T0675";"C080";"01/11/12";"31/12/12";"Dolares";"107402,93";"126735";"107402,93";"126735";"";"31/10/12";"AUROCO";"20100097746";"CAP 246-12";"";"18";"2,6"
"
";"T0676";"C0104";"01/11/12";"30/11/12";"Dolares";"500";"590";"500";"590";"";"05/11/12";"AUROCO";"20431684871";"CAP 245-12";"";"18";"2,59"
"
";"T0677";"C0162";"01/11/12";"30/11/12";"Soles";"42783,13";"50484,0934";"42783,13";"50484,0934";"";"05/11/12";"AUROCO";"20509726826";"CAP 247-12";"";"18";"2,61"
"
";"T0678";"C060";"01/11/12";"30/11/12";"Dolares";"2100";"2478";"2100";"2478";"";"06/11/12";"AUROCO";"20520568884";"CAP 248-12";"";"18";"2,6"
"
";"T0679";"C0194";"01/11/12";"30/11/12";"Dolares";"360";"425";"360";"425";"";"07/11/12";"AUROCO";"20486609916";"CAP 251-12";"";"18";"2,6"
"
";"T0680";"C077";"01/11/12";"31/12/12";"Dolares";"20900";"24662";"20900";"24662";"MONTO BRUTO - REVISAR ANTES DE FACTURAR";"07/11/12";"AUROCO";"20205922149";"CAP 250-12";"";"18";"2,6"
"
";"T0681";"C0163";"01/11/12";"30/11/12";"Dolares";"3483,4";"4110";"3483,4";"4110";"";"08/11/12";"AUROCO";"20512273280";"CAP 249-12";"";"18";"2,6"
"
";"T0682";"C0184";"01/11/12";"30/11/12";"Dolares";"2000";"2360";"2000";"2360";"";"08/11/12";"AUROCO";"20510069251";"CAP 252-12";"";"18";"2,6"
"
";"T0683";"C0180";"01/11/12";"30/11/12";"Dolares";"2750";"3245";"2750";"3245";"";"09/11/12";"AUROCO";"20512796118";"CAP 256-12";"";"18";"2,6"
"
";"T0684";"C057";"01/11/12";"30/11/12";"Dolares";"11033,48";"13020";"11033,48";"13020";"";"09/11/12";"AUROCO";"20122566804";"CAP 257-12";"";"18";"2,6"
"
";"T0685";"C090";"01/11/12";"31/12/12";"Dolares";"150000";"177000";"150000";"177000";"";"13/11/12";"AUROCO";"20207845044";"CAP 259-12";"";"18";"2,61"
"
";"T0686";"C073";"01/11/12";"30/11/12";"Dolares";"61506";"72577";"61506";"72577";"";"13/11/12";"AUROCO";"20519162394";"CAP 259-12";"";"18";"2,61"
"
";"T0687";"C086";"01/11/12";"31/12/12";"Dolares";"78460";"92583";"78460";"92583";"";"13/11/12";"AUROCO";"20100341914";"CAP 254-12";"";"18";"2,61"
"
";"T0689";"C0163";"01/11/12";"30/11/12";"Dolares";"2200,06";"2596";"2200,06";"2596";"";"15/11/12";"AUROCO";"20512273280";"CAP 261-12";"";"18";"2,6"
"
";"T0690";"C0197";"01/11/12";"31/12/12";"Dolares";"17100";"20178";"17100";"20178";"";"16/11/12";"AUROCO";"20296570509";"CAP 230-12";"";"18";"2,6"
"
";"T0691";"C080";"01/11/12";"31/12/12";"Dolares";"3887,05";"4587";"3887,05";"4587";"";"19/11/12";"AUROCO";"20100097746";"CAP 264-12";"";"18";"2,6"
"
";"T0692";"C00";"01/11/12";"31/12/12";"Dolares";"3143,26";"3709,0468";"3143,26";"3709,0468";"OFERTAS NAVIDEAS";"21/11/12";"AUROCO";"20100704227";"CAP 267-12";"";"18";"2,59"
"
";"T0693";"C04";"01/11/12";"31/12/12";"Dolares";"6750";"7965";"6750";"7965";"ESPUMANTE NOCHE BUENA";"21/11/12";"AUROCO";"20470006961";"CAP 258-12";"";"18";"2,59"
"
";"T0694";"C04";"01/11/12";"31/12/12";"Dolares";"6570";"7753";"6570";"7753";"ESPUMANTE NOCHE BUENA - CANJE";"21/11/12";"AUROCO";"20470006961";"CAP 262-12";"";"18";"2,59"
"
";"T0695";"C0180";"01/11/12";"30/11/12";"Dolares";"2750";"3245";"2750";"3245";"";"22/11/12";"AUROCO";"20512796118";"CAP 270-12";"";"18";"2,6"
"
";"T0696";"C0163";"01/11/12";"31/12/12";"Dolares";"1866,75";"2203";"1866,75";"2203";"";"22/11/12";"AUROCO";"20512273280";"CAP 269-12";"";"18";"2,6"
"
";"T0697";"C0198";"01/11/12";"31/12/12";"Dolares";"9520,24";"11234";"9520,24";"11234";"PANETONES VAMYS";"22/11/12";"AUROCO";"20105342595";"CAP 272 - 12";"";"18";"0"
"
";"T0698";"C057";"01/11/12";"30/11/12";"Dolares";"3520,08";"4154";"3520,08";"4154";"";"22/11/12";"AUROCO";"20122566804";"CAP 271.-12";"";"18";"2,6"
"
";"T0699";"C0104";"01/11/12";"31/12/12";"Dolares";"800";"944";"800";"944";"";"23/11/12";"AUROCO";"20431684871";"CAP 273-12";"";"18";"2,6"
"
";"T0700";"C0104";"01/10/12";"31/12/12";"Dolares";"600";"708";"600";"708";"";"26/11/12";"AUROCO";"";"CAP 235-12";"";"18";"2,6"
"
";"T0701";"C016";"01/11/12";"31/12/12";"Dolares";"37795";"44598";"37795";"44598";"";"26/11/12";"AUROCO";"20502753615";"CAP 243-12";"";"18";"2,58"
"
";"T0702";"C0184";"01/11/12";"30/11/12";"Dolares";"1000";"1180";"1000";"1180";"";"27/11/12";"AUROCO";"20510069251";"CAP 276-12";"";"18";"2,58"
"
";"T0703";"C0152";"01/11/12";"31/12/12";"Dolares";"6000";"7080";"6000";"7080";"";"28/11/12";"AUROCO";"20503590931";"CAP 268-12";"";"18";"2,58"
"
";"T0704";"C0200";"01/11/12";"31/12/12";"Dolares";"14000";"16520";"14000";"16520";"";"28/11/12";"AUROCO";"20278540449";"CAP 278-12";"";"18";"2,58"
"
";"T0705";"C0162";"01/12/12";"31/12/12";"Soles";"48816,39";"57603,3402";"48816,39";"57603,3402";"";"29/11/12";"AUROCO";"20509726826";"CAP 280-12";"";"18";"2,58"
"
";"T0706";"C0202";"01/12/12";"31/12/12";"Dolares";"10000";"11800";"10000";"11800";"";"29/11/12";"AUROCO";"20133530003";"CAP 266-12";"";"18";"2,58"
"
";"T0707";"C00";"01/12/12";"31/12/12";"Dolares";"5986,51";"7064";"5986,51";"7064";"";"29/11/12";"AUROCO";"20100704227";"CAP 277-12";"";"18";"2,58"
"
";"T0708";"C073";"01/12/12";"31/12/12";"Dolares";"48319,25";"57017";"48319,25";"57017";"";"29/11/12";"AUROCO";"20519162394";"CAP 274-12";"";"18";"2,58"
"
";"T0709";"C0163";"01/12/12";"31/12/12";"Dolares";"2283,42";"2694";"2283,42";"2694";"";"30/11/12";"AUROCO";"20512273280";"CAP 279-12";"";"18";"2,58"
"
";"T0710";"C052";"01/12/12";"31/12/12";"Dolares";"2520";"2974";"2520";"2974";"";"30/11/12";"AUROCO";"20100583250";"CAP 281-12";"";"18";"2,58"
"
";"T0711";"C091";"01/12/12";"31/12/12";"Dolares";"8683";"10245,94";"8683";"10245,94";"";"30/11/12";"AUROCO";"20100166144";"CAP 282-12";"";"18";"2,58"
"
";"T0712";"C0108";"01/12/12";"28/02/13";"Dolares";"16950";"20001";"16950";"20001";"";"30/11/12";"AUROCO";"20492849937";"CAP 265-12";"";"18";"2,58"
"
";"T0713";"C0203";"01/12/12";"31/12/12";"Soles";"18303,22";"21598";"18303,22";"21598";"";"30/11/12";"AUROCO";"20108730294";"CAP 283-12";"";"18";"2,58"
"
";"T0714";"C0203";"01/12/12";"31/12/12";"Soles";"18303,22";"21597,7996";"18303,22";"21597,7996";"";"30/11/12";"AUROCO";"20108730294";"CAP 283-12";"";"18";"2,58"
"
";"T0531";"C026";"01/05/12";"31/12/12";"Dolares";"105975";"125051";"105975";"125051";"";"21/05/12";"AUROCO";"20384734503";"CAP 044-12";"";"18";"2,66"
"
";"T0532";"C0163";"01/05/12";"31/05/12";"Dolares";"2632";"3106";"2632";"3106";"";"21/05/12";"AUROCO";"20512273280";"CAP 090-12";"";"18";"2,65"
"
";"T0545";"C087";"01/06/12";"30/06/12";"Dolares";"5973,32";"7048,5176";"5973,32";"7048,5176";"FACTURAR A CAP PUBLICISTAS";"29/05/12";"AUROCO";"20101266819";"CAP";"";"18";"2,69"
"
";"T0609";"C0124";"01/08/12";"30/09/12";"Dolares";"21502,5";"25373";"21502,5";"25373";"";"17/08/12";"AUROCO";"20100227461";"CAP 173-12";"";"18";"2,61"
"
";"T0654";"C02";"01/10/12";"31/12/12";"Dolares";"57400";"67732";"57400";"67732";"";"11/10/12";"AUROCO";"20517845532";"CAP 220-12";"";"18";"2,6"
"
";"T0655";"C0163";"01/10/12";"31/10/12";"Dolares";"2333,42";"2753";"2333,42";"2753";"";"11/10/12";"AUROCO";"20512273280";"CAP 217-12";"";"18";"2,6"
"
";"T0715";"C014";"01/12/12";"31/12/12";"Dolares";"1733,6";"2046";"1733,6";"2046";"";"30/11/12";"AUROCO";"20499571578";"CAP 284-12";"";"18";"2,58"
"
";"T0716";"C057";"01/12/12";"31/12/12";"Dolares";"7480,17";"8826,6006";"7480,17";"8826,6006";"";"30/11/12";"AUROCO";"20122566804";"CAP 285-12";"";"18";"2,58"
"
";"T0718";"C0140";"01/12/12";"31/12/12";"Dolares";"7221";"8520,78";"7221";"8520,78";"";"04/12/12";"AUROCO";"20102256558";"CAP 289-12";"";"18";"2,57"
"
";"T0719";"C047";"01/12/12";"31/01/13";"Soles";"264250";"311815";"264250";"311815";"PAUTA DICIEMBRE 2012 - ENERO 2013";"05/12/12";"AUROCO";"20462509236";"CAP 290-12";"";"18";"0"
"
";"T0720";"C0180";"01/12/12";"31/12/12";"Dolares";"2750";"3245";"2750";"3245";"";"05/12/12";"AUROCO";"20512796118";"CAP 291-12";"";"18";"2,57"
"
";"T0721";"C046";"01/12/12";"31/01/13";"Soles";"214666,6";"253306,588";"214666,6";"253306,588";"";"05/12/12";"AUROCO";"20109199835";"CAP 292-12";"";"18";"2,57"
"
";"T0722";"C0204";"01/12/12";"31/12/12";"Soles";"5753,32";"6789";"5753,32";"6789";"";"05/12/12";"AUROCO";"20122278337";"CAP 293-12";"";"18";"2,57"
"
";"T0723";"C0205";"01/12/12";"31/12/12";"Dolares";"31000";"36580";"31000";"36580";"";"06/12/12";"AUROCO";"20522591344";"CAP 297-12";"";"18";"2,58"
"
";"T0724";"C0131";"01/12/12";"31/01/13";"Dolares";"21186,44";"25000";"21186,44";"25000";"";"06/12/12";"AUROCO";"20501618897";"CAP 298-12";"";"18";"2,58"
"
";"T0725";"C080";"01/12/12";"31/12/12";"Soles";"368";"434";"368";"434";"AVISOS BONIFICADOS PAUTA SANTIAGO QUEIROLO - NAVIDAD";"06/12/12";"AUROCO";"20100097746";"CAP 295-12";"";"18";"2,58"
"
";"T0726";"C0163";"01/12/12";"31/12/12";"Dolares";"2183,4";"2576";"2183,4";"2576";"";"06/12/12";"AUROCO";"20512273280";"CAP 294-12";"";"18";"2,58"
"
";"T0727";"C0146";"01/12/12";"31/12/12";"Dolares";"20784,5";"24526";"20784,5";"24526";"";"07/12/12";"AUROCO";"20544844459";"CAP 210-12";"";"18";"2,57"
"
";"T0728";"C014";"01/12/12";"31/01/13";"Dolares";"10053,99";"11864";"10053,99";"11864";"MONTOS CONSIDERANDO 10% DE COMISION";"07/12/12";"AUROCO";"20499571578";"CAP 299-12";"";"18";"2,57"
"
";"T0729";"C0195";"01/12/12";"31/12/12";"Dolares";"4720";"5570";"4720";"5570";"";"07/12/12";"AUROCO";"20133775537";"CAP 300-12";"";"18";"2,57"
"
";"T0730";"C080";"01/12/12";"31/12/12";"Dolares";"5666,7";"6687";"5666,7";"6687";"ORDEN ADICIONAL INTIPALKA - SANTIAGO QUEIROLO";"10/12/12";"AUROCO";"20100097746";"CAP 302-12";"";"18";"2,6"
"
";"T0731";"C0184";"01/12/12";"31/12/12";"Dolares";"1000";"1180";"1000";"1180";"";"10/12/12";"AUROCO";"20510069251";"CAP 301-12";"";"18";"2,57"
"
";"T0732";"C02";"01/12/12";"31/03/13";"Dolares";"99500";"117410";"99500";"117410";"";"11/12/12";"AUROCO";"20517845532";"CAP 227-12";"";"18";"2,57"
"
";"T0733";"C0143";"01/12/12";"31/12/12";"Dolares";"1500";"1770";"1500";"1770";"";"12/12/12";"AUROCO";"20122556914";"CAP 303-12";"";"18";"2,57"
"
";"T0734";"C0163";"01/12/12";"31/12/12";"Dolares";"2283,41";"2694,4238";"2283,41";"2694,4238";"";"13/12/12";"AUROCO";"20512273280";"CAP 304-12";"";"18";"2,57"
"
";"T0735";"C047";"01/12/12";"31/01/13";"Dolares";"33100";"39058";"33100";"39058";"PAUTA DICIEMBRE 2012 - ENERO 2013";"14/12/12";"AUROCO";"20462509236";"CAP 305-12";"";"18";"2,56"
"
";"T0736";"C0104";"01/12/12";"31/12/12";"Dolares";"370";"437";"370";"437";"";"17/12/12";"AUROCO";"20431684871";"CAP 306-12";"";"18";"2,56"
"
";"T0737";"C0180";"01/12/12";"31/01/13";"Dolares";"4400";"5192";"4400";"5192";"";"19/12/12";"AUROCO";"20512796118";"CAP 307-12";"";"18";"2,56"
"
";"T0738";"C00";"01/12/12";"31/12/12";"Dolares";"1993,28";"2352";"1993,28";"2352";"";"20/12/12";"AUROCO";"20100704227";"CAP 310-12";"";"18";"2,56"
"
";"T0739";"C0163";"01/12/12";"31/12/12";"Dolares";"1750,06";"2065";"1750,06";"2065";"";"20/12/12";"AUROCO";"20512273280";"CAP 309-12";"";"18";"2,56"
"
";"T0740";"C0192";"01/12/12";"31/01/13";"Dolares";"4125";"4868";"4125";"4868";"";"20/12/12";"AUROCO";"20507870792";"CAP 311-12";"";"18";"2,56"
"
";"T0741";"C0104";"01/12/12";"31/12/12";"Dolares";"305";"360";"305";"360";"";"20/12/12";"AUROCO";"20431684871";"CAP 308-12";"";"18";"2,56"
"
";"T0742";"C0153";"01/12/12";"31/12/12";"Dolares";"880";"1038";"880";"1038";"";"20/12/12";"AUROCO";"XXX";"CAP 312-12";"";"18";"2,56"
"
";"T0743";"C066";"01/12/12";"31/01/13";"Dolares";"2406,54";"2840";"2406,54";"2840";"";"20/12/12";"AUROCO";"20100170842";"CAP 313-12";"";"18";"2,56"
"
";"T0744";"C059";"01/12/12";"31/12/12";"Dolares";"1933,34";"2281";"1933,34";"2281";"";"21/12/12";"AUROCO";"20418997355";"CAP 314-12";"";"18";"2,56"
"
";"T0745";"C0162";"01/12/12";"31/12/12";"Soles";"4666,66";"5507";"4666,66";"5507";"";"21/12/12";"AUROCO";"20509726826";"CAP 315-12";"";"18";""
"
";"T0746";"C059";"01/12/12";"31/12/12";"Dolares";"1666,8";"1966,824";"1666,8";"1966,824";"CONTRATO ANULADO";"27/12/12";"AUROCO";"20418997355";"CAP 317-12";"";"18";"2,55"
"
";"T0747";"C0163";"01/12/12";"31/01/13";"Dolares";"933,38";"1101";"933,38";"1101";"";"27/12/12";"AUROCO";"20512273280";"CAP 316-12";"";"18";"2,55"
"
";"T0748";"C073";"01/01/13";"31/01/13";"Dolares";"52564";"62026";"52564";"62026";"MONTO NETO";"28/12/12";"AUROCO";"20519162394";"CAP 318-12";"";"18";"2,55"
"
";"T0749";"C014";"01/01/13";"31/01/13";"Dolares";"1900,1";"2242";"1900,1";"2242";"";"02/01/13";"AUROCO";"20499571578";"CAP 003-13";"";"18";"2,55"
"
";"T0750";"C0206";"01/01/13";"31/01/13";"Dolares";"2700";"3186";"2700";"3186";"";"02/01/13";"AUROCO";"20522059219";"CAP 004-12";"";"18";"2,55"
"
";"T0751";"C0163";"01/01/13";"31/01/13";"Dolares";"1150,04";"1357";"1150,04";"1357";"";"03/01/13";"AUROCO";"20512273280";"CAP 006-13";"";"18";"2,55"
"
";"T0752";"C0104";"01/01/13";"28/02/13";"Dolares";"1580";"1864,4";"1580";"1864,4";"CONTRATOS: CAP 007-13 - CAP 016-13 - CAP 024-13 - CAP 031-13 - CAP 038-13";"03/01/13";"AUROCO";"20431684871";"CAP 007-13 - 016-13 - 024-13 - 031-13 - 038-13";"";"18";"2,55"
"
";"T0753";"C0162";"01/01/13";"31/01/13";"Soles";"26558,37";"31338,8766";"26558,37";"31338,8766";"";"04/01/13";"AUROCO";"20509726826";"CAP 008-12";"";"18";"2,55"
"
";"T0754";"C046";"01/01/13";"31/01/13";"Dolares";"7733,43";"9125,4474";"7733,43";"9125,4474";"";"04/01/13";"AUROCO";"20109199835";"CAP 009-13";"";"18";"2,55"
"
";"T0755";"C0195";"01/01/13";"31/01/13";"Dolares";"8440";"9959";"8440";"9959";"";"07/01/13";"AUROCO";"20133775537";"CAP 011-13";"";"18";"2,55"
"
";"T0756";"C0163";"01/01/13";"31/01/13";"Dolares";"1283,38";"1514";"1283,38";"1514";"";"08/01/13";"AUROCO";"20512273280";"CAP 010-13";"";"18";"2,55"
"
";"T0757";"C0207";"01/01/13";"31/01/13";"Dolares";"3600";"4248";"3600";"4248";"";"09/01/13";"AUROCO";"20504868428";"CAP 013-13";"";"18";"2,55"
"
";"T0758";"C0208";"01/01/13";"28/02/14";"Dolares";"55000";"64900";"55000";"64900";"";"09/01/13";"AUROCO";"20512728627";"CAP 014-13";"";"18";"2,55"
"
";"T0759";"C00";"01/01/13";"31/01/13";"Dolares";"4406,55";"5200";"4406,55";"5200";"";"09/01/13";"AUROCO";"20100704227";"CAP 012-13";"";"18";"2,55"
"
";"T0760";"C0180";"01/01/13";"31/01/13";"Dolares";"2750";"3245";"2750";"3245";"";"10/01/13";"AUROCO";"20512796118";"CAP 015-13";"";"18";"2,55"
"
";"T0761";"C059";"01/01/13";"31/01/13";"Dolares";"6618,84";"7810,2312";"6618,84";"7810,2312";"CONTRATO FACTURADO A MUNDOFILMS SAC - RUC:  20550055750

";"10/01/13";"AUROCO";"20418997355";"CAP 018-12";"";"18";"2,55"
"
";"T0762";"C09";"01/01/13";"31/01/13";"Dolares";"4175";"4927";"4175";"4927";"";"10/01/13";"AUROCO";"20123812477";"CAP 001-13";"";"18";"2,55"
"
";"T0763";"C0150";"01/01/13";"31/01/13";"Dolares";"5500";"6490";"5500";"6490";"";"10/01/13";"AUROCO";"20133860992";"CAP 002-13";"";"18";"2,55"
"
";"T0764";"C0210";"01/01/13";"31/03/13";"Dolares";"3240";"3823,2";"3240";"3823,2";"";"10/01/13";"AUROCO";"XXX";"CAP 019-12";"";"18";"2,55"
"
";"T0765";"C0206";"01/01/13";"31/01/13";"Dolares";"2700";"3186";"2700";"3186";"";"14/01/13";"AUROCO";"20522059219";"CAP 021-13";"";"18";"2,55"
"
";"T0766";"C09";"01/01/13";"28/02/13";"Dolares";"4550";"5369";"4550";"5369";"";"17/01/13";"AUROCO";"20123812477";"CAP 017-13";"";"18";"2,55"
"
";"T0767";"C0211";"01/01/13";"28/02/13";"Dolares";"1620";"1911,6";"1620";"1911,6";"";"17/01/13";"AUROCO";"20545270804";"CAP 022-13";"";"18";"2,55"
"
";"T0768";"C0213";"01/01/13";"28/02/13";"Dolares";"5100";"6018";"5100";"6018";"";"18/01/13";"AUROCO";"20545306175";"CAP 020-13";"";"18";"2,55"
"
";"T0769";"C0214";"01/01/13";"31/03/13";"Dolares";"5600,17";"6608";"5600,17";"6608";"";"21/01/13";"AUROCO";"20491263521";"CAP 025-13";"";"18";"2,55"
"
";"T0770";"C0215";"01/02/13";"30/04/13";"Dolares";"16250";"19175";"16250";"19175";"";"22/01/13";"AUROCO";"20303063766";"CAP 023-13";"";"18";"2,55"
"
";"T0771";"C0180";"01/01/13";"28/02/13";"Dolares";"2750";"3245";"2750";"3245";"";"23/01/13";"AUROCO";"20512796118";"CAP 027-13";"";"18";"2,55"
"
";"T0772";"C086";"01/01/13";"31/01/13";"Dolares";"5250";"6195";"5250";"6195";"";"23/01/13";"AUROCO";"20100341914";"CAP 026-13";"";"18";"2,55"
