"EDITAR";"C_CONTRATO";"N_MOVIMIENTO";"OPERACION";"MONTO_MOV";"SALDO_ACTUAL";"C_ORDEN";"OBSERVACIONES";"F_CREACION";"C_USUARIO";
"
";"T09";"24";"S";"40";"41225,94";"AUROCO00031";"";"01/07/10";"AUROCO"
"
";"T09";"25";"S";"40";"41185,94";"AUROCO00031";"";"01/07/10";"AUROCO"
"
";"T09";"26";"S";"40";"41145,94";"AUROCO00031";"";"01/07/10";"AUROCO"
"
";"T09";"27";"S";"40";"41105,94";"AUROCO00031";"";"01/07/10";"AUROCO"
"
";"T09";"28";"S";"40";"41065,94";"AUROCO00031";"";"01/07/10";"AUROCO"
"
";"T09";"29";"S";"40";"41025,94";"AUROCO00031";"";"01/07/10";"AUROCO"
"
";"T09";"30";"S";"40";"40985,94";"AUROCO00031";"";"01/07/10";"AUROCO"
"
";"T09";"31";"S";"40";"40945,94";"AUROCO00031";"";"01/07/10";"AUROCO"
"
";"T09";"32";"S";"40";"40905,94";"AUROCO00032";"";"01/07/10";"AUROCO"
"
";"T09";"33";"S";"40";"40865,94";"AUROCO00032";"";"01/07/10";"AUROCO"
"
";"T09";"34";"S";"440";"40425,94";"AUROCO00032";"";"01/07/10";"AUROCO"
"
";"T09";"35";"S";"40";"40385,94";"AUROCO00032";"";"01/07/10";"AUROCO"
"
";"T09";"36";"S";"40";"40345,94";"AUROCO00032";"";"01/07/10";"AUROCO"
"
";"T09";"37";"S";"40";"40305,94";"AUROCO00032";"";"01/07/10";"AUROCO"
"
";"T09";"38";"S";"40";"40265,94";"AUROCO00032";"";"01/07/10";"AUROCO"
"
";"T09";"39";"S";"40";"40225,94";"AUROCO00032";"";"01/07/10";"AUROCO"
"
";"T09";"40";"S";"40";"40185,94";"AUROCO00032";"";"01/07/10";"AUROCO"
"
";"T09";"41";"S";"40";"40145,94";"AUROCO00032";"";"01/07/10";"AUROCO"
"
";"T09";"42";"S";"40";"40105,94";"AUROCO00032";"";"01/07/10";"AUROCO"
"
";"T09";"43";"S";"40";"40065,94";"AUROCO00032";"";"01/07/10";"AUROCO"
"
";"T09";"44";"S";"40";"40025,94";"AUROCO00032";"";"01/07/10";"AUROCO"
"
";"T09";"45";"S";"40";"39985,94";"AUROCO00032";"";"01/07/10";"AUROCO"
"
";"T09";"46";"S";"40";"39945,94";"AUROCO00032";"";"01/07/10";"AUROCO"
"
";"T09";"47";"S";"40";"39905,94";"AUROCO00032";"";"01/07/10";"AUROCO"
"
";"T09";"48";"S";"40";"39865,94";"AUROCO00032";"";"01/07/10";"AUROCO"
"
";"T09";"49";"S";"40";"39825,94";"AUROCO00032";"";"01/07/10";"AUROCO"
"
";"T09";"50";"S";"40";"39785,94";"AUROCO00032";"";"01/07/10";"AUROCO"
"
";"T09";"51";"S";"40";"39745,94";"AUROCO00032";"";"01/07/10";"AUROCO"
"
";"T09";"52";"S";"40";"39705,94";"AUROCO00032";"";"01/07/10";"AUROCO"
"
";"T09";"53";"S";"40";"39665,94";"AUROCO00032";"";"01/07/10";"AUROCO"
"
";"T09";"54";"S";"40";"39625,94";"AUROCO00032";"";"01/07/10";"AUROCO"
"
";"T09";"55";"S";"40";"39585,94";"AUROCO00032";"";"01/07/10";"AUROCO"
"
";"T09";"56";"S";"40";"39545,94";"AUROCO00032";"";"01/07/10";"AUROCO"
"
";"T09";"57";"S";"40";"39505,94";"AUROCO00032";"";"01/07/10";"AUROCO"
"
";"T09";"58";"S";"40";"39465,94";"AUROCO00032";"";"01/07/10";"AUROCO"
"
";"T09";"59";"S";"40";"39425,94";"AUROCO00032";"";"01/07/10";"AUROCO"
"
";"T09";"60";"S";"40";"39385,94";"AUROCO00032";"";"01/07/10";"AUROCO"
"
";"T09";"61";"S";"40";"39345,94";"AUROCO00032";"";"01/07/10";"AUROCO"
"
";"T09";"62";"I";"440";"39785,94";"AUROCO00032";"";"01/07/10";"AUROCO"
"
";"T09";"63";"S";"40";"39745,94";"AUROCO00032";"";"01/07/10";"AUROCO"
"
";"T09";"64";"S";"91,33";"39654,61";"AUROCO00033";"";"01/07/10";"AUROCO"
"
";"T09";"65";"S";"91,33";"39563,28";"AUROCO00033";"";"01/07/10";"AUROCO"
"
";"T09";"66";"S";"91,33";"39471,95";"AUROCO00033";"";"01/07/10";"AUROCO"
"
";"T09";"67";"S";"91,33";"39380,62";"AUROCO00033";"";"01/07/10";"AUROCO"
"
";"T09";"68";"S";"91,33";"39289,29";"AUROCO00033";"";"01/07/10";"AUROCO"
"
";"T09";"69";"S";"91,33";"39197,96";"AUROCO00033";"";"01/07/10";"AUROCO"
"
";"T09";"70";"S";"91,33";"39106,63";"AUROCO00033";"";"01/07/10";"AUROCO"
"
";"T09";"71";"S";"91,33";"39015,3";"AUROCO00033";"";"01/07/10";"AUROCO"
"
";"T09";"72";"S";"91,33";"38923,97";"AUROCO00033";"";"01/07/10";"AUROCO"
"
";"T09";"73";"S";"91,33";"38832,64";"AUROCO00033";"";"01/07/10";"AUROCO"
"
";"T09";"74";"S";"91,33";"38741,31";"AUROCO00033";"";"01/07/10";"AUROCO"
"
";"T09";"75";"S";"91,33";"38649,98";"AUROCO00033";"";"01/07/10";"AUROCO"
"
";"T09";"76";"S";"91,33";"38558,65";"AUROCO00033";"";"01/07/10";"AUROCO"
"
";"T09";"77";"S";"91,33";"38467,32";"AUROCO00033";"";"01/07/10";"AUROCO"
"
";"T09";"78";"S";"91,33";"38375,99";"AUROCO00033";"";"01/07/10";"AUROCO"
"
";"T09";"79";"S";"91,333";"38284,657";"AUROCO00033";"";"01/07/10";"AUROCO"
"
";"T09";"80";"S";"91,333";"38193,324";"AUROCO00033";"";"01/07/10";"AUROCO"
"
";"T09";"81";"S";"91,333";"38101,991";"AUROCO00033";"";"01/07/10";"AUROCO"
"
";"T09";"82";"I";"91,33";"38193,321";"AUROCO00033";"";"01/07/10";"AUROCO"
"
";"T09";"83";"I";"91,33";"38284,651";"AUROCO00033";"";"01/07/10";"AUROCO"
"
";"T09";"84";"I";"91,33";"38375,981";"AUROCO00033";"";"01/07/10";"AUROCO"
"
";"T09";"85";"I";"91,33";"38467,311";"AUROCO00033";"";"01/07/10";"AUROCO"
"
";"T09";"86";"I";"91,33";"38558,641";"AUROCO00033";"";"01/07/10";"AUROCO"
"
";"T09";"87";"I";"91,33";"38649,971";"AUROCO00033";"";"01/07/10";"AUROCO"
"
";"T09";"88";"I";"91,33";"38741,301";"AUROCO00033";"";"01/07/10";"AUROCO"
"
";"T09";"89";"I";"91,33";"38832,631";"AUROCO00033";"";"01/07/10";"AUROCO"
"
";"T09";"90";"I";"91,33";"38923,961";"AUROCO00033";"";"01/07/10";"AUROCO"
"
";"T09";"91";"I";"91,33";"39015,291";"AUROCO00033";"";"01/07/10";"AUROCO"
"
";"T09";"92";"I";"91,33";"39106,621";"AUROCO00033";"";"01/07/10";"AUROCO"
"
";"T09";"93";"I";"91,33";"39197,951";"AUROCO00033";"";"01/07/10";"AUROCO"
"
";"T09";"94";"I";"91,33";"39289,281";"AUROCO00033";"";"01/07/10";"AUROCO"
"
";"T09";"95";"I";"91,33";"39380,611";"AUROCO00033";"";"01/07/10";"AUROCO"
"
";"T09";"96";"I";"91,33";"39471,941";"AUROCO00033";"";"01/07/10";"AUROCO"
"
";"T09";"97";"S";"91,333";"39380,608";"AUROCO00033";"";"01/07/10";"AUROCO"
"
";"T09";"98";"S";"91,333";"39289,275";"AUROCO00033";"";"01/07/10";"AUROCO"
"
";"T09";"99";"S";"91,333";"39197,942";"AUROCO00033";"";"01/07/10";"AUROCO"
"
";"T09";"100";"S";"91,333";"39106,609";"AUROCO00033";"";"01/07/10";"AUROCO"
"
";"T09";"101";"S";"91,333";"39015,276";"AUROCO00033";"";"01/07/10";"AUROCO"
"
";"T09";"102";"S";"91,333";"38923,943";"AUROCO00033";"";"01/07/10";"AUROCO"
"
";"T09";"103";"S";"91,333";"38832,61";"AUROCO00033";"";"01/07/10";"AUROCO"
"
";"T09";"104";"S";"91,333";"38741,277";"AUROCO00033";"";"01/07/10";"AUROCO"
"
";"T09";"105";"S";"91,333";"38649,944";"AUROCO00033";"";"01/07/10";"AUROCO"
"
";"T09";"106";"S";"91,333";"38558,611";"AUROCO00033";"";"01/07/10";"AUROCO"
"
";"T09";"107";"S";"91,333";"38467,278";"AUROCO00033";"";"01/07/10";"AUROCO"
"
";"T09";"108";"S";"91,333";"38375,945";"AUROCO00033";"";"01/07/10";"AUROCO"
"
";"T09";"109";"S";"91,333";"38284,612";"AUROCO00033";"";"01/07/10";"AUROCO"
"
";"T09";"110";"S";"91,333";"38193,279";"AUROCO00033";"";"01/07/10";"AUROCO"
"
";"T09";"111";"S";"91,333";"38101,946";"AUROCO00033";"";"01/07/10";"AUROCO"
"
";"T09";"112";"S";"20";"38081,946";"AUROCO00034";"";"01/07/10";"AUROCO"
"
";"T09";"113";"I";"20";"38101,946";"AUROCO00034";"";"01/07/10";"AUROCO"
"
";"T09";"114";"S";"91,333";"38010,613";"AUROCO00034";"";"01/07/10";"AUROCO"
"
";"T09";"115";"S";"91,333";"37919,28";"AUROCO00034";"";"01/07/10";"AUROCO"
"
";"T09";"116";"S";"91,333";"37827,947";"AUROCO00034";"";"01/07/10";"AUROCO"
"
";"T09";"117";"S";"91,333";"37736,614";"AUROCO00034";"";"01/07/10";"AUROCO"
"
";"T09";"118";"S";"91,333";"37645,281";"AUROCO00034";"";"01/07/10";"AUROCO"
"
";"T09";"119";"S";"91,333";"37553,948";"AUROCO00034";"";"01/07/10";"AUROCO"
"
";"T09";"120";"S";"91,333";"37462,615";"AUROCO00034";"";"01/07/10";"AUROCO"
"
";"T09";"121";"S";"91,333";"37371,282";"AUROCO00034";"";"01/07/10";"AUROCO"
"
";"T09";"122";"S";"91,333";"37279,949";"AUROCO00034";"";"01/07/10";"AUROCO"
"
";"T09";"123";"S";"91,333";"37188,616";"AUROCO00034";"";"01/07/10";"AUROCO"
"
";"T09";"124";"S";"91,333";"37097,283";"AUROCO00034";"";"01/07/10";"AUROCO"
"
";"T09";"125";"S";"91,333";"37005,95";"AUROCO00034";"";"01/07/10";"AUROCO"
"
";"T09";"126";"S";"91,333";"36914,617";"AUROCO00034";"";"01/07/10";"AUROCO"
"
";"T09";"127";"S";"91,333";"36823,284";"AUROCO00034";"";"01/07/10";"AUROCO"
"
";"T09";"128";"S";"91,333";"36731,951";"AUROCO00034";"";"01/07/10";"AUROCO"
"
";"T09";"129";"S";"9,333";"36722,618";"AUROCO00034";"";"01/07/10";"AUROCO"
"
";"T09";"130";"S";"9,333";"36713,285";"AUROCO00034";"";"01/07/10";"AUROCO"
"
";"T09";"131";"S";"9,333";"36703,952";"AUROCO00034";"";"01/07/10";"AUROCO"
"
";"T09";"132";"I";"9,333";"36713,285";"AUROCO00034";"";"01/07/10";"AUROCO"
"
";"T09";"133";"I";"9,333";"36722,618";"AUROCO00034";"";"01/07/10";"AUROCO"
"
";"T09";"134";"I";"9,333";"36731,951";"AUROCO00034";"";"01/07/10";"AUROCO"
"
";"T09";"135";"S";"91,333";"36640,618";"AUROCO00034";"";"01/07/10";"AUROCO"
"
";"T09";"136";"S";"91,333";"36549,285";"AUROCO00034";"";"01/07/10";"AUROCO"
"
";"T09";"137";"S";"91,333";"36457,952";"AUROCO00034";"";"01/07/10";"AUROCO"
"
";"T09";"138";"S";"550";"35907,952";"AUROCO00035";"";"01/07/10";"AUROCO"
"
";"T09";"139";"S";"550";"35357,952";"AUROCO00035";"";"01/07/10";"AUROCO"
"
";"T09";"140";"S";"550";"34807,952";"AUROCO00035";"";"01/07/10";"AUROCO"
"
";"T09";"141";"S";"550";"34257,952";"AUROCO00035";"";"01/07/10";"AUROCO"
"
";"T09";"142";"S";"550";"33707,952";"AUROCO00035";"";"01/07/10";"AUROCO"
"
";"T09";"143";"S";"550";"33157,952";"AUROCO00035";"";"01/07/10";"AUROCO"
"
";"T09";"144";"S";"550";"32607,952";"AUROCO00035";"";"01/07/10";"AUROCO"
"
";"T09";"145";"S";"550";"32057,952";"AUROCO00036";"";"01/07/10";"AUROCO"
"
";"T09";"146";"S";"550";"31507,952";"AUROCO00036";"";"01/07/10";"AUROCO"
"
";"T09";"147";"S";"550";"30957,952";"AUROCO00036";"";"01/07/10";"AUROCO"
"
";"T09";"148";"S";"550";"30407,952";"AUROCO00036";"";"01/07/10";"AUROCO"
"
";"T09";"149";"S";"550";"29857,952";"AUROCO00036";"";"01/07/10";"AUROCO"
"
";"T09";"150";"S";"550";"29307,952";"AUROCO00036";"";"01/07/10";"AUROCO"
"
";"T09";"151";"S";"550";"28757,952";"AUROCO00036";"";"01/07/10";"AUROCO"
"
";"T09";"152";"S";"200";"28557,952";"AUROCO00037";"";"01/07/10";"AUROCO"
"
";"T09";"153";"S";"200";"28357,952";"AUROCO00037";"";"01/07/10";"AUROCO"
"
";"T09";"154";"S";"200";"28157,952";"AUROCO00037";"";"01/07/10";"AUROCO"
"
";"T09";"155";"S";"200";"27957,952";"AUROCO00037";"";"01/07/10";"AUROCO"
"
";"T09";"156";"S";"200";"27757,952";"AUROCO00037";"";"01/07/10";"AUROCO"
"
";"T09";"157";"S";"200";"27557,952";"AUROCO00037";"";"01/07/10";"AUROCO"
"
";"T09";"158";"S";"200";"27357,952";"AUROCO00037";"";"01/07/10";"AUROCO"
"
";"T09";"159";"S";"200";"27157,952";"AUROCO00037";"";"01/07/10";"AUROCO"
"
";"T09";"160";"S";"200";"26957,952";"AUROCO00037";"";"01/07/10";"AUROCO"
"
";"T09";"161";"S";"200";"26757,952";"AUROCO00038";"";"01/07/10";"AUROCO"
"
";"T09";"162";"S";"200";"26557,952";"AUROCO00038";"";"01/07/10";"AUROCO"
"
";"T09";"163";"S";"200";"26357,952";"AUROCO00038";"";"01/07/10";"AUROCO"
"
";"T09";"164";"S";"200";"26157,952";"AUROCO00038";"";"01/07/10";"AUROCO"
"
";"T09";"165";"S";"200";"25957,952";"AUROCO00038";"";"01/07/10";"AUROCO"
"
";"T09";"166";"S";"200";"25757,952";"AUROCO00038";"";"01/07/10";"AUROCO"
"
";"T09";"167";"S";"200";"25557,952";"AUROCO00038";"";"01/07/10";"AUROCO"
"
";"T09";"168";"S";"200";"25357,952";"AUROCO00038";"";"01/07/10";"AUROCO"
"
";"T09";"169";"S";"200";"25157,952";"AUROCO00038";"";"01/07/10";"AUROCO"
"
";"T09";"170";"S";"38,67";"25119,282";"AUROCO00039";"";"01/07/10";"AUROCO"
"
";"T09";"171";"S";"38,67";"25080,612";"AUROCO00039";"";"01/07/10";"AUROCO"
"
";"T09";"172";"S";"38,67";"25041,942";"AUROCO00039";"";"01/07/10";"AUROCO"
"
";"T09";"173";"S";"38,67";"25003,272";"AUROCO00039";"";"01/07/10";"AUROCO"
"
";"T09";"174";"S";"38,67";"24964,602";"AUROCO00039";"";"01/07/10";"AUROCO"
"
";"T09";"175";"S";"38,67";"24925,932";"AUROCO00039";"";"01/07/10";"AUROCO"
"
";"T09";"176";"S";"38,67";"24887,262";"AUROCO00039";"";"01/07/10";"AUROCO"
"
";"T09";"177";"S";"38,67";"24848,592";"AUROCO00039";"";"01/07/10";"AUROCO"
"
";"T09";"178";"S";"38,67";"24809,922";"AUROCO00039";"";"01/07/10";"AUROCO"
"
";"T09";"179";"S";"38,67";"24771,252";"AUROCO00039";"";"01/07/10";"AUROCO"
"
";"T09";"180";"S";"38,67";"24732,582";"AUROCO00039";"";"01/07/10";"AUROCO"
"
";"T09";"181";"S";"38,67";"24693,912";"AUROCO00039";"";"01/07/10";"AUROCO"
"
";"T09";"182";"S";"91,33";"24602,582";"AUROCO00039";"";"01/07/10";"AUROCO"
"
";"T09";"183";"S";"91,33";"24511,252";"AUROCO00039";"";"01/07/10";"AUROCO"
"
";"T09";"184";"S";"91,33";"24419,922";"AUROCO00039";"";"01/07/10";"AUROCO"
"
";"T09";"185";"S";"91,33";"24328,592";"AUROCO00039";"";"01/07/10";"AUROCO"
"
";"T09";"186";"S";"91,33";"24237,262";"AUROCO00039";"";"01/07/10";"AUROCO"
"
";"T09";"187";"S";"91,33";"24145,932";"AUROCO00039";"";"01/07/10";"AUROCO"
"
";"T09";"188";"S";"38,67";"24107,262";"AUROCO00040";"";"01/07/10";"AUROCO"
"
";"T09";"189";"S";"38,67";"24068,592";"AUROCO00040";"";"01/07/10";"AUROCO"
"
";"T09";"190";"S";"38,67";"24029,922";"AUROCO00040";"";"01/07/10";"AUROCO"
"
";"T09";"191";"S";"38,67";"23991,252";"AUROCO00040";"";"01/07/10";"AUROCO"
"
";"T09";"192";"S";"38,67";"23952,582";"AUROCO00040";"";"01/07/10";"AUROCO"
"
";"T09";"193";"S";"38,67";"23913,912";"AUROCO00040";"";"01/07/10";"AUROCO"
"
";"T09";"194";"S";"38,67";"23875,242";"AUROCO00040";"";"01/07/10";"AUROCO"
"
";"T09";"195";"S";"38,67";"23836,572";"AUROCO00040";"";"01/07/10";"AUROCO"
"
";"T09";"196";"S";"38,67";"23797,902";"AUROCO00040";"";"01/07/10";"AUROCO"
"
";"T09";"197";"I";"38,67";"23836,572";"AUROCO00040";"";"01/07/10";"AUROCO"
"
";"T09";"198";"I";"38,67";"23875,242";"AUROCO00040";"";"01/07/10";"AUROCO"
"
";"T09";"199";"I";"38,67";"23913,912";"AUROCO00040";"";"01/07/10";"AUROCO"
"
";"T09";"200";"S";"38,67";"23875,242";"AUROCO00040";"";"01/07/10";"AUROCO"
"
";"T09";"201";"S";"38,67";"23836,572";"AUROCO00040";"";"01/07/10";"AUROCO"
"
";"T09";"202";"S";"38,67";"23797,902";"AUROCO00040";"";"01/07/10";"AUROCO"
"
";"T09";"203";"S";"38,67";"23759,232";"AUROCO00040";"";"01/07/10";"AUROCO"
"
";"T09";"204";"S";"38,67";"23720,562";"AUROCO00040";"";"01/07/10";"AUROCO"
"
";"T09";"205";"S";"38,67";"23681,892";"AUROCO00040";"";"01/07/10";"AUROCO"
"
";"T09";"206";"S";"91,33";"23590,562";"AUROCO00040";"";"01/07/10";"AUROCO"
"
";"T09";"207";"S";"91,33";"23499,232";"AUROCO00040";"";"01/07/10";"AUROCO"
"
";"T09";"208";"S";"91,33";"23407,902";"AUROCO00040";"";"01/07/10";"AUROCO"
"
";"T09";"209";"S";"91,33";"23316,572";"AUROCO00040";"";"01/07/10";"AUROCO"
"
";"T09";"210";"S";"91,33";"23225,242";"AUROCO00040";"";"01/07/10";"AUROCO"
"
";"T09";"211";"S";"91,33";"23133,912";"AUROCO00040";"";"01/07/10";"AUROCO"
"
";"T09";"212";"S";"29,33";"23104,582";"AUROCO00041";"";"01/07/10";"AUROCO"
"
";"T09";"213";"S";"29,33";"23075,252";"AUROCO00041";"";"01/07/10";"AUROCO"
"
";"T09";"214";"S";"29,33";"23045,922";"AUROCO00041";"";"01/07/10";"AUROCO"
"
";"T09";"215";"S";"29,33";"23016,592";"AUROCO00041";"";"01/07/10";"AUROCO"
"
";"T09";"216";"S";"29,33";"22987,262";"AUROCO00041";"";"01/07/10";"AUROCO"
"
";"T09";"217";"S";"29,33";"22957,932";"AUROCO00041";"";"01/07/10";"AUROCO"
"
";"T09";"218";"S";"29,33";"22928,602";"AUROCO00041";"";"01/07/10";"AUROCO"
"
";"T09";"219";"S";"29,33";"22899,272";"AUROCO00041";"";"01/07/10";"AUROCO"
"
";"T09";"220";"S";"29,33";"22869,942";"AUROCO00041";"";"01/07/10";"AUROCO"
"
";"T09";"221";"S";"29,33";"22840,612";"AUROCO00041";"";"01/07/10";"AUROCO"
"
";"T09";"222";"S";"29,33";"22811,282";"AUROCO00041";"";"01/07/10";"AUROCO"
"
";"T09";"223";"S";"29,33";"22781,952";"AUROCO00041";"";"01/07/10";"AUROCO"
"
";"T09";"224";"S";"29,33";"22752,622";"AUROCO00041";"";"01/07/10";"AUROCO"
"
";"T09";"225";"S";"29,33";"22723,292";"AUROCO00041";"";"01/07/10";"AUROCO"
"
";"T09";"226";"S";"29,33";"22693,962";"AUROCO00041";"";"01/07/10";"AUROCO"
"
";"T09";"227";"S";"0";"22693,962";"AUROCO00041";"";"01/07/10";"AUROCO"
"
";"T09";"228";"S";"0";"22693,962";"AUROCO00041";"";"01/07/10";"AUROCO"
"
";"T09";"229";"S";"0";"22693,962";"AUROCO00041";"";"01/07/10";"AUROCO"
"
";"T09";"230";"S";"0";"22693,962";"AUROCO00041";"";"01/07/10";"AUROCO"
"
";"T09";"231";"S";"0";"22693,962";"AUROCO00041";"";"01/07/10";"AUROCO"
"
";"T09";"232";"S";"0";"22693,962";"AUROCO00041";"";"01/07/10";"AUROCO"
"
";"T09";"233";"S";"29,33";"22664,632";"AUROCO00042";"";"01/07/10";"AUROCO"
"
";"T09";"234";"S";"29,33";"22635,302";"AUROCO00042";"";"01/07/10";"AUROCO"
"
";"T09";"235";"S";"29,33";"22605,972";"AUROCO00042";"";"01/07/10";"AUROCO"
"
";"T09";"236";"S";"29,33";"22576,642";"AUROCO00042";"";"01/07/10";"AUROCO"
"
";"T09";"237";"S";"29,33";"22547,312";"AUROCO00042";"";"01/07/10";"AUROCO"
"
";"T09";"238";"S";"29,33";"22517,982";"AUROCO00042";"";"01/07/10";"AUROCO"
"
";"T09";"239";"S";"29,33";"22488,652";"AUROCO00042";"";"01/07/10";"AUROCO"
"
";"T09";"240";"S";"29,33";"22459,322";"AUROCO00042";"";"01/07/10";"AUROCO"
"
";"T09";"241";"S";"29,33";"22429,992";"AUROCO00042";"";"01/07/10";"AUROCO"
"
";"T09";"242";"S";"29,33";"22400,662";"AUROCO00042";"";"01/07/10";"AUROCO"
"
";"T09";"243";"S";"29,33";"22371,332";"AUROCO00042";"";"01/07/10";"AUROCO"
"
";"T09";"244";"S";"29,33";"22342,002";"AUROCO00042";"";"01/07/10";"AUROCO"
"
";"T09";"245";"S";"29,33";"22312,672";"AUROCO00042";"";"01/07/10";"AUROCO"
"
";"T09";"246";"S";"29,33";"22283,342";"AUROCO00042";"";"01/07/10";"AUROCO"
"
";"T09";"247";"S";"29,33";"22254,012";"AUROCO00042";"";"01/07/10";"AUROCO"
"
";"T09";"248";"S";"0";"22254,012";"AUROCO00042";"";"01/07/10";"AUROCO"
"
";"T09";"249";"S";"0";"22254,012";"AUROCO00042";"";"01/07/10";"AUROCO"
"
";"T09";"250";"S";"0";"22254,012";"AUROCO00042";"";"01/07/10";"AUROCO"
"
";"T09";"251";"S";"0";"22254,012";"AUROCO00042";"";"01/07/10";"AUROCO"
"
";"T09";"252";"S";"0";"22254,012";"AUROCO00042";"";"01/07/10";"AUROCO"
"
";"T09";"253";"S";"0";"22254,012";"AUROCO00042";"";"01/07/10";"AUROCO"
"
";"T09";"254";"S";"166,67";"22087,342";"AUROCO00043";"";"01/07/10";"AUROCO"
"
";"T09";"255";"S";"166,67";"21920,672";"AUROCO00043";"";"01/07/10";"AUROCO"
"
";"T09";"256";"S";"166,67";"21754,002";"AUROCO00043";"";"01/07/10";"AUROCO"
"
";"T09";"257";"S";"166,67";"21587,332";"AUROCO00043";"";"01/07/10";"AUROCO"
"
";"T09";"258";"S";"166,67";"21420,662";"AUROCO00043";"";"01/07/10";"AUROCO"
"
";"T09";"259";"S";"166,67";"21253,992";"AUROCO00043";"";"01/07/10";"AUROCO"
"
";"T09";"260";"S";"166,67";"21087,322";"AUROCO00043";"";"01/07/10";"AUROCO"
"
";"T09";"261";"S";"166,67";"20920,652";"AUROCO00043";"";"01/07/10";"AUROCO"
"
";"T09";"262";"S";"166,67";"20753,982";"AUROCO00043";"";"01/07/10";"AUROCO"
"
";"T09";"263";"S";"166,67";"20587,312";"AUROCO00043";"";"01/07/10";"AUROCO"
"
";"T09";"264";"S";"0";"20587,312";"AUROCO00043";"";"01/07/10";"AUROCO"
"
";"T09";"265";"S";"0";"20587,312";"AUROCO00043";"";"01/07/10";"AUROCO"
"
";"T09";"266";"S";"0";"20587,312";"AUROCO00043";"";"01/07/10";"AUROCO"
"
";"T09";"267";"S";"0";"20587,312";"AUROCO00043";"";"01/07/10";"AUROCO"
"
";"T09";"268";"S";"0";"20587,312";"AUROCO00043";"";"01/07/10";"AUROCO"
"
";"T09";"269";"S";"166,67";"20420,642";"AUROCO00044";"";"01/07/10";"AUROCO"
"
";"T09";"270";"S";"166,67";"20253,972";"AUROCO00044";"";"01/07/10";"AUROCO"
"
";"T09";"271";"S";"166,67";"20087,302";"AUROCO00044";"";"01/07/10";"AUROCO"
"
";"T09";"272";"S";"166,67";"19920,632";"AUROCO00044";"";"01/07/10";"AUROCO"
"
";"T09";"273";"S";"166,67";"19753,962";"AUROCO00044";"";"01/07/10";"AUROCO"
"
";"T09";"274";"S";"166,67";"19587,292";"AUROCO00044";"";"01/07/10";"AUROCO"
"
";"T09";"275";"S";"166,67";"19420,622";"AUROCO00044";"";"01/07/10";"AUROCO"
"
";"T09";"276";"S";"166,67";"19253,952";"AUROCO00044";"";"01/07/10";"AUROCO"
"
";"T09";"277";"S";"166,67";"19087,282";"AUROCO00044";"";"01/07/10";"AUROCO"
"
";"T09";"278";"S";"166,67";"18920,612";"AUROCO00044";"";"01/07/10";"AUROCO"
"
";"T09";"279";"S";"0";"18920,612";"AUROCO00044";"";"01/07/10";"AUROCO"
"
";"T09";"280";"S";"0";"18920,612";"AUROCO00044";"";"01/07/10";"AUROCO"
"
";"T09";"281";"S";"0";"18920,612";"AUROCO00044";"";"01/07/10";"AUROCO"
"
";"T09";"282";"S";"0";"18920,612";"AUROCO00044";"";"01/07/10";"AUROCO"
"
";"T09";"283";"S";"0";"18920,612";"AUROCO00044";"";"01/07/10";"AUROCO"
"
";"T010";"1";"I";"1209";"1209";"";"";"02/07/10";"AUROCO"
"
";"T010";"2";"S";"29";"1180";"AUROCO00045";"";"02/07/10";"AUROCO"
"
";"T010";"3";"S";"29";"1151";"AUROCO00046";"";"02/07/10";"AUROCO"
"
";"T010";"4";"S";"29";"1122";"AUROCO00046";"";"02/07/10";"AUROCO"
"
";"T010";"5";"S";"29";"1093";"AUROCO00046";"";"02/07/10";"AUROCO"
"
";"T010";"6";"I";"29";"1122";"AUROCO00046";"";"02/07/10";"AUROCO"
"
";"T010";"7";"I";"29";"1151";"AUROCO00046";"";"02/07/10";"AUROCO"
"
";"T010";"8";"I";"29";"1180";"AUROCO00046";"";"02/07/10";"AUROCO"
"
";"T010";"9";"S";"29";"1151";"AUROCO00047";"";"02/07/10";"AUROCO"
"
";"T010";"10";"S";"29";"1122";"AUROCO00047";"";"02/07/10";"AUROCO"
"
";"T010";"11";"S";"29";"1093";"AUROCO00047";"";"02/07/10";"AUROCO"
"
";"T010";"12";"S";"30";"1063";"AUROCO00048";"";"02/07/10";"AUROCO"
"
";"T010";"13";"S";"30";"1033";"AUROCO00048";"";"02/07/10";"AUROCO"
"
";"T00";"3";"S";"2000";"10412,1";"AUROCO00001";"";"21/06/10";"AUROCO"
"
";"T00";"1";"I";"14412,1";"14412,1";"";"";"21/06/10";"AUROCO"
"
";"T00";"4";"S";"2000";"8412,1";"AUROCO00001";"";"21/06/10";"AUROCO"
"
";"T00";"5";"S";"2000";"6412,1";"AUROCO00001";"";"21/06/10";"AUROCO"
"
";"T00";"2";"S";"2000";"12412,1";"AUROCO00000";"";"21/06/10";"AUROCO"
"
";"T00";"6";"S";"2000";"4412,1";"AUROCO00001";"";"21/06/10";"AUROCO"
"
";"T00";"7";"I";"2000";"6412,1";"AUROCO00001";"";"21/06/10";"AUROCO"
"
";"T00";"8";"I";"2000";"8412,1";"AUROCO00001";"";"21/06/10";"AUROCO"
"
";"T00";"9";"I";"2000";"10412,1";"AUROCO00001";"";"21/06/10";"AUROCO"
"
";"T00";"10";"I";"2000";"12412,1";"AUROCO00001";"";"21/06/10";"AUROCO"
"
";"T00";"11";"S";"2000";"10412,1";"AUROCO00002";"";"21/06/10";"AUROCO"
"
";"T00";"12";"S";"2000";"8412,1";"AUROCO00002";"";"21/06/10";"AUROCO"
"
";"T00";"13";"S";"2000";"6412,1";"AUROCO00002";"";"21/06/10";"AUROCO"
"
";"T00";"14";"S";"2000";"4412,1";"AUROCO00002";"";"21/06/10";"AUROCO"
"
";"T01";"2";"S";"1100";"2350";"AUROCO00003";"";"21/06/10";"AUROCO"
"
";"T01";"3";"S";"1650";"700";"AUROCO00003";"";"21/06/10";"AUROCO"
"
";"T01";"1";"I";"3450";"3450";"";"";"21/06/10";"AUROCO"
"
";"T02";"1";"I";"7360";"7360";"";"";"22/06/10";"AUROCO"
"
";"T02";"2";"S";"160";"7200";"AUROCO00004";"";"22/06/10";"AUROCO"
"
";"T02";"3";"S";"160";"7040";"AUROCO00004";"";"22/06/10";"AUROCO"
"
";"T02";"4";"S";"160";"6880";"AUROCO00004";"";"22/06/10";"AUROCO"
"
";"T02";"5";"S";"80";"6800";"AUROCO00004";"";"22/06/10";"AUROCO"
"
";"T02";"6";"I";"40";"6840";"AUROCO00004";"";"22/06/10";"AUROCO"
"
";"T02";"7";"S";"40";"6800";"AUROCO00004";"";"22/06/10";"AUROCO"
"
";"T02";"8";"S";"80";"6720";"AUROCO00004";"";"22/06/10";"AUROCO"
"
";"T02";"9";"S";"200";"6520";"AUROCO00005";"";"22/06/10";"AUROCO"
"
";"T02";"10";"S";"200";"6320";"AUROCO00005";"";"22/06/10";"AUROCO"
"
";"T02";"11";"S";"200";"6120";"AUROCO00005";"";"22/06/10";"AUROCO"
"
";"T02";"12";"S";"200";"5920";"AUROCO00005";"";"22/06/10";"AUROCO"
"
";"T02";"13";"S";"200";"5720";"AUROCO00005";"";"22/06/10";"AUROCO"
"
";"T02";"14";"S";"200";"5520";"AUROCO00005";"";"22/06/10";"AUROCO"
"
";"T02";"15";"S";"200";"5320";"AUROCO00005";"";"22/06/10";"AUROCO"
"
";"T02";"16";"S";"200";"5120";"AUROCO00005";"";"22/06/10";"AUROCO"
"
";"T02";"17";"S";"200";"4920";"AUROCO00005";"";"22/06/10";"AUROCO"
"
";"T02";"18";"S";"200";"4720";"AUROCO00005";"";"22/06/10";"AUROCO"
"
";"T02";"19";"S";"200";"4520";"AUROCO00005";"";"22/06/10";"AUROCO"
"
";"T02";"20";"S";"200";"4320";"AUROCO00005";"";"22/06/10";"AUROCO"
"
";"T02";"21";"S";"40";"4280";"AUROCO00005";"";"22/06/10";"AUROCO"
"
";"T02";"22";"S";"40";"4240";"AUROCO00005";"";"22/06/10";"AUROCO"
"
";"T02";"23";"S";"40";"4200";"AUROCO00005";"";"22/06/10";"AUROCO"
"
";"T02";"24";"S";"40";"4160";"AUROCO00005";"";"22/06/10";"AUROCO"
"
";"T02";"25";"S";"40";"4120";"AUROCO00005";"";"22/06/10";"AUROCO"
"
";"T02";"26";"S";"40";"4080";"AUROCO00005";"";"22/06/10";"AUROCO"
"
";"T02";"27";"S";"40";"4040";"AUROCO00005";"";"22/06/10";"AUROCO"
"
";"T02";"28";"S";"40";"4000";"AUROCO00005";"";"22/06/10";"AUROCO"
"
";"T02";"29";"S";"80";"3920";"AUROCO00005";"";"22/06/10";"AUROCO"
"
";"T02";"30";"S";"80";"3840";"AUROCO00005";"";"22/06/10";"AUROCO"
"
";"T02";"31";"S";"80";"3760";"AUROCO00005";"";"22/06/10";"AUROCO"
"
";"T02";"32";"S";"80";"3680";"AUROCO00005";"";"22/06/10";"AUROCO"
"
";"T03";"1";"I";"270";"270";"";"";"24/06/10";"AUROCO"
"
";"T03";"2";"S";"40";"230";"AUROCO00006";"";"24/06/10";"AUROCO"
"
";"T03";"3";"S";"40";"190";"AUROCO00006";"";"24/06/10";"AUROCO"
"
";"T03";"4";"S";"40";"150";"AUROCO00006";"";"24/06/10";"AUROCO"
"
";"T06";"1";"I";"3585";"3585";"";"";"25/06/10";"AUROCO"
"
";"T07";"19";"I";"38,666";"11415,338";"AUROCO00020";"";"25/06/10";"AUROCO"
"
";"T07";"20";"I";"38,666";"11454,004";"AUROCO00020";"";"25/06/10";"AUROCO"
"
";"T07";"21";"I";"38,666";"11492,67";"AUROCO00020";"";"25/06/10";"AUROCO"
"
";"T07";"22";"I";"38,666";"11531,336";"AUROCO00020";"";"25/06/10";"AUROCO"
"
";"T07";"23";"I";"91,333";"11622,669";"AUROCO00020";"";"25/06/10";"AUROCO"
"
";"T07";"24";"I";"91,333";"11714,002";"AUROCO00020";"";"25/06/10";"AUROCO"
"
";"T07";"25";"S";"19,333";"11694,669";"AUROCO00020";"";"25/06/10";"AUROCO"
"
";"T07";"26";"S";"19,333";"11675,336";"AUROCO00020";"";"25/06/10";"AUROCO"
"
";"T07";"27";"S";"45,666";"11629,67";"AUROCO00020";"";"25/06/10";"AUROCO"
"
";"T07";"28";"S";"45,666";"11584,004";"AUROCO00020";"";"25/06/10";"AUROCO"
"
";"T07";"29";"I";"45,666";"11629,67";"AUROCO00020";"";"25/06/10";"AUROCO"
"
";"T07";"30";"I";"45,666";"11675,336";"AUROCO00020";"";"25/06/10";"AUROCO"
"
";"T07";"31";"S";"19,333";"11656,003";"AUROCO00020";"";"25/06/10";"AUROCO"
"
";"T07";"32";"S";"19,333";"11636,67";"AUROCO00020";"";"25/06/10";"AUROCO"
"
";"T07";"33";"S";"45,666";"11591,004";"AUROCO00020";"";"25/06/10";"AUROCO"
"
";"T07";"34";"S";"45,666";"11545,338";"AUROCO00020";"";"25/06/10";"AUROCO"
"
";"T07";"35";"S";"20";"11525,338";"AUROCO00023";"";"25/06/10";"AUROCO"
"
";"T07";"36";"S";"20";"11505,338";"AUROCO00023";"";"25/06/10";"AUROCO"
"
";"T07";"37";"S";"20";"11485,338";"AUROCO00023";"";"25/06/10";"AUROCO"
"
";"T07";"38";"S";"20";"11465,338";"AUROCO00023";"";"25/06/10";"AUROCO"
"
";"T07";"39";"S";"20";"11445,338";"AUROCO00023";"";"25/06/10";"AUROCO"
"
";"T07";"40";"S";"20";"11425,338";"AUROCO00023";"";"25/06/10";"AUROCO"
"
";"T07";"41";"S";"20";"11405,338";"AUROCO00023";"";"25/06/10";"AUROCO"
"
";"T07";"42";"S";"40";"11365,338";"AUROCO00023";"";"25/06/10";"AUROCO"
"
";"T07";"43";"S";"20";"11345,338";"AUROCO00023";"";"25/06/10";"AUROCO"
"
";"T07";"44";"S";"20";"11325,338";"AUROCO00023";"";"25/06/10";"AUROCO"
"
";"T07";"45";"S";"20";"11305,338";"AUROCO00023";"";"25/06/10";"AUROCO"
"
";"T07";"46";"S";"20";"11285,338";"AUROCO00023";"";"25/06/10";"AUROCO"
"
";"T07";"47";"S";"40";"11245,338";"AUROCO00023";"";"25/06/10";"AUROCO"
"
";"T07";"48";"S";"40";"11205,338";"AUROCO00023";"";"25/06/10";"AUROCO"
"
";"T07";"49";"S";"40";"11165,338";"AUROCO00023";"";"25/06/10";"AUROCO"
"
";"T07";"50";"S";"0";"11165,338";"AUROCO00024";"";"25/06/10";"AUROCO"
"
";"T07";"51";"S";"0";"11165,338";"AUROCO00024";"";"25/06/10";"AUROCO"
"
";"T07";"52";"S";"0";"11165,338";"AUROCO00024";"";"25/06/10";"AUROCO"
"
";"T07";"53";"S";"0";"11165,338";"AUROCO00024";"";"25/06/10";"AUROCO"
"
";"T07";"54";"S";"0";"11165,338";"AUROCO00024";"";"25/06/10";"AUROCO"
"
";"T07";"55";"S";"0";"11165,338";"AUROCO00024";"";"25/06/10";"AUROCO"
"
";"T07";"56";"S";"0";"11165,338";"AUROCO00024";"";"25/06/10";"AUROCO"
"
";"T07";"57";"S";"0";"11165,338";"AUROCO00024";"";"25/06/10";"AUROCO"
"
";"T07";"58";"S";"0";"11165,338";"AUROCO00024";"";"25/06/10";"AUROCO"
"
";"T07";"59";"S";"0";"11165,338";"AUROCO00024";"";"25/06/10";"AUROCO"
"
";"T07";"66";"S";"19,333";"10966,005";"AUROCO00025";"";"25/06/10";"AUROCO"
"
";"T07";"67";"S";"19,333";"10946,672";"AUROCO00025";"";"25/06/10";"AUROCO"
"
";"T07";"68";"S";"19,333";"10927,339";"AUROCO00025";"";"25/06/10";"AUROCO"
"
";"T07";"69";"S";"19,333";"10908,006";"AUROCO00025";"";"25/06/10";"AUROCO"
"
";"T07";"70";"S";"19,333";"10888,673";"AUROCO00025";"";"25/06/10";"AUROCO"
"
";"T07";"71";"S";"19,333";"10869,34";"AUROCO00025";"";"25/06/10";"AUROCO"
"
";"T07";"72";"S";"19,333";"10850,007";"AUROCO00025";"";"25/06/10";"AUROCO"
"
";"T07";"73";"S";"38,666";"10811,341";"AUROCO00025";"";"25/06/10";"AUROCO"
"
";"T07";"74";"S";"19,333";"10792,008";"AUROCO00025";"";"25/06/10";"AUROCO"
"
";"T07";"75";"S";"19,333";"10772,675";"AUROCO00025";"";"25/06/10";"AUROCO"
"
";"T07";"76";"S";"19,333";"10753,342";"AUROCO00025";"";"25/06/10";"AUROCO"
"
";"T07";"77";"S";"19,333";"10734,009";"AUROCO00025";"";"25/06/10";"AUROCO"
"
";"T07";"78";"S";"19,333";"10714,676";"AUROCO00025";"";"25/06/10";"AUROCO"
"
";"T07";"79";"S";"19,333";"10695,343";"AUROCO00025";"";"25/06/10";"AUROCO"
"
";"T07";"80";"S";"19,333";"10676,01";"AUROCO00025";"";"25/06/10";"AUROCO"
"
";"T07";"81";"S";"19,333";"10656,677";"AUROCO00025";"";"25/06/10";"AUROCO"
"
";"T07";"82";"S";"19,333";"10637,344";"AUROCO00025";"";"25/06/10";"AUROCO"
"
";"T07";"83";"S";"19,333";"10618,011";"AUROCO00025";"";"25/06/10";"AUROCO"
"
";"T07";"84";"S";"19,333";"10598,678";"AUROCO00025";"";"25/06/10";"AUROCO"
"
";"T07";"85";"S";"38,666";"10560,012";"AUROCO00025";"";"25/06/10";"AUROCO"
"
";"T07";"86";"S";"19,333";"10540,679";"AUROCO00025";"";"25/06/10";"AUROCO"
"
";"T07";"87";"S";"19,333";"10521,346";"AUROCO00025";"";"25/06/10";"AUROCO"
"
";"T07";"88";"S";"19,333";"10502,013";"AUROCO00025";"";"25/06/10";"AUROCO"
"
";"T07";"89";"S";"19,333";"10482,68";"AUROCO00025";"";"25/06/10";"AUROCO"
"
";"T07";"90";"S";"45,666";"10437,014";"AUROCO00025";"";"25/06/10";"AUROCO"
"
";"T07";"91";"S";"45,666";"10391,348";"AUROCO00025";"";"25/06/10";"AUROCO"
"
";"T07";"92";"S";"45,666";"10345,682";"AUROCO00025";"";"25/06/10";"AUROCO"
"
";"T07";"93";"S";"45,666";"10300,016";"AUROCO00025";"";"25/06/10";"AUROCO"
"
";"T07";"94";"S";"45,666";"10254,35";"AUROCO00025";"";"25/06/10";"AUROCO"
"
";"T07";"95";"S";"45,666";"10208,684";"AUROCO00025";"";"25/06/10";"AUROCO"
"
";"T07";"96";"S";"45,666";"10163,018";"AUROCO00025";"";"25/06/10";"AUROCO"
"
";"T07";"97";"S";"91,332";"10071,686";"AUROCO00025";"";"25/06/10";"AUROCO"
"
";"T07";"98";"S";"45,666";"10026,02";"AUROCO00025";"";"25/06/10";"AUROCO"
"
";"T07";"99";"S";"45,666";"9980,354";"AUROCO00025";"";"25/06/10";"AUROCO"
"
";"T07";"100";"S";"45,666";"9934,688";"AUROCO00025";"";"25/06/10";"AUROCO"
"
";"T07";"101";"S";"45,666";"9889,022";"AUROCO00025";"";"25/06/10";"AUROCO"
"
";"T07";"102";"S";"91,332";"9797,69";"AUROCO00025";"";"25/06/10";"AUROCO"
"
";"T07";"103";"S";"91,332";"9706,358";"AUROCO00025";"";"25/06/10";"AUROCO"
"
";"T07";"104";"S";"91,332";"9615,026";"AUROCO00025";"";"25/06/10";"AUROCO"
"
";"T07";"105";"S";"720";"8895,026";"AUROCO00026";"";"25/06/10";"AUROCO"
"
";"T07";"106";"S";"360";"8535,026";"AUROCO00026";"";"25/06/10";"AUROCO"
"
";"T07";"107";"S";"720";"7815,026";"AUROCO00026";"";"25/06/10";"AUROCO"
"
";"T07";"108";"S";"0";"7815,026";"AUROCO00027";"";"25/06/10";"AUROCO"
"
";"T07";"109";"S";"0";"7815,026";"AUROCO00027";"";"25/06/10";"AUROCO"
"
";"T07";"110";"S";"0";"7815,026";"AUROCO00027";"";"25/06/10";"AUROCO"
"
";"T07";"111";"S";"0";"7815,026";"AUROCO00027";"";"25/06/10";"AUROCO"
"
";"T07";"112";"S";"0";"7815,026";"AUROCO00027";"";"25/06/10";"AUROCO"
"
";"T07";"113";"S";"0";"7815,026";"AUROCO00027";"";"25/06/10";"AUROCO"
"
";"T07";"114";"S";"0";"7815,026";"AUROCO00027";"";"25/06/10";"AUROCO"
"
";"T07";"115";"S";"0";"7815,026";"AUROCO00027";"";"25/06/10";"AUROCO"
"
";"T07";"116";"S";"0";"7815,026";"AUROCO00027";"";"25/06/10";"AUROCO"
"
";"T07";"117";"S";"0";"7815,026";"AUROCO00027";"";"25/06/10";"AUROCO"
"
";"T07";"118";"S";"300";"7515,026";"AUROCO00027";"";"25/06/10";"AUROCO"
"
";"T07";"119";"S";"300";"7215,026";"AUROCO00027";"";"25/06/10";"AUROCO"
"
";"T07";"120";"S";"300";"6915,026";"AUROCO00027";"";"25/06/10";"AUROCO"
"
";"T07";"121";"I";"300";"7215,026";"AUROCO00027";"";"25/06/10";"AUROCO"
"
";"T07";"122";"I";"300";"7515,026";"AUROCO00027";"";"25/06/10";"AUROCO"
"
";"T07";"123";"I";"300";"7815,026";"AUROCO00027";"";"25/06/10";"AUROCO"
"
";"T07";"124";"S";"199,998";"7615,028";"AUROCO00027";"";"25/06/10";"AUROCO"
"
";"T07";"125";"S";"199,998";"7415,03";"AUROCO00027";"";"25/06/10";"AUROCO"
"
";"T07";"126";"S";"199,998";"7215,032";"AUROCO00027";"";"25/06/10";"AUROCO"
"
";"T07";"127";"S";"66,666";"7148,366";"AUROCO00027";"";"25/06/10";"AUROCO"
"
";"T07";"128";"S";"66,666";"7081,7";"AUROCO00027";"";"25/06/10";"AUROCO"
"
";"T07";"129";"S";"66,666";"7015,034";"AUROCO00027";"";"25/06/10";"AUROCO"
"
";"T07";"130";"S";"83,333";"6931,701";"AUROCO00028";"";"25/06/10";"AUROCO"
"
";"T07";"131";"S";"83,333";"6848,368";"AUROCO00028";"";"25/06/10";"AUROCO"
"
";"T07";"132";"S";"83,333";"6765,035";"AUROCO00028";"";"25/06/10";"AUROCO"
"
";"T07";"133";"S";"83,333";"6681,702";"AUROCO00028";"";"25/06/10";"AUROCO"
"
";"T07";"134";"S";"83,333";"6598,369";"AUROCO00028";"";"25/06/10";"AUROCO"
"
";"T07";"135";"S";"83,333";"6515,036";"AUROCO00028";"";"25/06/10";"AUROCO"
"
";"T07";"136";"S";"83,333";"6431,703";"AUROCO00028";"";"25/06/10";"AUROCO"
"
";"T07";"137";"S";"166,666";"6265,037";"AUROCO00028";"";"25/06/10";"AUROCO"
"
";"T07";"138";"S";"83,333";"6181,704";"AUROCO00028";"";"25/06/10";"AUROCO"
"
";"T07";"139";"S";"83,333";"6098,371";"AUROCO00028";"";"25/06/10";"AUROCO"
"
";"T07";"140";"S";"83,333";"6015,038";"AUROCO00028";"";"25/06/10";"AUROCO"
"
";"T07";"141";"S";"83,333";"5931,705";"AUROCO00028";"";"25/06/10";"AUROCO"
"
";"T07";"142";"S";"216,666";"5715,039";"AUROCO00028";"";"25/06/10";"AUROCO"
"
";"T07";"143";"S";"216,666";"5498,373";"AUROCO00028";"";"25/06/10";"AUROCO"
"
";"T07";"144";"S";"216,666";"5281,707";"AUROCO00028";"";"25/06/10";"AUROCO"
"
";"T07";"145";"S";"216,666";"5065,041";"AUROCO00028";"";"25/06/10";"AUROCO"
"
";"T07";"146";"S";"216,666";"4848,375";"AUROCO00028";"";"25/06/10";"AUROCO"
"
";"T07";"147";"S";"216,666";"4631,709";"AUROCO00028";"";"25/06/10";"AUROCO"
"
";"T07";"148";"S";"216,666";"4415,043";"AUROCO00028";"";"25/06/10";"AUROCO"
"
";"T07";"149";"S";"433,332";"3981,711";"AUROCO00028";"";"25/06/10";"AUROCO"
"
";"T07";"150";"S";"216,666";"3765,045";"AUROCO00028";"";"25/06/10";"AUROCO"
"
";"T07";"151";"S";"216,666";"3548,379";"AUROCO00028";"";"25/06/10";"AUROCO"
"
";"T07";"152";"S";"216,666";"3331,713";"AUROCO00028";"";"25/06/10";"AUROCO"
"
";"T07";"153";"S";"216,666";"3115,047";"AUROCO00028";"";"25/06/10";"AUROCO"
"
";"T07";"154";"S";"0";"3115,047";"AUROCO00028";"";"25/06/10";"AUROCO"
"
";"T07";"155";"S";"0";"3115,047";"AUROCO00028";"";"25/06/10";"AUROCO"
"
";"T07";"156";"S";"0";"3115,047";"AUROCO00028";"";"25/06/10";"AUROCO"
"
";"T07";"157";"S";"0";"3115,047";"AUROCO00028";"";"25/06/10";"AUROCO"
"
";"T07";"158";"S";"0";"3115,047";"AUROCO00028";"";"25/06/10";"AUROCO"
"
";"T07";"159";"S";"0";"3115,047";"AUROCO00028";"";"25/06/10";"AUROCO"
"
";"T08";"3";"S";"90";"6530";"AUROCO00029";"";"30/06/10";"AUROCO"
"
";"T08";"4";"S";"90";"6440";"AUROCO00029";"";"30/06/10";"AUROCO"
"
";"T08";"5";"S";"90";"6350";"AUROCO00029";"";"30/06/10";"AUROCO"
"
";"T08";"6";"S";"90";"6260";"AUROCO00029";"";"30/06/10";"AUROCO"
"
";"T08";"1";"I";"6710";"6710";"";"";"30/06/10";"AUROCO"
"
";"T08";"2";"S";"90";"6620";"AUROCO00029";"";"30/06/10";"AUROCO"
"
";"T08";"7";"S";"90";"6170";"AUROCO00029";"";"30/06/10";"AUROCO"
"
";"T08";"8";"S";"90";"6080";"AUROCO00029";"";"30/06/10";"AUROCO"
"
";"T08";"9";"S";"90";"5990";"AUROCO00029";"";"30/06/10";"AUROCO"
"
";"T08";"10";"S";"90";"5900";"AUROCO00029";"";"30/06/10";"AUROCO"
"
";"T08";"11";"S";"90";"5810";"AUROCO00029";"";"30/06/10";"AUROCO"
"
";"T08";"12";"S";"90";"5720";"AUROCO00029";"";"30/06/10";"AUROCO"
"
";"T08";"13";"S";"22";"5698";"AUROCO00030";"";"30/06/10";"AUROCO"
"
";"T08";"14";"S";"22";"5676";"AUROCO00030";"";"30/06/10";"AUROCO"
"
";"T08";"15";"S";"22";"5654";"AUROCO00030";"";"30/06/10";"AUROCO"
"
";"T08";"16";"S";"22";"5632";"AUROCO00030";"";"30/06/10";"AUROCO"
"
";"T08";"17";"S";"22";"5610";"AUROCO00030";"";"30/06/10";"AUROCO"
"
";"T08";"18";"S";"22";"5588";"AUROCO00030";"";"30/06/10";"AUROCO"
"
";"T08";"19";"S";"22";"5566";"AUROCO00030";"";"30/06/10";"AUROCO"
"
";"T08";"20";"S";"0";"5566";"AUROCO00030";"";"30/06/10";"AUROCO"
"
";"T08";"21";"S";"0";"5566";"AUROCO00030";"";"30/06/10";"AUROCO"
"
";"T08";"22";"S";"0";"5566";"AUROCO00030";"";"30/06/10";"AUROCO"
"
";"T08";"23";"S";"0";"5566";"AUROCO00030";"";"30/06/10";"AUROCO"
"
";"T08";"24";"S";"0";"5566";"AUROCO00030";"";"30/06/10";"AUROCO"
"
";"T08";"25";"S";"0";"5566";"AUROCO00030";"";"30/06/10";"AUROCO"
"
";"T08";"26";"S";"0";"5566";"AUROCO00030";"";"30/06/10";"AUROCO"
"
";"T08";"27";"I";"0";"5566";"AUROCO00030";"";"30/06/10";"AUROCO"
"
";"T08";"28";"S";"0";"5566";"AUROCO00030";"";"30/06/10";"AUROCO"
"
";"T07";"160";"I";"45,666";"3160,713";"AUROCO00025";"";"30/06/10";"AUROCO"
"
";"T07";"161";"I";"45,666";"3206,379";"AUROCO00025";"";"30/06/10";"AUROCO"
"
";"T07";"162";"I";"45,666";"3252,045";"AUROCO00025";"";"30/06/10";"AUROCO"
"
";"T07";"163";"I";"45,666";"3297,711";"AUROCO00025";"";"30/06/10";"AUROCO"
"
";"T07";"164";"I";"45,666";"3343,377";"AUROCO00025";"";"30/06/10";"AUROCO"
"
";"T07";"165";"I";"45,666";"3389,043";"AUROCO00025";"";"30/06/10";"AUROCO"
"
";"T07";"166";"I";"45,666";"3434,709";"AUROCO00025";"";"30/06/10";"AUROCO"
"
";"T07";"167";"I";"91,332";"3526,041";"AUROCO00025";"";"30/06/10";"AUROCO"
"
";"T07";"168";"I";"45,666";"3571,707";"AUROCO00025";"";"30/06/10";"AUROCO"
"
";"T07";"169";"I";"45,666";"3617,373";"AUROCO00025";"";"30/06/10";"AUROCO"
