"EDITAR";"C_ORDEN";"N_MOVIMIENTO";"TIPO";"DESCRIPCION";"PORCENTAJE";"MONTO";"TOTAL";"FECHA";
"
";"AUROCO00675";"0";"DESC";"CUMPLIMIENTO";"2";"285";"13965";"28/02/11"
"
";"AUROCO00675";"1";"DESC";"CONT. MULTIMEDIO";"3,15";"439,8975";"13525,1025";"28/02/11"
"
";"AUROCO00675";"3";"DESC";"COM. AGENCIA";"15";"1724,45056875";"9771,88655625";"28/02/11"
"
";"AUROCO00675";"4";"CARG";"CREDITO";",64";"62,54007396";"9834,42663021";"28/02/11"
"
";"AUROCO00628";"1";"DESC";"VOLUMEN DE COMPRA";"15";"3327,66";"18856,74";"28/01/11"
"
";"AUROCO00628";"2";"DESC";"COM. AGENCIA";"15";"2828,511";"16028,229";"28/01/11"
"
";"AUROCO00628";"0";"DESC";"CONT. MULTIMEDIO";"2,7";"615,6";"22184,4";"28/01/11"
"
";"AUROCO00628";"3";"CARG";"CREDITO";"1,45";"232,4093205";"16260,6383205";"28/01/11"
"
";"AUROCO00629";"1";"DESC";"VOLUMEN DE COMPRA";"15";"3327,66";"18856,74";"28/01/11"
"
";"AUROCO00629";"2";"DESC";"COM. AGENCIA";"15";"2828,511";"16028,229";"28/01/11"
"
";"AUROCO00629";"0";"DESC";"CONT. MULTIMEDIO";"2,7";"615,6";"22184,4";"28/01/11"
"
";"AUROCO00629";"3";"CARG";"CREDITO";"1,45";"232,4093205";"16260,6383205";"28/01/11"
"
";"AUROCO00730";"0";"DESC";"COM. AGENCIA";"15";"997,5";"5652,5";"16/02/11"
"
";"AUROCO00696";"0";"DESC";"COM. AGENCIA";"15";"1282,5";"7267,5";"03/02/11"
"
";"AUROCO00696";"1";"CARG";"CREDITO";"1,45";"105,37875";"7372,87875";"03/02/11"
"
";"AUROCO00730";"1";"CARG";"CREDITO";",64";"36,176";"5688,676";"16/02/11"
"
";"AUROCO00749";"0";"DESC";"COM. AGENCIA";"15";"112,05";"634,95";"21/02/11"
"
";"AUROCO00749";"1";"CARG";"CREDITO";",64";"4,06368";"639,01368";"21/02/11"
"
";"AUROCO00750";"0";"DESC";"COM. AGENCIA";"15";"112,05";"634,95";"21/02/11"
"
";"AUROCO00750";"1";"CARG";"COM. AGENCIA";",64";"4,06368";"639,01368";"21/02/11"
"
";"AUROCO00626";"0";"DESC";"VOLUMEN DE COMPRA";"11";"1567,5";"12682,5";"21/02/11"
"
";"AUROCO00626";"1";"DESC";"COM. AGENCIA";"15";"1902,375";"10780,125";"21/02/11"
"
";"AUROCO00626";"2";"CARG";"CREDITO";",64";"68,9928";"10849,1178";"21/02/11"
"
";"AUROCO00790";"1";"DESC";"CONT. MULTIMEDIO";"3,15";"1514,1735";"46554,8265";"25/02/11"
"
";"AUROCO00790";"2";"DESC";"UNIPRODUCTO";"15";"6983,223975";"39571,602525";"25/02/11"
"
";"AUROCO00790";"0";"DESC";"CUMPLIMIENTO";"2";"981";"48069";"25/02/11"
"
";"AUROCO00790";"3";"DESC";"COM. AGENCIA";"15";"5935,74037875";"33635,86214625";"25/02/11"
"
";"AUROCO00790";"4";"CARG";"CREDITO";",64";"215,269517736";"33851,131663986";"25/02/11"
"
";"AUROCO00791";"0";"DESC";"CUMPLIMIENTO";"2";"456";"22344";"25/02/11"
"
";"AUROCO00791";"1";"DESC";"CONT. MULTIMEDIO";"3,15";"703,836";"21640,164";"25/02/11"
"
";"AUROCO00791";"2";"DESC";"UNIPRODUCTO";"15";"3246,0246";"18394,1394";"25/02/11"
"
";"AUROCO00791";"3";"DESC";"COM. AGENCIA";"15";"2759,12091";"15635,01849";"25/02/11"
"
";"AUROCO00791";"4";"CARG";"CREDITO";",64";"100,064118336";"15735,082608336";"25/02/11"
"
";"AUROCO00715";"2";"DESC";"UNIPRODUCTO";"15";"4189,934385";"23742,961515";"28/02/11"
"
";"AUROCO00715";"0";"DESC";"CUMPLIMIENTO";"2";"588,6";"28841,4";"28/02/11"
"
";"AUROCO00715";"1";"DESC";"CONT. MULTIMEDIO";"3,15";"908,5041";"27932,8959";"28/02/11"
"
";"AUROCO00715";"3";"DESC";"COM. AGENCIA";"15";"3561,44422725";"20181,51728775";"28/02/11"
"
";"AUROCO00715";"4";"CARG";"CREDITO";",64";"129,1617106416";"20310,6789983916";"28/02/11"
"
";"AUROCO00716";"0";"DESC";"CUMPLIMIENTO";"2";"342";"16758";"28/02/11"
"
";"AUROCO00716";"2";"DESC";"UNIPRODUCTO";"15";"2434,51845";"13795,60455";"28/02/11"
"
";"AUROCO00716";"3";"DESC";"COM. AGENCIA";"15";"2069,3406825";"11726,2638675";"28/02/11"
"
";"AUROCO00716";"1";"DESC";"CONT. MULTIMEDIO";"3,15";"527,877";"16230,123";"28/02/11"
"
";"AUROCO00716";"4";"CARG";"CREDITO";",64";"75,048088752";"11801,311956252";"28/02/11"
"
";"AUROCO00817";"0";"DESC";"CUMPLIMIENTO";"2";"686,7";"33648,3";"15/03/11"
"
";"AUROCO00817";"1";"DESC";"CONT. MULTIMEDIO";"3,15";"1059,92145";"32588,37855";"15/03/11"
"
";"AUROCO00817";"2";"DESC";"UNIPRODUCTO";"15";"4888,2567825";"27700,1217675";"15/03/11"
"
";"AUROCO00817";"3";"DESC";"COM. AGENCIA";"15";"4155,018265125";"23545,103502375";"15/03/11"
"
";"AUROCO00817";"4";"CARG";"CREDITO";",64";"150,6886624152";"23695,7921647902";"15/03/11"
"
";"AUROCO00818";"0";"DESC";"CUMPLIMIENTO";"2";"513";"25137";"15/03/11"
"
";"AUROCO00818";"1";"DESC";"CONT. MULTIMEDIO";"3,15";"791,8155";"24345,1845";"15/03/11"
"
";"AUROCO00818";"2";"DESC";"UNIPRODUCTO";"15";"3651,777675";"20693,406825";"15/03/11"
"
";"AUROCO00818";"3";"DESC";"COM. AGENCIA";"15";"3104,01102375";"17589,39580125";"15/03/11"
"
";"AUROCO00818";"4";"CARG";"CREDITO";",64";"112,572133128";"17701,967934378";"15/03/11"
"
";"AUROCO00820";"0";"DESC";"VOLUMEN DE COMPRA";"11";"642,4";"5197,6";"17/03/11"
"
";"AUROCO00820";"1";"DESC";"COM. AGENCIA";"15";"779,64";"4417,96";"17/03/11"
"
";"AUROCO00820";"2";"CARG";"CREDITO";",64";"28,274944";"4446,234944";"17/03/11"
"
";"AUROCO00834";"1";"DESC";"VOLUMEN DE COMPRA";"15";"3327,66";"18856,74";"12/04/11"
"
";"AUROCO00827";"0";"DESC";"COM. AGENCIA";"15";"2614,5";"14815,5";"17/03/11"
"
";"AUROCO00827";"1";"CARG";"CREDITO";",64";"94,8192";"14910,3192";"17/03/11"
"
";"AUROCO00834";"2";"DESC";"COM. AGENCIA";"15";"2828,511";"16028,229";"12/04/11"
"
";"AUROCO00834";"0";"DESC";"CONT. MULTIMEDIO";"2,7";"615,6";"22184,4";"12/04/11"
"
";"AUROCO00834";"3";"CARG";"CREDITO";"1,45";"232,4093205";"16260,6383205";"12/04/11"
"
";"AUROCO00836";"1";"DESC";"VOLUMEN DE COMPRA";"15";"3327,66";"18856,74";"12/04/11"
"
";"AUROCO00836";"0";"DESC";"CONT. MULTIMEDIO";"2,7";"615,6";"22184,4";"12/04/11"
"
";"AUROCO00933";"0";"DESC";"COM. AGENCIA";"15";"298,8";"1693,2";"27/04/11"
"
";"AUROCO00836";"2";"DESC";"COM. AGENCIA";"15";"2828,511";"16028,229";"12/04/11"
"
";"AUROCO00879";"0";"DESC";"CUMPLIMIENTO";"2";"686,7";"33648,3";"30/03/11"
"
";"AUROCO00879";"1";"DESC";"CONT. MULTIMEDIO";"3,15";"1059,92145";"32588,37855";"30/03/11"
"
";"AUROCO00879";"2";"DESC";"UNIPRODUCTO";"15";"4888,2567825";"27700,1217675";"30/03/11"
"
";"AUROCO00879";"3";"DESC";"COM. AGENCIA";"15";"4155,018265125";"23545,103502375";"30/03/11"
"
";"AUROCO00879";"4";"CARG";"CREDITO";",64";"150,6886624152";"23695,7921647902";"30/03/11"
"
";"AUROCO00859";"0";"DESC";"VOLUMEN DE COMPRA";"11";"843,15";"6821,85";"07/04/11"
"
";"AUROCO00859";"1";"DESC";"COM. AGENCIA";"15";"1023,2775";"5798,5725";"07/04/11"
"
";"AUROCO00859";"2";"CARG";"CREDITO";",64";"37,110864";"5835,683364";"07/04/11"
"
";"AUROCO00860";"0";"DESC";"VOLUMEN DE COMPRA";"11";"240,9";"1949,1";"07/04/11"
"
";"AUROCO00860";"1";"DESC";"COM. AGENCIA";"15";"292,365";"1656,735";"07/04/11"
"
";"AUROCO00860";"2";"CARG";"CREDITO";",64";"10,603104";"1667,338104";"07/04/11"
"
";"AUROCO00836";"3";"CARG";"CREDITO";"1,45";"232,4093205";"16260,6383205";"12/04/11"
"
";"AUROCO00933";"1";"CARG";"CREDITO";",64";"10,83648";"1704,03648";"27/04/11"
"
";"AUROCO00974";"1";"DESC";"CONT. MULTIMEDIO";"3,15";"1059,92145";"32588,37855";"12/05/11"
"
";"AUROCO00974";"2";"DESC";"UNIPRODUCTO";"15";"4888,2567825";"27700,1217675";"12/05/11"
"
";"AUROCO00974";"0";"DESC";"CUMPLIMIENTO";"2";"686,7";"33648,3";"12/05/11"
"
";"AUROCO00974";"3";"DESC";"COM. AGENCIA";"15";"4155,018265125";"23545,103502375";"12/05/11"
"
";"AUROCO00974";"4";"CARG";"CREDITO";",64";"150,6886624152";"23695,7921647902";"12/05/11"
"
";"AUROCO01020";"0";"DESC";"COMISION AGENCIA";"15";"450";"2550";"02/06/11"
"
";"AUROCO01229";"0";"DESC";"COM. AGENCIA";"15";"641,25";"3633,75";"02/08/11"
"
";"AUROCO01229";"1";"CARG";"CREDITO";",64";"23,256";"3657,006";"02/08/11"
"
";"AUROCO01498";"0";"DESC";"COM. AGENCIA";"15";"224,1";"1269,9";"18/10/11"
"
";"AUROCO01475";"0";"DESC";"COM. AGENC.";"15";"672,3";"3809,7";"12/10/11"
"
";"AUROCO01498";"1";"CARG";"CREDITO";",64";"8,12736";"1278,02736";"18/10/11"
"
";"AUROCO01475";"1";"CARG";"CREDITO";",64";"24,38208";"3834,08208";"12/10/11"
"
";"AUROCO01510";"0";"DESC";"VOLUMEN DE COMPRA";"11";"321,2";"2598,8";"18/10/11"
"
";"AUROCO01510";"1";"DESC";"COM AGENCIA";"15";"389,82";"2208,98";"18/10/11"
"
";"AUROCO01510";"2";"CARG";"CREDITO";",64";"14,137472";"2223,117472";"18/10/11"
"
";"AUROCO01511";"0";"DESC";"VOLUMEN DE COMPRA";"11";"321,2";"2598,8";"18/10/11"
"
";"AUROCO01511";"1";"DESC";"COM AGENCIA";"15";"389,82";"2208,98";"18/10/11"
"
";"AUROCO01511";"2";"CARG";"CREDITO";",64";"14,137472";"2223,117472";"18/10/11"
"
";"AUROCO01586";"0";"DESC";"COM. AGENCIA";"15";"1282,5";"7267,5";"07/11/11"
"
";"AUROCO01586";"1";"CARG";"CREDITO";",64";"46,512";"7314,012";"07/11/11"
"
";"AUROCO01634";"0";"DESC";"VOLUMEN DE COMPRA";"11";"642,4";"5197,6";"16/11/11"
"
";"AUROCO01542";"0";"DESC";"VOLUMEN DE COMPRA";"11";"1045";"8455";"24/10/11"
"
";"AUROCO01542";"1";"DESC";"COM. AGENCIA";"15";"1268,25";"7186,75";"24/10/11"
"
";"AUROCO01542";"2";"CARG";"CREDITO";",64";"45,9952";"7232,7452";"24/10/11"
"
";"AUROCO01560";"0";"DESC";"COM. AGENCIA";"15";"1710";"9690";"27/10/11"
"
";"AUROCO01560";"1";"CARG";"CREDITO";",64";"62,016";"9752,016";"27/10/11"
"
";"AUROCO01585";"0";"DESC";"COM. AGENCIA";"15";"1282,5";"7267,5";"07/11/11"
"
";"AUROCO01585";"1";"CARG";"CREDITO";",64";"46,512";"7314,012";"07/11/11"
"
";"AUROCO01634";"1";"DESC";"COM AGENCIA";"15";"779,64";"4417,96";"16/11/11"
"
";"AUROCO01634";"2";"CARG";"CREDITO";",64";"28,274944";"4446,234944";"16/11/11"
"
";"AUROCO01635";"0";"DESC";"VOLUMEN DE COMPRA";"11";"321,2";"2598,8";"01/12/11"
"
";"AUROCO01635";"1";"DESC";"COM AGENCIA";"15";"389,82";"2208,98";"01/12/11"
"
";"AUROCO01635";"2";"CARG";"CREDITO";",64";"14,137472";"2223,117472";"01/12/11"
"
";"AUROCO01636";"0";"DESC";"VOLUMEN DE COMPRA";"11";"321,2";"2598,8";"16/11/11"
"
";"AUROCO01636";"1";"DESC";"COM AGENCIA";"15";"389,82";"2208,98";"16/11/11"
"
";"AUROCO01636";"2";"CARG";"CREDITO";",64";"14,137472";"2223,117472";"16/11/11"
"
";"AUROCO01716";"0";"DESC";"COM. AGENCIA";"15";"427,5";"2422,5";"25/11/11"
"
";"AUROCO01716";"1";"CARG";"CREDITO";",64";"15,504";"2438,004";"25/11/11"
"
";"AUROCO01717";"0";"DESC";"COM. AGENCIA";"15";"427,5";"2422,5";"25/11/11"
"
";"AUROCO01717";"1";"CARG";"CREDITO";",64";"15,504";"2438,004";"25/11/11"
"
";"AUROCO01731";"0";"DESC";"VOLUMEN DE COMPRA";"11";"321,2";"2598,8";"29/11/11"
"
";"AUROCO01731";"1";"DESC";"COM AGENCIA";"15";"389,82";"2208,98";"29/11/11"
"
";"AUROCO01731";"2";"CARG";"CREDITO";",64";"14,137472";"2223,117472";"29/11/11"
"
";"AUROCO01732";"1";"DESC";"COM AGENCIA";"15";"779,64";"4417,96";"01/12/11"
"
";"AUROCO01732";"2";"CARG";"CREDITO";",64";"28,274944";"4446,234944";"01/12/11"
"
";"AUROCO01732";"0";"DESC";"VOLUMEN DE COMPRA";"11";"642,4";"5197,6";"01/12/11"
"
";"AUROCO01733";"0";"DESC";"VOLUMEN DE COMPRA";"11";"321,2";"2598,8";"29/11/11"
"
";"AUROCO01733";"1";"DESC";"COM AGENCIA";"15";"389,82";"2208,98";"29/11/11"
"
";"AUROCO01733";"2";"CARG";"CREDITO";",64";"14,137472";"2223,117472";"29/11/11"
"
";"AUROCO01779";"0";"DESC";"COM. AGENCIA";"15";"855";"4845";"07/12/11"
"
";"AUROCO01779";"1";"CARG";"CREDITO";",64";"31,008";"4876,008";"07/12/11"
"
";"AUROCO01821";"0";"DESC";"COM. AGENCIA";"15";"954,9";"5411,1";"16/01/12"
"
";"AUROCO01821";"1";"CARG";"CREDITO";",64";"34,63104";"5445,73104";"16/01/12"
"
";"AUROCO01822";"0";"DESC";"COM. AGENCIA";"15";"477,45";"2705,55";"16/01/12"
"
";"AUROCO01822";"1";"CARG";"CREDITO";",64";"17,31552";"2722,86552";"16/01/12"
"
";"AUROCO01921";"0";"DESC";"COM. AGENCIA";"15";"940,8";"5331,2";"02/02/12"
"
";"AUROCO01921";"1";"CARG";"CREDITO";",64";"34,11968";"5365,31968";"02/02/12"
"
";"AUROCO01930";"0";"DESC";"COM. AGENCIA";"15";"627";"3553";"07/02/12"
"
";"AUROCO01930";"1";"CARG";"CREDITO";",64";"22,7392";"3575,7392";"07/02/12"
"
";"AUROCO01931";"0";"DESC";"COM. AGENCIA";"15";"627";"3553";"07/02/12"
"
";"AUROCO01846";"1";"CARG";"CREDITO";",64";"17,0544";"2681,8044";"10/01/12"
"
";"AUROCO01847";"0";"DESC";"COM. AGENCIA";"15";"470,25";"2664,75";"10/01/12"
"
";"AUROCO01846";"0";"DESC";"COM. AGENCIA";"15";"470,25";"2664,75";"10/01/12"
"
";"AUROCO01847";"1";"CARG";"CREDITO";",64";"17,0544";"2681,8044";"10/01/12"
"
";"AUROCO01820";"0";"DESC";"COM. AGENCIA";"15";"954,9";"5411,1";"16/01/12"
"
";"AUROCO01820";"1";"CARG";"CREDITO";",64";"34,63104";"5445,73104";"16/01/12"
"
";"AUROCO01931";"1";"CARG";"CREDITO";",64";"22,7392";"3575,7392";"07/02/12"
"
";"AUROCO02346";"0";"DESC";"COM. AGENCIA";"15";"627";"3553";"12/06/12"
"
";"AUROCO02346";"1";"CARG";"CREDITO";",64";"22,7392";"3575,7392";"12/06/12"
"
";"AUROCO02434";"0";"DESC";"COM. AGENCIA";"15";"313,5";"1776,5";"10/07/12"
"
";"AUROCO02434";"1";"CARG";"CREDITO";",64";"11,3696";"1787,8696";"10/07/12"
"
";"AUROCO03166";"0";"DESC";"COM. AGENCIA";"15";"726,3";"4115,7";"06/12/12"
"
";"AUROCO03166";"1";"CARG";"CREDITO";",64";"26,34048";"4142,04048";"06/12/12"
"
";"AUROCO03708";"0";"DESC";"COM. AGENCIA";"15";"1050,3";"5951,7";"08/05/13"
"
";"AUROCO03708";"1";"CARG";"CREDITO";",64";"38,09088";"5989,79088";"08/05/13"
"
";"AUROCO03904";"0";"DESC";"COM. AGENCIA";"15";"262,578";"1487,942";"24/07/13"
"
";"AUROCO03904";"1";"CARG";"CREDITO";",64";"9,5228288";"1497,4648288";"24/07/13"
"
";"AUROCO03905";"0";"DESC";"COM. AGENCIA";"15";"1050,312";"5951,768";"24/07/13"
"
";"AUROCO03905";"1";"CARG";"CREDITO";",64";"38,0913152";"5989,8593152";"24/07/13"
"
";"AUROCO04044";"0";"DESC";"COM. AGENCIA";"15";"517,275";"2931,225";"11/10/13"
"
";"AUROCO04044";"1";"CARG";"CREDITO";",64";"18,75984";"2949,98484";"11/10/13"
"
";"AUROCO04068";"0";"DESC";"COM. AGENCIA";"15";"517,272";"2931,208";"24/10/13"
"
";"AUROCO04068";"1";"CARG";"CREDITO";",64";"18,7597312";"2949,9677312";"24/10/13"
"
";"AUROCO04078";"0";"DESC";"COM. AGENCIA";"15";"517,275";"2931,225";"07/11/13"
"
";"AUROCO04078";"1";"CARG";"CREDITO";",64";"18,75984";"2949,98484";"07/11/13"
"
";"AUROCO04133";"0";"DESC";"COM. AGENCIA";"15";"775,9125";"4396,8375";"20/11/13"
"
";"AUROCO04133";"1";"CARG";"CREDITO";",64";"28,13976";"4424,97726";"20/11/13"
"
";"AUROCO04176";"0";"DESC";"COM. AGENCIA";"15";"532,8";"3019,2";"04/12/13"
"
";"AUROCO04176";"1";"CARG";"CREDITO";",64";"19,32288";"3038,52288";"04/12/13"
"
";"AUROCO04184";"0";"DESC";"COM. AGENCIA";"15";"517,275";"2931,225";"05/12/13"
"
";"AUROCO04184";"1";"CARG";"CREDITO";",64";"18,75984";"2949,98484";"05/12/13"
"
";"AUROCO04221";"0";"DESC";"COM. AGENCIA";"15";"258,6375";"1465,6125";"20/12/13"
"
";"AUROCO04221";"1";"CARG";"CREDITO";",64";"9,37992";"1474,99242";"20/12/13"
"
";"AUROCO04224";"0";"DESC";"COM. AGENCIA";"15";"258,6375";"1465,6125";"20/12/13"
"
";"AUROCO04224";"1";"CARG";"CREDITO";",64";"9,37992";"1474,99242";"20/12/13"
"
";"AUROCO04225";"0";"DESC";"COM. AGENCIA";"15";"266,397";"1509,583";"20/12/13"
"
";"AUROCO04225";"1";"CARG";"CREDITO";",64";"9,6613312";"1519,2443312";"20/12/13"
"
";"AUROCO04570";"0";"DESC";"COM. AGENCIA";"15";"532,794";"3019,166";"24/04/14"
"
";"AUROCO04570";"1";"CARG";"CREDITO";",64";"19,3226624";"3038,4886624";"24/04/14"
"
";"AUROCO04569";"0";"DESC";"COM. AGENCIA";"15";"532,794";"3019,166";"24/04/14"
"
";"AUROCO04569";"1";"CARG";"CREDITO";",64";"19,3226624";"3038,4886624";"24/04/14"
"
";"AUROCO04313";"0";"DESC";"COM. AGENCIA";"15";"6085,17";"34482,63";"06/02/14"
"
";"AUROCO04313";"1";"CARG";"CREDITO";",64";"220,688832";"34703,318832";"06/02/14"
"
";"AUROCO04625";"0";"DESC";"COM. AGENCIA";"15";"3551,955";"20127,745";"12/05/14"
"
";"AUROCO04625";"1";"CARG";"CREDITO";",64";"128,817568";"20256,562568";"12/05/14"
"
";"AUROCO04860";"0";"DESC";"COM. AGENCIA";"15";"532,794";"3019,166";"31/07/14"
"
";"AUROCO04860";"1";"CARG";"CREDITO";",64";"19,3226624";"3038,4886624";"31/07/14"
"
";"AUROCO04971";"0";"DESC";"COM. AGENCIA";"15";"710,391";"4025,549";"25/09/14"
"
";"AUROCO04971";"1";"CARG";"CREDITO";",64";"25,7635136";"4051,3125136";"25/09/14"
"
";"AUROCO04892";"0";"DESC";"COM. AGENCIA";"15";"532,7955";"3019,1745";"11/08/14"
"
";"AUROCO04892";"1";"CARG";"CREDITO";",64";"19,3227168";"3038,4972168";"11/08/14"
"
";"AUROCO04972";"0";"DESC";"COM. AGENCIA";"15";"1065,5865";"6038,3235";"25/09/14"
"
";"AUROCO04972";"1";"CARG";"CREDITO";",64";"38,6452704";"6076,9687704";"25/09/14"
"
";"AUROCO05002";"0";"DESC";"COM. AGENCIA";"15";"177,5985";"1006,3915";"10/10/14"
"
";"AUROCO05002";"1";"CARG";"CREDITO";",64";"6,4409056";"1012,8324056";"10/10/14"
"
";"AUROCO05003";"0";"DESC";"COM. AGENCIA";"15";"355,197";"2012,783";"10/10/14"
"
";"AUROCO05003";"1";"CARG";"CREDITO";",64";"12,8818112";"2025,6648112";"10/10/14"
"
";"AUROCO05057";"0";"DESC";"COM. AGENCIA";"15";"2841,564";"16102,196";"30/10/14"
"
";"AUROCO05057";"1";"CARG";"CREDITO";",64";"103,0540544";"16205,2500544";"30/10/14"
"
";"AUROCO05255";"0";"DESC";"COM. AGENCIA";"15";"2898,396";"16424,244";"19/12/14"
"
";"AUROCO05255";"1";"CARG";"CREDITO";",64";"105,1151616";"16529,3591616";"19/12/14"
"
";"AUROCO05366";"0";"DESC";"COM. AGENCIA";"15";"1086,9";"6159,1";"13/02/15"
"
";"AUROCO05366";"1";"CARG";"CREDITO";",64";"39,41824";"6198,51824";"13/02/15"
"
";"AUROCO05490";"0";"DESC";"COM. AGENCIA";"15";"1630,35";"9238,65";"09/04/15"
"
";"AUROCO05490";"1";"CARG";"CREDITO";",64";"59,12736";"9297,77736";"09/04/15"
"
";"AUROCO05525";"0";"DESC";"COM. AGENCIA";"15";"724,596";"4106,044";"06/05/15"
"
";"AUROCO05525";"1";"CARG";"CREDITO";",64";"26,2786816";"4132,3226816";"06/05/15"
"
";"AUROCO05553";"0";"DESC";"COM. AGENCIA";"15";"543,447";"3079,533";"18/05/15"
"
";"AUROCO05627";"0";"DESC";"COM. AGENCIA";"15";"3260,7";"18477,3";"30/06/15"
"
";"AUROCO05553";"1";"CARG";"CREDITO";",64";"19,7090112";"3099,2420112";"18/05/15"
"
";"AUROCO05627";"1";"CARG";"CREDITO";",64";"118,25472";"18595,55472";"30/06/15"
"
";"AUROCO05611";"0";"DESC";"COM. AGENCIA";"15";"1630,3455";"9238,6245";"19/06/15"
"
";"AUROCO05611";"1";"CARG";"CREDITO";",64";"59,1271968";"9297,7516968";"19/06/15"
"
";"AUROCO05612";"0";"DESC";"COM. AGENCIA";"15";"543,45";"3079,55";"30/06/15"
"
";"AUROCO05612";"1";"CARG";"CREDITO";",64";"19,70912";"3099,25912";"30/06/15"
"
";"AUROCO05633";"0";"DESC";"COM. AGENCIA";"15";"275,862";"1563,218";"30/06/15"
"
";"AUROCO05633";"1";"CARG";"CREDITO";",64";"10,0045952";"1573,2225952";"30/06/15"
"
";"AUROCO05651";"0";"DESC";"COM. AGENCIA";"15";"543,447";"3079,533";"07/07/15"
"
";"AUROCO05651";"1";"CARG";"CREDITO";",64";"19,7090112";"3099,2420112";"07/07/15"
"
";"AUROCO05718";"0";"DESC";"COM. AGENCIA";"15";"724,596";"4106,044";"04/08/15"
"
";"AUROCO05718";"1";"CARG";"CREDITO";",64";"26,2786816";"4132,3226816";"04/08/15"
"
";"AUROCO05671";"0";"DESC";"COM. AGENCIA";"15";"543,447";"3079,533";"24/07/15"
"
";"AUROCO05671";"1";"CARG";"CREDITO";",64";"19,7090112";"3099,2420112";"24/07/15"
"
";"AUROCO05854";"0";"DESC";"COM. AGENCIA";"15";"815,175";"4619,325";"01/10/15"
"
";"AUROCO05854";"1";"CARG";"CREDITO";",64";"29,56368";"4648,88868";"01/10/15"
"
";"AUROCO05670";"0";"DESC";"COM. AGENCIA";"15";"1379,31";"7816,09";"24/07/15"
"
";"AUROCO05670";"1";"CARG";"CREDITO";",64";"50,022976";"7866,112976";"24/07/15"
"
";"AUROCO06044";"0";"DESC";"COM. AGENCIA";"15";"1739,034";"9854,526";"03/12/15"
"
";"AUROCO06044";"1";"CARG";"CREDITO";",64";"63,0689664";"9917,5949664";"03/12/15"
"
";"AUROCO03303";"0";"DESC";"COM. AGENCIA";"15";"344,85";"1954,15";"09/01/13"
"
";"AUROCO03303";"1";"CARG";"CREDITO";",64";"12,50656";"1966,65656";"09/01/13"
"
";"AUROCO03791";"0";"DESC";"COM. AGENCIA";"15";"525,15";"2975,85";"12/06/13"
"
";"AUROCO03791";"1";"CARG";"CREDITO";",64";"19,04544";"2994,89544";"12/06/13"
"
";"AUROCO03647";"0";"DESC";"COM. AGENCIA";"15";"344,85";"1954,15";"24/04/13"
"
";"AUROCO03647";"1";"CARG";"CREDITO";",64";"12,50656";"1966,65656";"24/04/13"
"
";"AUROCO03821";"0";"DESC";"COM. AGENCIA";"15";"787,734";"4463,826";"27/06/13"
"
";"AUROCO03821";"1";"CARG";"CREDITO";",64";"28,5684864";"4492,3944864";"27/06/13"
"
";"AUROCO04170";"0";"DESC";"COM. AGENCIA";"15";"355,197";"2012,783";"29/11/13"
"
";"AUROCO04170";"1";"CARG";"CREDITO";",64";"12,8818112";"2025,6648112";"29/11/13"
"
";"AUROCO04446";"0";"DESC";"COM. AGENCIA";"15";"532,794";"3019,166";"14/03/14"
"
";"AUROCO04446";"1";"CARG";"CREDITO";",64";"19,3226624";"3038,4886624";"14/03/14"
"
";"AUROCO04708";"0";"DESC";"COM. AGENCIA";"15";"1420,788";"8051,132";"12/06/14"
"
";"AUROCO04708";"1";"CARG";"CREDITO";",64";"51,5272448";"8102,6592448";"12/06/14"
"
";"AUROCO04789";"0";"DESC";"COM. AGENCIA";"15";"1065,588";"6038,332";"03/07/14"
"
";"AUROCO04789";"1";"CARG";"CREDITO";",64";"38,6453248";"6076,9773248";"03/07/14"
"
";"AUROCO04810";"0";"DESC";"COM. AGENCIA";"15";"799,191";"4528,749";"11/07/14"
"
";"AUROCO04810";"1";"CARG";"CREDITO";",64";"28,9839936";"4557,7329936";"11/07/14"
"
";"AUROCO04800";"0";"DESC";"COM. AGENCIA";"15";"532,794";"3019,166";"11/07/14"
"
";"AUROCO04800";"1";"CARG";"CREDITO";",64";"19,3226624";"3038,4886624";"11/07/14"
"
";"AUROCO04811";"0";"DESC";"COM. AGENCIA";"15";"799,191";"4528,749";"11/07/14"
"
";"AUROCO04811";"1";"CARG";"CREDITO";",64";"28,9839936";"4557,7329936";"11/07/14"
"
";"AUROCO04812";"0";"DESC";"COM. AGENCIA";"15";"799,191";"4528,749";"11/07/14"
"
";"AUROCO04812";"1";"CARG";"CREDITO";",64";"28,9839936";"4557,7329936";"11/07/14"
"
";"AUROCO05120";"1";"CARG";"CREDITO";",64";"4,8306656";"759,6221656";"20/11/14"
"
";"AUROCO05130";"0";"DESC";"COM. AGENCIA";"15";"266,397";"1509,583";"20/11/14"
"
";"AUROCO04814";"0";"DESC";"COM. AGENCIA";"15";"799,191";"4528,749";"11/07/14"
"
";"AUROCO04814";"1";"CARG";"CREDITO";",64";"28,9839936";"4557,7329936";"11/07/14"
"
";"AUROCO05144";"0";"DESC";"COM. AGENCIA";"15";"399,5955";"2264,3745";"24/11/14"
"
";"AUROCO05144";"1";"CARG";"CREDITO";",64";"14,4919968";"2278,8664968";"24/11/14"
"
";"AUROCO05120";"0";"DESC";"COM. AGENCIA";"15";"133,1985";"754,7915";"20/11/14"
"
";"AUROCO05130";"1";"CARG";"CREDITO";",64";"9,6613312";"1519,2443312";"20/11/14"
"
";"AUROCO05131";"0";"DESC";"COM. AGENCIA";"15";"133,1985";"754,7915";"20/11/14"
"
";"AUROCO05131";"1";"CARG";"CREDITO";",64";"4,8306656";"759,6221656";"20/11/14"
"
";"AUROCO05121";"0";"DESC";"COM. AGENCIA";"15";"266,397";"1509,583";"24/11/14"
"
";"AUROCO05121";"1";"CARG";"CREDITO";",64";"9,6613312";"1519,2443312";"24/11/14"
"
";"AUROCO05145";"0";"DESC";"COM. AGENCIA";"15";"399,5955";"2264,3745";"24/11/14"
"
";"AUROCO05145";"1";"CARG";"CREDITO";",64";"14,4919968";"2278,8664968";"24/11/14"
"
";"AUROCO05200";"0";"DESC";"COM. AGENCIA";"15";"799,191";"4528,749";"05/12/14"
"
";"AUROCO05200";"1";"CARG";"CREDITO";",64";"28,9839936";"4557,7329936";"05/12/14"
"
";"AUROCO05530";"0";"DESC";"DCTO. ESPECIAL";"10,1523";"1471,26319416";"13020,65680584";"08/05/15"
"
";"AUROCO05530";"1";"DESC";"COM. AGENCIA";"15";"1953,098520876";"11067,558284964";"08/05/15"
"
";"AUROCO05587";"0";"DESC";"COM. AGENCIA";"15";"2771,58726";"15705,66114";"04/06/15"
"
";"AUROCO05530";"2";"CARG";"CREDITO";",64";"70,8323730237696";"11138,3906579877696";"08/05/15"
"
";"AUROCO05587";"1";"CARG";"CREDITO";",64";"100,516231296";"15806,177371296";"04/06/15"
"
";"AUROCO05865";"0";"DESC";"COM. AGENCIA";"15";"2988,975";"16937,525";"05/10/15"
"
";"AUROCO05865";"1";"CARG";"CREDITO";",64";"108,40016";"17045,92516";"05/10/15"
"
";"AUROCO05796";"0";"DESC";"COM. AGENCIA";"15";"543,447";"3079,533";"16/09/15"
"
";"AUROCO05796";"1";"CARG";"CREDITO";",64";"19,7090112";"3099,2420112";"16/09/15"
"
";"AUROCO06057";"1";"DESC";"COM. AGENCIA";"15";"131,48814";"745,09946";"10/12/15"
"
";"AUROCO06025";"0";"DESC";"DSCTO CONTRATO";"6";"331,03296";"5186,18304";"10/12/15"
"
";"AUROCO06025";"1";"DESC";"COM. AGENCIA";"15";"777,927456";"4408,255584";"10/12/15"
"
";"AUROCO06026";"1";"DESC";"COM. AGENCIA";"15";"262,97628";"1490,19892";"10/12/15"
"
";"AUROCO06025";"2";"CARG";"CREDITO";",21";"9,2573367264";"4417,5129207264";"10/12/15"
"
";"AUROCO06026";"0";"DESC";"DSCTO CONTRATO";"6";"111,9048";"1753,1752";"10/12/15"
"
";"AUROCO06026";"2";"CARG";"CREDITO";",21";"3,129417732";"1493,328337732";"10/12/15"
"
";"AUROCO06052";"1";"DESC";"COM. AGENCIA";"15";"388,963728";"2204,127792";"16/12/15"
"
";"AUROCO06052";"2";"CARG";"CREDITO";",21";"4,6286683632";"2208,7564603632";"16/12/15"
"
";"AUROCO06079";"0";"DESC";"DSCTO CONTRATO";"6";"165,51648";"2593,09152";"16/12/15"
"
";"AUROCO06054";"0";"DESC";"DSCTO CONTRATO";"6";"82,75824";"1296,54576";"10/12/15"
"
";"AUROCO06054";"1";"DESC";"COM. AGENCIA";"15";"194,481864";"1102,063896";"10/12/15"
"
";"AUROCO06054";"2";"CARG";"CREDITO";",21";"2,3143341816";"1104,3782301816";"10/12/15"
"
";"AUROCO06055";"0";"DESC";"DSCTO CONTRATO";"6";"82,75824";"1296,54576";"10/12/15"
"
";"AUROCO06055";"1";"DESC";"COM. AGENCIA";"15";"194,481864";"1102,063896";"10/12/15"
"
";"AUROCO06055";"2";"CARG";"CREDITO";",21";"2,3143341816";"1104,3782301816";"10/12/15"
"
";"AUROCO06056";"0";"DESC";"DSCTO CONTRATO";"6";"55,9524";"876,5876";"10/12/15"
"
";"AUROCO06056";"1";"DESC";"COM. AGENCIA";"15";"131,48814";"745,09946";"10/12/15"
"
";"AUROCO06056";"2";"CARG";"CREDITO";",21";"1,564708866";"746,664168866";"10/12/15"
"
";"AUROCO06057";"0";"DESC";"DSCTO CONTRATO";"6";"55,9524";"876,5876";"10/12/15"
"
";"AUROCO06057";"2";"CARG";"CREDITO";",21";"1,564708866";"746,664168866";"10/12/15"
"
";"AUROCO06052";"0";"DESC";"DSCTO CONTRATO";"6";"165,51648";"2593,09152";"16/12/15"
"
";"AUROCO06079";"1";"DESC";"COM. AGENCIA";"15";"388,963728";"2204,127792";"16/12/15"
"
";"AUROCO06079";"2";"CARG";"CREDITO";",21";"4,6286683632";"2208,7564603632";"16/12/15"
"
";"AUROCO06081";"0";"DESC";"DSCTO CONTRATO";"6";"82,75824";"1296,54576";"16/12/15"
"
";"AUROCO06081";"1";"DESC";"COM. AGENCIA";"15";"194,481864";"1102,063896";"16/12/15"
"
";"AUROCO06081";"2";"CARG";"CREDITO";",21";"2,3143341816";"1104,3782301816";"16/12/15"
"
";"AUROCO06082";"0";"DESC";"DSCTO CONTRATO";"6";"82,75824";"1296,54576";"16/12/15"
"
";"AUROCO06082";"1";"DESC";"COM. AGENCIA";"15";"194,481864";"1102,063896";"16/12/15"
"
";"AUROCO06082";"2";"CARG";"CREDITO";",21";"2,3143341816";"1104,3782301816";"16/12/15"
"
";"AUROCO06083";"0";"DESC";"DSCTO CONTRATO";"6";"55,9524";"876,5876";"16/12/15"
"
";"AUROCO06083";"1";"DESC";"COM. AGENCIA";"15";"131,48814";"745,09946";"16/12/15"
"
";"AUROCO06083";"2";"CARG";"CREDITO";",21";"1,564708866";"746,664168866";"16/12/15"
"
";"AUROCO06084";"0";"DESC";"DSCTO CONTRATO";"6";"55,9524";"876,5876";"16/12/15"
"
";"AUROCO06084";"1";"DESC";"COM. AGENCIA";"15";"131,48814";"745,09946";"16/12/15"
"
";"AUROCO06084";"2";"CARG";"CREDITO";",21";"1,564708866";"746,664168866";"16/12/15"
"
";"AUROCO06108";"0";"DESC";"COM. AGENCIA";"15";"1136,5512";"6440,4568";"18/12/15"
"
";"AUROCO06108";"1";"CARG";"CREDITO";",64";"41,21892352";"6481,67572352";"18/12/15"
"
";"AUROCO06116";"0";"DESC";"COM. AGENCIA";"15";"543,447";"3079,533";"18/12/15"
"
";"AUROCO06116";"1";"CARG";"CREDITO";",64";"19,7090112";"3099,2420112";"18/12/15"
"
";"AUROCO06126";"1";"DESC";"CUMPLIMIENTO";"2,5";"70,323759";"2742,626601";"18/01/16"
"
";"AUROCO06126";"2";"DESC";"DSCTO INVERSION";"13";"356,54145813";"2386,08514287";"18/01/16"
"
";"AUROCO06126";"3";"DESC";"COMISION AGENCIA";"15";"357,9127714305";"2028,1723714395";"18/01/16"
"
";"AUROCO06130";"1";"DESC";"CUMPLIMIENTO";"2,5";"47,545542";"1854,276138";"18/01/16"
"
";"AUROCO06130";"2";"DESC";"DSCTO INVERSION";"13";"241,05589794";"1613,22024006";"18/01/16"
"
";"AUROCO06130";"3";"DESC";"COMISION AGENCIA";"15";"241,983036009";"1371,237204051";"18/01/16"
"
";"AUROCO06147";"1";"DESC";"CUMPLIMIENTO";"2,5";"70,323759";"2742,626601";"18/01/16"
"
";"AUROCO06147";"2";"DESC";"DSCTO INVERSION";"13";"356,54145813";"2386,08514287";"18/01/16"
"
";"AUROCO06147";"3";"DESC";"COMISION AGENCIA";"15";"357,9127714305";"2028,1723714395";"18/01/16"
"
";"AUROCO06147";"4";"CARG";"CREDITO";",21";"4,25916198002295";"2032,43153341952295";"18/01/16"
"
";"AUROCO06149";"0";"DESC";"MULTIMEDIOS";"1";"19,21032";"1901,82168";"18/01/16"
"
";"AUROCO06149";"1";"DESC";"CUMPLIMIENTO";"2,5";"47,545542";"1854,276138";"18/01/16"
"
";"AUROCO06149";"2";"DESC";"DSCTO INVERSION";"13";"241,05589794";"1613,22024006";"18/01/16"
"
";"AUROCO06149";"3";"DESC";"COMISION AGENCIA";"15";"241,983036009";"1371,237204051";"18/01/16"
"
";"AUROCO06149";"4";"CARG";"CREDITO";",21";"2,8795981285071";"1374,1168021795071";"18/01/16"
"
";"AUROCO06159";"0";"DESC";"MULTIMEDIO";"1";"28,41364";"2812,95036";"21/01/16"
"
";"AUROCO06126";"4";"CARG";"CREDITO";",21";"4,25916198002295";"2032,43153341952295";"18/01/16"
"
";"AUROCO06130";"0";"DESC";"MULTIMEDIOS";"1";"19,21032";"1901,82168";"18/01/16"
"
";"AUROCO06130";"4";"CARG";"CREDITO";",21";"2,8795981285071";"1374,1168021795071";"18/01/16"
"
";"AUROCO06147";"0";"DESC";"MULTIMEDIOS";"1";"28,41364";"2812,95036";"18/01/16"
"
";"AUROCO06126";"0";"DESC";"MULTIMEDIOS";"1";"28,41364";"2812,95036";"18/01/16"
"
";"AUROCO06159";"1";"DESC";"CUMPLIMIENTO";"2,5";"70,323759";"2742,626601";"21/01/16"
"
";"AUROCO06159";"2";"DESC";"DSCTO INVERSION";"13";"356,54145813";"2386,08514287";"21/01/16"
"
";"AUROCO06159";"3";"DESC";"COMISION AGENCIA";"15";"357,9127714305";"2028,1723714395";"21/01/16"
"
";"AUROCO06159";"4";"CARG";"CREDITO";",21";"4,25916198002295";"2032,43153341952295";"21/01/16"
"
";"AUROCO06160";"0";"DESC";"MULTIMEDIO";"1";"19,21032";"1901,82168";"21/01/16"
"
";"AUROCO06160";"1";"DESC";"CUMPLIMIENTO";"2,5";"47,545542";"1854,276138";"21/01/16"
"
";"AUROCO06160";"2";"DESC";"DSCTO INVERSION";"13";"241,05589794";"1613,22024006";"21/01/16"
"
";"AUROCO03188";"0";"DESC";"COM. AGENCIA";"15";"470,25";"2664,75";"07/12/12"
"
";"AUROCO03188";"1";"CARG";"CREDITO";",64";"17,0544";"2681,8044";"07/12/12"
"
";"AUROCO03335";"0";"DESC";"COM. AGENCIA";"15";"517,275";"2931,225";"21/01/13"
"
";"AUROCO03335";"1";"CARG";"CREDITO";",64";"18,75984";"2949,98484";"21/01/13"
"
";"AUROCO03533";"0";"DESC";"COM. AGENCIA";"15";"689,7";"3908,3";"19/03/13"
"
";"AUROCO03533";"1";"CARG";"CREDITO";",64";"25,01312";"3933,31312";"19/03/13"
"
";"AUROCO03534";"0";"DESC";"COM. AGENCIA";"15";"689,7";"3908,3";"19/03/13"
"
";"AUROCO03534";"1";"CARG";"CREDITO";",64";"25,01312";"3933,31312";"19/03/13"
"
";"AUROCO03603";"1";"CARG";"CREDITO";",64";"62,5328";"9833,2828";"15/04/13"
"
";"AUROCO03608";"1";"CARG";"CREDITO";",64";"87,54592";"13766,59592";"03/05/13"
"
";"AUROCO03954";"0";"DESC";"COM. AGENCIA";"15";"1312,875";"7439,625";"16/08/13"
"
";"AUROCO03646";"0";"DESC";"COM. AGENCIA";"15";"344,85";"1954,15";"23/04/13"
"
";"AUROCO03603";"0";"DESC";"COM. AGENCIA";"15";"1724,25";"9770,75";"15/04/13"
"
";"AUROCO03646";"1";"CARG";"CREDITO";",64";"12,50656";"1966,65656";"23/04/13"
"
";"AUROCO03822";"0";"DESC";"COM. AGENCIA";"15";"787,734";"4463,826";"04/07/13"
"
";"AUROCO03954";"1";"CARG";"CREDITO";",64";"47,6136";"7487,2386";"16/08/13"
"
";"AUROCO03608";"0";"DESC";"COM. AGENCIA";"15";"2413,95";"13679,05";"03/05/13"
"
";"AUROCO03822";"1";"CARG";"CREDITO";",64";"28,5684864";"4492,3944864";"04/07/13"
"
";"AUROCO04022";"0";"DESC";"COM. AGENCIA";"15";"517,275";"2931,225";"19/09/13"
"
";"AUROCO04022";"1";"CARG";"CREDITO";",64";"18,75984";"2949,98484";"19/09/13"
"
";"AUROCO04139";"0";"DESC";"COM. AGENCIA";"15";"517,275";"2931,225";"21/11/13"
"
";"AUROCO04139";"1";"CARG";"CREDITO";",64";"18,75984";"2949,98484";"21/11/13"
"
";"AUROCO04148";"0";"DESC";"COM. AGENCIA";"15";"344,85";"1954,15";"26/11/13"
"
";"AUROCO04148";"1";"CARG";"CREDITO";",64";"12,50656";"1966,65656";"26/11/13"
"
";"AUROCO04254";"0";"DESC";"COM. AGENCIA";"15";"532,794";"3019,166";"10/01/14"
"
";"AUROCO04254";"1";"CARG";"CREDITO";",64";"19,3226624";"3038,4886624";"10/01/14"
"
";"AUROCO04279";"0";"DESC";"COM. AGENCIA";"15";"532,794";"3019,166";"23/01/14"
"
";"AUROCO04279";"1";"CARG";"CREDITO";",64";"19,3226624";"3038,4886624";"23/01/14"
"
";"AUROCO04289";"0";"DESC";"COM. AGENCIA";"15";"1331,985";"7547,915";"30/01/14"
"
";"AUROCO04289";"1";"CARG";"CREDITO";",64";"48,306656";"7596,221656";"30/01/14"
"
";"AUROCO04321";"0";"DESC";"COM. AGENCIA";"15";"532,794";"3019,166";"07/02/14"
"
";"AUROCO04321";"1";"CARG";"CREDITO";",64";"19,3226624";"3038,4886624";"07/02/14"
"
";"AUROCO04330";"0";"DESC";"COM. AGENCIA";"15";"2028,39";"11494,21";"07/02/14"
"
";"AUROCO04330";"1";"CARG";"CREDITO";",64";"73,562944";"11567,772944";"07/02/14"
"
";"AUROCO04393";"0";"DESC";"COM. DE AGENCIA";"15";"532,794";"3019,166";"28/02/14"
"
";"AUROCO04393";"1";"CARG";"CREDITO";",64";"19,3226624";"3038,4886624";"28/02/14"
"
";"AUROCO04480";"0";"DESC";"COM. AGENCIA";"15";"532,794";"3019,166";"28/03/14"
"
";"AUROCO04480";"1";"CARG";"CREDITO";",64";"19,3226624";"3038,4886624";"28/03/14"
"
";"AUROCO04675";"0";"DESC";"COM. AGENCIA";"15";"532,794";"3019,166";"27/05/14"
"
";"AUROCO04675";"1";"CARG";"CREDITO";",64";"19,3226624";"3038,4886624";"27/05/14"
"
";"AUROCO05182";"0";"DESC";"COM. AGENCIA";"15";"2486,3685";"14089,4215";"27/11/14"
"
";"AUROCO05182";"1";"CARG";"CREDITO";",64";"90,1722976";"14179,5937976";"27/11/14"
"
";"AUROCO05206";"0";"DESC";"COM. AGENCIA";"15";"710,394";"4025,566";"05/12/14"
"
";"AUROCO05206";"1";"CARG";"CREDITO";",64";"25,7636224";"4051,3296224";"05/12/14"
"
";"AUROCO05321";"0";"DESC";"COM. AGENCIA";"15";"2898,396";"16424,244";"29/01/15"
"
";"AUROCO05321";"1";"CARG";"CREDITO";",64";"105,1151616";"16529,3591616";"29/01/15"
"
";"AUROCO05339";"0";"DESC";"COM. AGENCIA";"15";"724,596";"4106,044";"03/02/15"
"
";"AUROCO05339";"1";"CARG";"CREDITO";",64";"26,2786816";"4132,3226816";"03/02/15"
"
";"AUROCO05384";"0";"DESC";"COM. AGENCIA";"15";"543,447";"3079,533";"16/02/15"
"
";"AUROCO05384";"1";"CARG";"CREDITO";",64";"19,7090112";"3099,2420112";"16/02/15"
"
";"AUROCO05385";"0";"DESC";"COM. AGENCIA";"15";"181,149";"1026,511";"16/02/15"
"
";"AUROCO05385";"1";"CARG";"CREDITO";",64";"6,5696704";"1033,0806704";"16/02/15"
"
";"AUROCO05678";"0";"DESC";"COM. AGENCIA";"15";"724,596";"4106,044";"20/07/15"
"
";"AUROCO05678";"1";"CARG";"CREDITO";",64";"26,2786816";"4132,3226816";"20/07/15"
"
";"AUROCO05449";"0";"DESC";"COM. AGENCIA";"15";"362,298";"2053,022";"12/03/15"
"
";"AUROCO05449";"1";"CARG";"CREDITO";",64";"13,1393408";"2066,1613408";"12/03/15"
"
";"AUROCO05532";"0";"DESC";"COM. AGENCIA";"15";"220,689";"1250,571";"11/05/15"
"
";"AUROCO05532";"1";"CARG";"CREDITO";",64";"8,0036544";"1258,5746544";"11/05/15"
"
";"AUROCO05779";"0";"DESC";"COM. AGENCIA";"15";"543,447";"3079,533";"04/09/15"
"
";"AUROCO05779";"1";"CARG";"CREDITO";",64";"19,7090112";"3099,2420112";"04/09/15"
"
";"AUROCO05927";"0";"DESC";"COM. AGENCIA";"15";"271,725";"1539,775";"26/10/15"
"
";"AUROCO05927";"1";"CARG";"CREDITO";",64";"9,85456";"1549,62956";"26/10/15"
"
";"AUROCO05975";"0";"DESC";"COM. AGENCIA";"15";"362,298";"2053,022";"23/11/15"
"
";"AUROCO05975";"1";"CARG";"CREDITO";",64";"13,1393408";"2066,1613408";"23/11/15"
"
";"AUROCO05976";"0";"DESC";"COM. AGENCIA";"15";"181,149";"1026,511";"23/11/15"
"
";"AUROCO05976";"1";"CARG";"CREDITO";",64";"6,5696704";"1033,0806704";"23/11/15"
"
";"AUROCO05980";"0";"DESC";"COM. AGENCIA";"15";"206,895";"1172,405";"25/11/15"
"
";"AUROCO05980";"1";"CARG";"CREDITO";",64";"7,503392";"1179,908392";"25/11/15"
"
";"AUROCO05981";"0";"DESC";"COM. AGENCIA";"15";"206,895";"1172,405";"25/11/15"
"
";"AUROCO05981";"1";"CARG";"CREDITO";",64";"7,503392";"1179,908392";"25/11/15"
"
";"AUROCO05982";"0";"DESC";"COM. AGENCIA";"15";"139,881";"792,659";"25/11/15"
"
";"AUROCO05982";"1";"CARG";"CREDITO";",64";"5,0730176";"797,7320176";"25/11/15"
"
";"AUROCO05983";"0";"DESC";"COM. AGENCIA";"15";"139,881";"792,659";"25/11/15"
"
";"AUROCO05983";"1";"CARG";"CREDITO";",64";"5,0730176";"797,7320176";"25/11/15"
"
";"AUROCO06160";"3";"DESC";"COMISION AGENCIA";"15";"241,983036009";"1371,237204051";"21/01/16"
"
";"AUROCO06160";"4";"CARG";"CREDITO";",21";"2,8795981285071";"1374,1168021795071";"21/01/16"
"
";"AUROCO06063";"0";"DESC";"COM. AGENCIA";"15";"1655,172";"9379,308";"10/12/15"
"
";"AUROCO06063";"1";"CARG";"CREDITO";",64";"60,0275712";"9439,3355712";"10/12/15"
"
";"AUROCO06230";"0";"DESC";"COM. AGENCIA";"15";"279,8769";"1585,9691";"23/02/16"
"
";"AUROCO06230";"1";"CARG";"CREDITO";",64";"10,15020224";"1596,11930224";"23/02/16"
"
";"AUROCO06229";"0";"DESC";"COM. AGENCIA";"15";"279,8769";"1585,9691";"23/02/16"
"
";"AUROCO06229";"1";"CARG";"CREDITO";",64";"10,15020224";"1596,11930224";"23/02/16"
"
";"AUROCO06236";"0";"DESC";"COM. AGENCIA";"15";"279,8769";"1585,9691";"24/02/16"
"
";"AUROCO06236";"1";"CARG";"CREDITO";",64";"10,15020224";"1596,11930224";"24/02/16"
"
";"AUROCO06237";"0";"DESC";"COM. AGENCIA";"15";"279,8769";"1585,9691";"24/02/16"
"
";"AUROCO06237";"1";"CARG";"CREDITO";",64";"10,15020224";"1596,11930224";"24/02/16"
"
";"AUROCO06259";"1";"CARG";"CREDITO";",64";"5,07510112";"798,05965112";"11/03/16"
"
";"AUROCO06260";"0";"DESC";"COM. AGENCIA";"15";"139,93845";"792,98455";"11/03/16"
"
";"AUROCO06266";"0";"DESC";"COM. AGENCIA";"15";"419,81535";"2378,95365";"15/03/16"
"
";"AUROCO06266";"1";"CARG";"CREDITO";",64";"15,22530336";"2394,17895336";"15/03/16"
"
";"AUROCO06259";"0";"DESC";"COM. AGENCIA";"15";"139,93845";"792,98455";"11/03/16"
"
";"AUROCO06260";"1";"CARG";"CREDITO";",64";"5,07510112";"798,05965112";"11/03/16"
"
";"AUROCO06267";"0";"DESC";"COM. AGENCIA";"15";"419,81535";"2378,95365";"15/03/16"
"
";"AUROCO06267";"1";"CARG";"CREDITO";",64";"15,22530336";"2394,17895336";"15/03/16"
"
";"AUROCO06273";"1";"CARG";"CREDITO";",64";"5,07510112";"798,05965112";"18/03/16"
"
";"AUROCO06296";"0";"DESC";"COM. AGENCIA";"15";"419,81535";"2378,95365";"05/04/16"
"
";"AUROCO06274";"0";"DESC";"COM. AGENCIA";"15";"139,93845";"792,98455";"18/03/16"
"
";"AUROCO06274";"1";"CARG";"CREDITO";",64";"5,07510112";"798,05965112";"18/03/16"
"
";"AUROCO06273";"0";"DESC";"COM. AGENCIA";"15";"139,93845";"792,98455";"18/03/16"
"
";"AUROCO06296";"1";"CARG";"CREDITO";",64";"15,22530336";"2394,17895336";"05/04/16"
"
";"AUROCO06344";"0";"DESC";"COM. AGENCIA";"15";"559,7505";"3171,9195";"18/04/16"
"
";"AUROCO06344";"1";"CARG";"CREDITO";",64";"20,3002848";"3192,2197848";"18/04/16"
"
";"AUROCO06300";"0";"DESC";"COM. AGENCIA";"15";"1136,5464";"6440,4296";"23/03/16"
"
";"AUROCO06300";"1";"CARG";"CREDITO";",64";"41,21874944";"6481,64834944";"23/03/16"
"
";"AUROCO06308";"0";"DESC";"COM. AGENCIA";"15";"3977,9124";"22541,5036";"30/03/16"
"
";"AUROCO06308";"1";"CARG";"CREDITO";",64";"144,26562304";"22685,76922304";"30/03/16"
"
";"AUROCO06317";"0";"DESC";"COM. AGENCIA";"15";"839,6307";"4757,9073";"05/04/16"
"
";"AUROCO06317";"1";"CARG";"CREDITO";",64";"30,45060672";"4788,35790672";"05/04/16"
"
";"AUROCO06295";"0";"DESC";"COM. AGENCIA";"15";"419,81535";"2378,95365";"05/04/16"
"
";"AUROCO06295";"1";"CARG";"CREDITO";",64";"15,22530336";"2394,17895336";"05/04/16"
"
";"AUROCO06339";"0";"DESC";"COM. AGENCIA";"15";"3409,6392";"19321,2888";"13/04/16"
"
";"AUROCO06339";"1";"CARG";"CREDITO";",64";"123,65624832";"19444,94504832";"13/04/16"
"
";"AUROCO06359";"0";"DESC";"COM. AGENCIA";"15";"6819,2784";"38642,5776";"25/04/16"
"
";"AUROCO06359";"1";"CARG";"CREDITO";",64";"247,31249664";"38889,89009664";"25/04/16"
"
";"AUROCO06377";"0";"DESC";"COM. AGENCIA";"15";"1119,51";"6343,89";"05/05/16"
"
";"AUROCO06377";"1";"CARG";"CREDITO";",64";"40,600896";"6384,490896";"05/05/16"
"
";"AUROCO06392";"0";"DESC";"COM. AGENCIA";"15";"559,7505";"3171,9195";"13/05/16"
"
";"AUROCO06392";"1";"CARG";"CREDITO";",64";"20,3002848";"3192,2197848";"13/05/16"
"
";"AUROCO00771";"0";"DESC";"VOLUMEN DE COMPRA";"11";"160,6";"1299,4";"24/02/11"
"
";"AUROCO00771";"1";"DESC";"COM. AGENCIA";"15";"194,91";"1104,49";"24/02/11"
"
";"AUROCO00581";"0";"DESC";"MONTO X";"15";"360";"2040";"04/01/11"
"
";"AUROCO00581";"1";"CARG";"MONTO A";"10";"204";"2244";"04/01/11"
"
";"AUROCO00771";"2";"CARG";"CREDITO";",64";"7,068736";"1111,558736";"24/02/11"
"
";"AUROCO00925";"0";"DESC";"CUMPLIMIENTO";"2";"490,5";"24034,5";"14/04/11"
"
";"AUROCO00925";"1";"DESC";"CONT. MULTIMEDIO";"3,15";"757,08675";"23277,41325";"14/04/11"
"
";"AUROCO00925";"2";"DESC";"UNIPRODUCTO";"15";"3491,6119875";"19785,8012625";"14/04/11"
"
";"AUROCO00925";"3";"DESC";"COM. AGENCIA";"15";"2967,870189375";"16817,931073125";"14/04/11"
"
";"AUROCO00925";"4";"CARG";"CREDITO";",64";"107,634758868";"16925,565831993";"14/04/11"
"
";"AUROCO01567";"1";"DESC";"COM AGENCIA";"15";"389,82";"2208,98";"03/11/11"
"
";"AUROCO01567";"2";"CARG";"CREDITO";",64";"14,137472";"2223,117472";"03/11/11"
"
";"AUROCO01567";"0";"DESC";"VOLUMEN DE COMPRA";"11";"321,2";"2598,8";"03/11/11"
"
";"AUROCO01706";"0";"DESC";"COM. AGENCIA";"15";"448,2";"2539,8";"24/11/11"
"
";"AUROCO01706";"1";"CARG";"CREDITO";",64";"16,25472";"2556,05472";"24/11/11"
"
";"AUROCO00718";"0";"DESC";"VOLUMEN DE COMPRA";"11";"642,4";"5197,6";"10/02/11"
"
";"AUROCO00718";"1";"DESC";"COM. AGENCIA";"15";"779,64";"4417,96";"10/02/11"
"
";"AUROCO00718";"2";"CARG";"CREDITO";",64";"28,274944";"4446,234944";"10/02/11"
"
";"AUROCO00772";"0";"DESC";"VOLUMEN DE COMPRA";"11";"481,8";"3898,2";"24/02/11"
"
";"AUROCO00772";"1";"DESC";"COM. AGENCIA";"15";"584,73";"3313,47";"24/02/11"
"
";"AUROCO00772";"2";"CARG";"CREDITO";",64";"21,206208";"3334,676208";"24/02/11"
"
";"AUROCO00777";"0";"DESC";"COM. AGENCIA";"15";"213,75";"1211,25";"24/02/11"
"
";"AUROCO00777";"1";"CARG";"CREDITO";",64";"7,752";"1219,002";"24/02/11"
"
";"AUROCO00778";"0";"DESC";"COM. AGENCIA";"15";"783,75";"4441,25";"24/02/11"
"
";"AUROCO00778";"1";"CARG";"CREDITO";",64";"28,424";"4469,674";"24/02/11"
"
";"AUROCO00781";"0";"DESC";"CONT. MULTIMEDIO";"2,7";"718,2";"25881,8";"24/02/11"
"
";"AUROCO00781";"1";"DESC";"VOLUMEN DE COMPRA";"15";"3882,27";"21999,53";"24/02/11"
"
";"AUROCO00781";"2";"DESC";"COM. AGENCIA";"15";"3299,9295";"18699,6005";"24/02/11"
"
";"AUROCO00781";"3";"CARG";"CREDITO";"1,45";"271,14420725";"18970,74470725";"24/02/11"
"
";"AUROCO00782";"0";"DESC";"CONT. MULTIMEDIO";"2,7";"718,2";"25881,8";"24/02/11"
"
";"AUROCO00782";"1";"DESC";"VOLUMEN DE COMPRA";"15";"3882,27";"21999,53";"24/02/11"
"
";"AUROCO00782";"2";"DESC";"COM. AGENCIA";"15";"3299,9295";"18699,6005";"24/02/11"
"
";"AUROCO00782";"3";"CARG";"CREDITO";"1,45";"271,14420725";"18970,74470725";"24/02/11"
"
";"AUROCO01707";"0";"DESC";"COM. AGENCIA";"15";"224,1";"1269,9";"24/11/11"
"
";"AUROCO01707";"1";"CARG";"CREDITO";",64";"8,12736";"1278,02736";"24/11/11"
"
";"AUROCO01787";"0";"DESC";"COM. AGENCIA";"15";"427,5";"2422,5";"12/12/11"
"
";"AUROCO01787";"1";"CARG";"CREDITO";",64";"15,504";"2438,004";"12/12/11"
